file name,orbit,exposure,filter,date-obs,time-obs,angle,dither
icdg07p3q_flt.fits,7,1,F125W,2013-10-16,15:53:47,101.0005,1
icdg07p4q_flt.fits,7,1,F125W,2013-10-16,15:54:35,101.0005,1
icdg07p5q_flt.fits,7,1,F125W,2013-10-16,15:55:23,101.0005,1
icdg07p6q_flt.fits,7,1,F125W,2013-10-16,15:56:11,101.0005,1
icdg07p7q_flt.fits,7,2,F160W,2013-10-16,15:57:05,101.0005,2
icdg07p8q_flt.fits,7,2,F160W,2013-10-16,15:57:38,101.0005,2
icdg07p9q_flt.fits,7,2,F160W,2013-10-16,15:58:11,101.0005,2
icdg07paq_flt.fits,7,2,F160W,2013-10-16,15:58:44,101.0005,2
icdg07pbq_flt.fits,7,2,F160W,2013-10-16,15:59:17,101.0005,2
icdg07pcq_flt.fits,7,3,F125W,2013-10-16,16:00:32,101.001,3
icdg07pdq_flt.fits,7,3,F125W,2013-10-16,16:01:20,101.001,3
icdg07peq_flt.fits,7,3,F125W,2013-10-16,16:02:08,101.001,3
icdg07pfq_flt.fits,7,3,F125W,2013-10-16,16:02:56,101.001,3
icdg07pgq_flt.fits,7,4,F160W,2013-10-16,16:03:50,101.001,4
icdg07phq_flt.fits,7,4,F160W,2013-10-16,16:04:23,101.001,4
icdg07piq_flt.fits,7,4,F160W,2013-10-16,16:04:56,101.001,4
icdg07pjq_flt.fits,7,4,F160W,2013-10-16,16:05:29,101.001,4
icdg07pkq_flt.fits,7,4,F160W,2013-10-16,16:06:02,101.001,4
icdg07plq_flt.fits,7,5,F125W,2013-10-16,16:07:18,101.0009,5
icdg07pmq_flt.fits,7,5,F125W,2013-10-16,16:08:06,101.0009,5
icdg07pnq_flt.fits,7,5,F125W,2013-10-16,16:08:54,101.0009,5
icdg07poq_flt.fits,7,5,F125W,2013-10-16,16:09:42,101.0009,5
icdg07ppq_flt.fits,7,6,F160W,2013-10-16,16:10:36,101.0009,6
icdg07pqq_flt.fits,7,6,F160W,2013-10-16,16:11:09,101.0009,6
icdg07prq_flt.fits,7,6,F160W,2013-10-16,16:11:42,101.0009,6
icdg07psq_flt.fits,7,6,F160W,2013-10-16,16:12:15,101.0009,6
icdg07ptq_flt.fits,7,6,F160W,2013-10-16,16:12:48,101.0009,6
icdg07puq_flt.fits,7,7,F125W,2013-10-16,16:14:03,101.0014,7
icdg07pvq_flt.fits,7,7,F125W,2013-10-16,16:14:51,101.0014,7
icdg07pwq_flt.fits,7,7,F125W,2013-10-16,16:15:39,101.0014,7
icdg07pxq_flt.fits,7,7,F125W,2013-10-16,16:16:27,101.0014,7
icdg07pyq_flt.fits,7,8,F160W,2013-10-16,16:17:21,101.0014,8
icdg07pzq_flt.fits,7,8,F160W,2013-10-16,16:17:54,101.0014,8
icdg07q0q_flt.fits,7,8,F160W,2013-10-16,16:18:27,101.0014,8
icdg07q1q_flt.fits,7,8,F160W,2013-10-16,16:19:00,101.0014,8
icdg07q2q_flt.fits,7,8,F160W,2013-10-16,16:19:33,101.0014,8
icdg07q3q_flt.fits,7,9,F125W,2013-10-16,16:20:48,101.0009,9
icdg07q4q_flt.fits,7,9,F125W,2013-10-16,16:21:36,101.0009,9
icdg07q5q_flt.fits,7,9,F125W,2013-10-16,16:22:24,101.0009,9
icdg07q6q_flt.fits,7,9,F125W,2013-10-16,16:23:12,101.0009,9
icdg07q7q_flt.fits,7,10,F160W,2013-10-16,16:24:06,101.0009,10
icdg07q8q_flt.fits,7,10,F160W,2013-10-16,16:24:39,101.0009,10
icdg07q9q_flt.fits,7,10,F160W,2013-10-16,16:25:12,101.0009,10
icdg07qaq_flt.fits,7,10,F160W,2013-10-16,16:25:45,101.0009,10
icdg07qbq_flt.fits,7,10,F160W,2013-10-16,16:26:18,101.0009,10
icdg07qcq_flt.fits,7,11,F125W,2013-10-16,16:27:33,101.0014,11
icdg07qdq_flt.fits,7,11,F125W,2013-10-16,16:28:21,101.0014,11
icdg07qeq_flt.fits,7,11,F125W,2013-10-16,16:29:09,101.0014,11
icdg07qfq_flt.fits,7,11,F125W,2013-10-16,16:29:57,101.0014,11
icdg07qgq_flt.fits,7,12,F160W,2013-10-16,16:30:51,101.0014,12
icdg07qhq_flt.fits,7,12,F160W,2013-10-16,16:31:24,101.0014,12
icdg07qiq_flt.fits,7,12,F160W,2013-10-16,16:31:57,101.0014,12
icdg07qjq_flt.fits,7,12,F160W,2013-10-16,16:32:30,101.0014,12
icdg07qkq_flt.fits,7,12,F160W,2013-10-16,16:33:03,101.0014,12
icdg07qlq_flt.fits,7,13,F125W,2013-10-16,16:33:42,101.0014,13
icdg07qmq_flt.fits,7,13,F125W,2013-10-16,16:34:30,101.0014,13
icdg07qnq_flt.fits,7,13,F125W,2013-10-16,16:35:18,101.0014,13
icdg07qoq_flt.fits,7,13,F125W,2013-10-16,16:36:06,101.0014,13
icdg08qqq_flt.fits,8,13,F125W,2013-10-16,17:29:24,129.0002,1
icdg08qrq_flt.fits,8,13,F125W,2013-10-16,17:30:12,129.0002,1
icdg08qsq_flt.fits,8,13,F125W,2013-10-16,17:31:00,129.0002,1
icdg08qtq_flt.fits,8,13,F125W,2013-10-16,17:31:48,129.0002,1
icdg08quq_flt.fits,8,14,F160W,2013-10-16,17:32:42,129.0002,2
icdg08qvq_flt.fits,8,14,F160W,2013-10-16,17:33:15,129.0002,2
icdg08qwq_flt.fits,8,14,F160W,2013-10-16,17:33:48,129.0002,2
icdg08qxq_flt.fits,8,14,F160W,2013-10-16,17:34:21,129.0002,2
icdg08qyq_flt.fits,8,14,F160W,2013-10-16,17:34:54,129.0002,2
icdg08qzq_flt.fits,8,15,F125W,2013-10-16,17:36:09,129.0008,3
icdg08r0q_flt.fits,8,15,F125W,2013-10-16,17:36:57,129.0008,3
icdg08r1q_flt.fits,8,15,F125W,2013-10-16,17:37:45,129.0008,3
icdg08r2q_flt.fits,8,15,F125W,2013-10-16,17:38:33,129.0008,3
icdg08r3q_flt.fits,8,16,F160W,2013-10-16,17:39:27,129.0008,4
icdg08r4q_flt.fits,8,16,F160W,2013-10-16,17:40:00,129.0008,4
icdg08r5q_flt.fits,8,16,F160W,2013-10-16,17:40:33,129.0008,4
icdg08r6q_flt.fits,8,16,F160W,2013-10-16,17:41:06,129.0008,4
icdg08r7q_flt.fits,8,16,F160W,2013-10-16,17:41:39,129.0008,4
icdg08r8q_flt.fits,8,17,F125W,2013-10-16,17:42:55,129.0003,5
icdg08r9q_flt.fits,8,17,F125W,2013-10-16,17:43:43,129.0003,5
icdg08raq_flt.fits,8,17,F125W,2013-10-16,17:44:31,129.0003,5
icdg08rbq_flt.fits,8,17,F125W,2013-10-16,17:45:19,129.0003,5
icdg08rcq_flt.fits,8,18,F160W,2013-10-16,17:46:13,129.0003,6
icdg08rdq_flt.fits,8,18,F160W,2013-10-16,17:46:46,129.0003,6
icdg08req_flt.fits,8,18,F160W,2013-10-16,17:47:19,129.0003,6
icdg08rfq_flt.fits,8,18,F160W,2013-10-16,17:47:52,129.0003,6
icdg08rgq_flt.fits,8,18,F160W,2013-10-16,17:48:25,129.0003,6
icdg08rhq_flt.fits,8,19,F125W,2013-10-16,17:49:40,129.0009,7
icdg08riq_flt.fits,8,19,F125W,2013-10-16,17:50:28,129.0009,7
icdg08rjq_flt.fits,8,19,F125W,2013-10-16,17:51:16,129.0009,7
icdg08rkq_flt.fits,8,19,F125W,2013-10-16,17:52:04,129.0009,7
icdg08rlq_flt.fits,8,20,F160W,2013-10-16,17:52:58,129.0009,8
icdg08rmq_flt.fits,8,20,F160W,2013-10-16,17:53:31,129.0009,8
icdg08rnq_flt.fits,8,20,F160W,2013-10-16,17:54:04,129.0009,8
icdg08roq_flt.fits,8,20,F160W,2013-10-16,17:54:37,129.0009,8
icdg08rpq_flt.fits,8,20,F160W,2013-10-16,17:55:10,129.0009,8
icdg08rqq_flt.fits,8,21,F125W,2013-10-16,17:56:25,129.0003,9
icdg08rrq_flt.fits,8,21,F125W,2013-10-16,17:57:13,129.0003,9
icdg08rsq_flt.fits,8,21,F125W,2013-10-16,17:58:01,129.0003,9
icdg08rtq_flt.fits,8,21,F125W,2013-10-16,17:58:49,129.0003,9
icdg08ruq_flt.fits,8,22,F160W,2013-10-16,17:59:43,129.0003,10
icdg08rvq_flt.fits,8,22,F160W,2013-10-16,18:00:16,129.0003,10
icdg08rwq_flt.fits,8,22,F160W,2013-10-16,18:00:49,129.0003,10
icdg08rxq_flt.fits,8,22,F160W,2013-10-16,18:01:22,129.0003,10
icdg08ryq_flt.fits,8,22,F160W,2013-10-16,18:01:55,129.0003,10
icdg08rzq_flt.fits,8,23,F125W,2013-10-16,18:03:10,129.0009,11
icdg08s0q_flt.fits,8,23,F125W,2013-10-16,18:03:58,129.0009,11
icdg08s1q_flt.fits,8,23,F125W,2013-10-16,18:04:46,129.0009,11
icdg08s2q_flt.fits,8,23,F125W,2013-10-16,18:05:34,129.0009,11
icdg08s3q_flt.fits,8,24,F160W,2013-10-16,18:06:28,129.0009,12
icdg08s4q_flt.fits,8,24,F160W,2013-10-16,18:07:01,129.0009,12
icdg08s5q_flt.fits,8,24,F160W,2013-10-16,18:07:34,129.0009,12
icdg08s6q_flt.fits,8,24,F160W,2013-10-16,18:08:07,129.0009,12
icdg08s7q_flt.fits,8,24,F160W,2013-10-16,18:08:40,129.0009,12
icdg08s8q_flt.fits,8,25,F125W,2013-10-16,18:09:19,129.0009,13
icdg08s9q_flt.fits,8,25,F125W,2013-10-16,18:10:07,129.0009,13
icdg08saq_flt.fits,8,25,F125W,2013-10-16,18:10:55,129.0009,13
icdg08sbq_flt.fits,8,25,F125W,2013-10-16,18:11:43,129.0009,13
icdg09sdq_flt.fits,9,25,F125W,2013-10-16,19:05:02,101.0005,1
icdg09seq_flt.fits,9,25,F125W,2013-10-16,19:05:50,101.0005,1
icdg09sfq_flt.fits,9,25,F125W,2013-10-16,19:06:38,101.0005,1
icdg09sgq_flt.fits,9,25,F125W,2013-10-16,19:07:26,101.0005,1
icdg09shq_flt.fits,9,26,F160W,2013-10-16,19:08:20,101.0005,2
icdg09siq_flt.fits,9,26,F160W,2013-10-16,19:08:53,101.0005,2
icdg09sjq_flt.fits,9,26,F160W,2013-10-16,19:09:26,101.0005,2
icdg09skq_flt.fits,9,26,F160W,2013-10-16,19:09:59,101.0005,2
icdg09slq_flt.fits,9,26,F160W,2013-10-16,19:10:32,101.0005,2
icdg09smq_flt.fits,9,27,F125W,2013-10-16,19:11:47,101.001,3
icdg09snq_flt.fits,9,27,F125W,2013-10-16,19:12:35,101.001,3
icdg09soq_flt.fits,9,27,F125W,2013-10-16,19:13:23,101.001,3
icdg09spq_flt.fits,9,27,F125W,2013-10-16,19:14:11,101.001,3
icdg09sqq_flt.fits,9,28,F160W,2013-10-16,19:15:05,101.001,4
icdg09srq_flt.fits,9,28,F160W,2013-10-16,19:15:38,101.001,4
icdg09ssq_flt.fits,9,28,F160W,2013-10-16,19:16:11,101.001,4
icdg09stq_flt.fits,9,28,F160W,2013-10-16,19:16:44,101.001,4
icdg09suq_flt.fits,9,28,F160W,2013-10-16,19:17:17,101.001,4
icdg09svq_flt.fits,9,29,F125W,2013-10-16,19:18:33,101.0009,5
icdg09swq_flt.fits,9,29,F125W,2013-10-16,19:19:21,101.0009,5
icdg09sxq_flt.fits,9,29,F125W,2013-10-16,19:20:09,101.0009,5
icdg09syq_flt.fits,9,29,F125W,2013-10-16,19:20:57,101.0009,5
icdg09szq_flt.fits,9,30,F160W,2013-10-16,19:21:51,101.0009,6
icdg09t0q_flt.fits,9,30,F160W,2013-10-16,19:22:24,101.0009,6
icdg09t1q_flt.fits,9,30,F160W,2013-10-16,19:22:57,101.0009,6
icdg09t2q_flt.fits,9,30,F160W,2013-10-16,19:23:30,101.0009,6
icdg09t3q_flt.fits,9,30,F160W,2013-10-16,19:24:03,101.0009,6
icdg09t4q_flt.fits,9,31,F125W,2013-10-16,19:25:18,101.0014,7
icdg09t5q_flt.fits,9,31,F125W,2013-10-16,19:26:06,101.0014,7
icdg09t6q_flt.fits,9,31,F125W,2013-10-16,19:26:54,101.0014,7
icdg09t7q_flt.fits,9,31,F125W,2013-10-16,19:27:42,101.0014,7
icdg09t8q_flt.fits,9,32,F160W,2013-10-16,19:28:36,101.0014,8
icdg09t9q_flt.fits,9,32,F160W,2013-10-16,19:29:09,101.0014,8
icdg09taq_flt.fits,9,32,F160W,2013-10-16,19:29:42,101.0014,8
icdg09tbq_flt.fits,9,32,F160W,2013-10-16,19:30:15,101.0014,8
icdg09tcq_flt.fits,9,32,F160W,2013-10-16,19:30:48,101.0014,8
icdg09tdq_flt.fits,9,33,F125W,2013-10-16,19:32:04,101.0005,9
icdg09teq_flt.fits,9,33,F125W,2013-10-16,19:32:52,101.0005,9
icdg09tfq_flt.fits,9,33,F125W,2013-10-16,19:33:40,101.0005,9
icdg09tgq_flt.fits,9,33,F125W,2013-10-16,19:34:28,101.0005,9
icdg09thq_flt.fits,9,34,F160W,2013-10-16,19:35:22,101.0005,10
icdg09tiq_flt.fits,9,34,F160W,2013-10-16,19:35:55,101.0005,10
icdg09tjq_flt.fits,9,34,F160W,2013-10-16,19:36:28,101.0005,10
icdg09tkq_flt.fits,9,34,F160W,2013-10-16,19:37:01,101.0005,10
icdg09tlq_flt.fits,9,34,F160W,2013-10-16,19:37:34,101.0005,10
icdg09tmq_flt.fits,9,35,F125W,2013-10-16,19:38:49,101.001,11
icdg09tnq_flt.fits,9,35,F125W,2013-10-16,19:39:37,101.001,11
icdg09toq_flt.fits,9,35,F125W,2013-10-16,19:40:25,101.001,11
icdg09tpq_flt.fits,9,35,F125W,2013-10-16,19:41:13,101.001,11
icdg09tqq_flt.fits,9,36,F160W,2013-10-16,19:42:07,101.001,12
icdg09trq_flt.fits,9,36,F160W,2013-10-16,19:42:40,101.001,12
icdg09tsq_flt.fits,9,36,F160W,2013-10-16,19:43:13,101.001,12
icdg09ttq_flt.fits,9,36,F160W,2013-10-16,19:43:46,101.001,12
icdg09tuq_flt.fits,9,36,F160W,2013-10-16,19:44:19,101.001,12
icdg09tvq_flt.fits,9,37,F125W,2013-10-16,19:44:58,101.001,13
icdg09twq_flt.fits,9,37,F125W,2013-10-16,19:45:46,101.001,13
icdg09txq_flt.fits,9,37,F125W,2013-10-16,19:46:34,101.001,13
icdg09tyq_flt.fits,9,37,F125W,2013-10-16,19:47:22,101.001,13
icdg10u0q_flt.fits,10,37,F125W,2013-10-16,20:40:40,129.0002,1
icdg10u1q_flt.fits,10,37,F125W,2013-10-16,20:41:28,129.0002,1
icdg10u2q_flt.fits,10,37,F125W,2013-10-16,20:42:16,129.0002,1
icdg10u3q_flt.fits,10,37,F125W,2013-10-16,20:43:04,129.0002,1
icdg10u4q_flt.fits,10,38,F160W,2013-10-16,20:43:58,129.0002,2
icdg10u5q_flt.fits,10,38,F160W,2013-10-16,20:44:31,129.0002,2
icdg10u6q_flt.fits,10,38,F160W,2013-10-16,20:45:04,129.0002,2
icdg10u7q_flt.fits,10,38,F160W,2013-10-16,20:45:37,129.0002,2
icdg10u8q_flt.fits,10,38,F160W,2013-10-16,20:46:10,129.0002,2
icdg10u9q_flt.fits,10,39,F125W,2013-10-16,20:46:49,129.0002,3
icdg10uaq_flt.fits,10,39,F125W,2013-10-16,20:47:37,129.0002,3
icdg10ubq_flt.fits,10,39,F125W,2013-10-16,20:48:25,129.0002,3
icdg10ucq_flt.fits,10,39,F125W,2013-10-16,20:49:13,129.0002,3
icdg10udq_flt.fits,10,40,F160W,2013-10-16,20:50:07,129.0002,4
icdg10ueq_flt.fits,10,40,F160W,2013-10-16,20:50:40,129.0002,4
icdg10ufq_flt.fits,10,40,F160W,2013-10-16,20:51:13,129.0002,4
icdg10ugq_flt.fits,10,40,F160W,2013-10-16,20:51:46,129.0002,4
icdg10uhq_flt.fits,10,40,F160W,2013-10-16,20:52:19,129.0002,4
icdg10uiq_flt.fits,10,41,F125W,2013-10-16,20:52:58,129.0002,5
icdg10ujq_flt.fits,10,41,F125W,2013-10-16,20:53:46,129.0002,5
icdg10ukq_flt.fits,10,41,F125W,2013-10-16,20:54:34,129.0002,5
icdg10ulq_flt.fits,10,41,F125W,2013-10-16,20:55:22,129.0002,5
icdg10umq_flt.fits,10,42,F160W,2013-10-16,20:56:16,129.0002,6
icdg10unq_flt.fits,10,42,F160W,2013-10-16,20:56:49,129.0002,6
icdg10uoq_flt.fits,10,42,F160W,2013-10-16,20:57:22,129.0002,6
icdg10upq_flt.fits,10,42,F160W,2013-10-16,20:57:55,129.0002,6
icdg10uqq_flt.fits,10,42,F160W,2013-10-16,20:58:28,129.0002,6
icdg10urq_flt.fits,10,43,F125W,2013-10-16,20:59:07,129.0002,7
icdg10usq_flt.fits,10,43,F125W,2013-10-16,20:59:55,129.0002,7
icdg10utq_flt.fits,10,43,F125W,2013-10-16,21:00:43,129.0002,7
icdg10uuq_flt.fits,10,43,F125W,2013-10-16,21:01:31,129.0002,7
icdg10uvq_flt.fits,10,44,F160W,2013-10-16,21:02:25,129.0002,8
icdg10uwq_flt.fits,10,44,F160W,2013-10-16,21:02:58,129.0002,8
icdg10uxq_flt.fits,10,44,F160W,2013-10-16,21:03:31,129.0002,8
icdg10uyq_flt.fits,10,44,F160W,2013-10-16,21:04:04,129.0002,8
icdg10uzq_flt.fits,10,44,F160W,2013-10-16,21:04:37,129.0002,8
icdg10v0q_flt.fits,10,45,F125W,2013-10-16,21:05:16,129.0002,9
icdg10v1q_flt.fits,10,45,F125W,2013-10-16,21:06:04,129.0002,9
icdg10v2q_flt.fits,10,45,F125W,2013-10-16,21:06:52,129.0002,9
icdg10v3q_flt.fits,10,45,F125W,2013-10-16,21:07:40,129.0002,9
icdg10v4q_flt.fits,10,46,F160W,2013-10-16,21:08:34,129.0002,10
icdg10v5q_flt.fits,10,46,F160W,2013-10-16,21:09:07,129.0002,10
icdg10v6q_flt.fits,10,46,F160W,2013-10-16,21:09:40,129.0002,10
icdg10v7q_flt.fits,10,46,F160W,2013-10-16,21:10:13,129.0002,10
icdg10v8q_flt.fits,10,46,F160W,2013-10-16,21:10:46,129.0002,10
icdg10v9q_flt.fits,10,47,F125W,2013-10-16,21:11:25,129.0002,11
icdg10vaq_flt.fits,10,47,F125W,2013-10-16,21:12:13,129.0002,11
icdg10vbq_flt.fits,10,47,F125W,2013-10-16,21:13:01,129.0002,11
icdg10vcq_flt.fits,10,47,F125W,2013-10-16,21:13:49,129.0002,11
icdg10vdq_flt.fits,10,48,F160W,2013-10-16,21:14:43,129.0002,12
icdg10veq_flt.fits,10,48,F160W,2013-10-16,21:15:16,129.0002,12
icdg10vfq_flt.fits,10,48,F160W,2013-10-16,21:15:49,129.0002,12
icdg10vgq_flt.fits,10,48,F160W,2013-10-16,21:16:22,129.0002,12
icdg10vhq_flt.fits,10,48,F160W,2013-10-16,21:16:55,129.0002,12
icdg10viq_flt.fits,10,49,F125W,2013-10-16,21:17:34,129.0002,13
icdg10vjq_flt.fits,10,49,F125W,2013-10-16,21:18:22,129.0002,13
icdg10vkq_flt.fits,10,49,F125W,2013-10-16,21:19:10,129.0002,13
icdg10vlq_flt.fits,10,49,F125W,2013-10-16,21:19:58,129.0002,13
icdg11vnq_flt.fits,11,49,F125W,2013-10-16,22:16:17,101.0005,1
icdg11voq_flt.fits,11,49,F125W,2013-10-16,22:17:05,101.0005,1
icdg11vpq_flt.fits,11,49,F125W,2013-10-16,22:17:53,101.0005,1
icdg11vqq_flt.fits,11,49,F125W,2013-10-16,22:18:41,101.0005,1
icdg11vrq_flt.fits,11,50,F160W,2013-10-16,22:19:35,101.0005,2
icdg11vsq_flt.fits,11,50,F160W,2013-10-16,22:20:08,101.0005,2
icdg11vtq_flt.fits,11,50,F160W,2013-10-16,22:20:41,101.0005,2
icdg11vuq_flt.fits,11,50,F160W,2013-10-16,22:21:14,101.0005,2
icdg11vvq_flt.fits,11,50,F160W,2013-10-16,22:21:47,101.0005,2
icdg11vwq_flt.fits,11,51,F125W,2013-10-16,22:22:26,101.0005,3
icdg11vxq_flt.fits,11,51,F125W,2013-10-16,22:23:14,101.0005,3
icdg11vyq_flt.fits,11,51,F125W,2013-10-16,22:24:02,101.0005,3
icdg11vzq_flt.fits,11,51,F125W,2013-10-16,22:24:50,101.0005,3
icdg11w0q_flt.fits,11,52,F160W,2013-10-16,22:25:44,101.0005,4
icdg11w1q_flt.fits,11,52,F160W,2013-10-16,22:26:17,101.0005,4
icdg11w2q_flt.fits,11,52,F160W,2013-10-16,22:26:50,101.0005,4
icdg11w3q_flt.fits,11,52,F160W,2013-10-16,22:27:23,101.0005,4
icdg11w4q_flt.fits,11,52,F160W,2013-10-16,22:27:56,101.0005,4
icdg11w5q_flt.fits,11,53,F125W,2013-10-16,22:28:35,101.0005,5
icdg11w6q_flt.fits,11,53,F125W,2013-10-16,22:29:23,101.0005,5
icdg11w7q_flt.fits,11,53,F125W,2013-10-16,22:30:11,101.0005,5
icdg11w8q_flt.fits,11,53,F125W,2013-10-16,22:30:59,101.0005,5
icdg11w9q_flt.fits,11,54,F160W,2013-10-16,22:31:53,101.0005,6
icdg11waq_flt.fits,11,54,F160W,2013-10-16,22:32:26,101.0005,6
icdg11wbq_flt.fits,11,54,F160W,2013-10-16,22:32:59,101.0005,6
icdg11wcq_flt.fits,11,54,F160W,2013-10-16,22:33:32,101.0005,6
icdg11wdq_flt.fits,11,54,F160W,2013-10-16,22:34:05,101.0005,6
icdg11weq_flt.fits,11,55,F125W,2013-10-16,22:34:44,101.0005,7
icdg11wfq_flt.fits,11,55,F125W,2013-10-16,22:35:32,101.0005,7
icdg11wgq_flt.fits,11,55,F125W,2013-10-16,22:36:20,101.0005,7
icdg11whq_flt.fits,11,55,F125W,2013-10-16,22:37:08,101.0005,7
icdg11wiq_flt.fits,11,56,F160W,2013-10-16,22:38:02,101.0005,8
icdg11wjq_flt.fits,11,56,F160W,2013-10-16,22:38:35,101.0005,8
icdg11wkq_flt.fits,11,56,F160W,2013-10-16,22:39:08,101.0005,8
icdg11wlq_flt.fits,11,56,F160W,2013-10-16,22:39:41,101.0005,8
icdg11wmq_flt.fits,11,56,F160W,2013-10-16,22:40:14,101.0005,8
icdg11wnq_flt.fits,11,57,F125W,2013-10-16,22:40:53,101.0005,9
icdg11woq_flt.fits,11,57,F125W,2013-10-16,22:41:41,101.0005,9
icdg11wpq_flt.fits,11,57,F125W,2013-10-16,22:42:29,101.0005,9
icdg11wqq_flt.fits,11,57,F125W,2013-10-16,22:43:17,101.0005,9
icdg11wrq_flt.fits,11,58,F160W,2013-10-16,22:44:11,101.0005,10
icdg11wsq_flt.fits,11,58,F160W,2013-10-16,22:44:44,101.0005,10
icdg11wtq_flt.fits,11,58,F160W,2013-10-16,22:45:17,101.0005,10
icdg11wuq_flt.fits,11,58,F160W,2013-10-16,22:45:50,101.0005,10
icdg11wvq_flt.fits,11,58,F160W,2013-10-16,22:46:23,101.0005,10
icdg11wwq_flt.fits,11,59,F125W,2013-10-16,22:47:02,101.0005,11
icdg11wxq_flt.fits,11,59,F125W,2013-10-16,22:47:50,101.0005,11
icdg11wyq_flt.fits,11,59,F125W,2013-10-16,22:48:38,101.0005,11
icdg11wzq_flt.fits,11,59,F125W,2013-10-16,22:49:26,101.0005,11
icdg11x0q_flt.fits,11,60,F160W,2013-10-16,22:50:20,101.0005,12
icdg11x1q_flt.fits,11,60,F160W,2013-10-16,22:50:53,101.0005,12
icdg11x2q_flt.fits,11,60,F160W,2013-10-16,22:51:26,101.0005,12
icdg11x3q_flt.fits,11,60,F160W,2013-10-16,22:51:59,101.0005,12
icdg11x4q_flt.fits,11,60,F160W,2013-10-16,22:52:32,101.0005,12
icdg11x5q_flt.fits,11,61,F125W,2013-10-16,22:53:11,101.0005,13
icdg11x6q_flt.fits,11,61,F125W,2013-10-16,22:53:59,101.0005,13
icdg11x7q_flt.fits,11,61,F125W,2013-10-16,22:54:47,101.0005,13
icdg11x8q_flt.fits,11,61,F125W,2013-10-16,22:55:35,101.0005,13
icdg12xaq_flt.fits,12,61,F125W,2013-10-16,23:51:55,129.0002,1
icdg12xbq_flt.fits,12,61,F125W,2013-10-16,23:52:43,129.0002,1
icdg12xcq_flt.fits,12,61,F125W,2013-10-16,23:53:31,129.0002,1
icdg12xdq_flt.fits,12,61,F125W,2013-10-16,23:54:19,129.0002,1
icdg12xeq_flt.fits,12,62,F160W,2013-10-16,23:55:13,129.0002,2
icdg12xfq_flt.fits,12,62,F160W,2013-10-16,23:55:46,129.0002,2
icdg12xgq_flt.fits,12,62,F160W,2013-10-16,23:56:19,129.0002,2
icdg12xhq_flt.fits,12,62,F160W,2013-10-16,23:56:52,129.0002,2
icdg12xiq_flt.fits,12,62,F160W,2013-10-16,23:57:25,129.0002,2
icdg12xjq_flt.fits,12,63,F125W,2013-10-16,23:58:04,129.0002,3
icdg12xkq_flt.fits,12,63,F125W,2013-10-16,23:58:52,129.0002,3
icdg12xlq_flt.fits,12,63,F125W,2013-10-16,23:59:40,129.0002,3
icdg12xmq_flt.fits,12,63,F125W,2013-10-17,00:00:28,129.0002,3
icdg12xnq_flt.fits,12,64,F160W,2013-10-17,00:01:22,129.0002,4
icdg12xoq_flt.fits,12,64,F160W,2013-10-17,00:01:55,129.0002,4
icdg12xpq_flt.fits,12,64,F160W,2013-10-17,00:02:28,129.0002,4
icdg12xqq_flt.fits,12,64,F160W,2013-10-17,00:03:01,129.0002,4
icdg12xrq_flt.fits,12,64,F160W,2013-10-17,00:03:34,129.0002,4
icdg12xsq_flt.fits,12,65,F125W,2013-10-17,00:04:13,129.0002,5
icdg12xtq_flt.fits,12,65,F125W,2013-10-17,00:05:01,129.0002,5
icdg12xuq_flt.fits,12,65,F125W,2013-10-17,00:05:49,129.0002,5
icdg12xvq_flt.fits,12,65,F125W,2013-10-17,00:06:37,129.0002,5
icdg12xwq_flt.fits,12,66,F160W,2013-10-17,00:07:31,129.0002,6
icdg12xxq_flt.fits,12,66,F160W,2013-10-17,00:08:04,129.0002,6
icdg12xyq_flt.fits,12,66,F160W,2013-10-17,00:08:37,129.0002,6
icdg12xzq_flt.fits,12,66,F160W,2013-10-17,00:09:10,129.0002,6
icdg12y0q_flt.fits,12,66,F160W,2013-10-17,00:09:43,129.0002,6
icdg12y1q_flt.fits,12,67,F125W,2013-10-17,00:10:22,129.0002,7
icdg12y2q_flt.fits,12,67,F125W,2013-10-17,00:11:10,129.0002,7
icdg12y3q_flt.fits,12,67,F125W,2013-10-17,00:11:58,129.0002,7
icdg12y4q_flt.fits,12,67,F125W,2013-10-17,00:12:46,129.0002,7
icdg12y5q_flt.fits,12,68,F160W,2013-10-17,00:13:40,129.0002,8
icdg12y6q_flt.fits,12,68,F160W,2013-10-17,00:14:13,129.0002,8
icdg12y7q_flt.fits,12,68,F160W,2013-10-17,00:14:46,129.0002,8
icdg12y8q_flt.fits,12,68,F160W,2013-10-17,00:15:19,129.0002,8
icdg12y9q_flt.fits,12,68,F160W,2013-10-17,00:15:52,129.0002,8
icdg12yaq_flt.fits,12,69,F125W,2013-10-17,00:16:31,129.0002,9
icdg12ybq_flt.fits,12,69,F125W,2013-10-17,00:17:19,129.0002,9
icdg12ycq_flt.fits,12,69,F125W,2013-10-17,00:18:07,129.0002,9
icdg12ydq_flt.fits,12,69,F125W,2013-10-17,00:18:55,129.0002,9
icdg12yeq_flt.fits,12,70,F160W,2013-10-17,00:19:49,129.0002,10
icdg12yfq_flt.fits,12,70,F160W,2013-10-17,00:20:22,129.0002,10
icdg12ygq_flt.fits,12,70,F160W,2013-10-17,00:20:55,129.0002,10
icdg12yhq_flt.fits,12,70,F160W,2013-10-17,00:21:28,129.0002,10
icdg12yiq_flt.fits,12,70,F160W,2013-10-17,00:22:01,129.0002,10
icdg12yjq_flt.fits,12,71,F125W,2013-10-17,00:22:40,129.0002,11
icdg12ykq_flt.fits,12,71,F125W,2013-10-17,00:23:28,129.0002,11
icdg12ylq_flt.fits,12,71,F125W,2013-10-17,00:24:16,129.0002,11
icdg12ymq_flt.fits,12,71,F125W,2013-10-17,00:25:04,129.0002,11
icdg12ynq_flt.fits,12,72,F160W,2013-10-17,00:25:58,129.0002,12
icdg12yoq_flt.fits,12,72,F160W,2013-10-17,00:26:31,129.0002,12
icdg12ypq_flt.fits,12,72,F160W,2013-10-17,00:27:04,129.0002,12
icdg12yqq_flt.fits,12,72,F160W,2013-10-17,00:27:37,129.0002,12
icdg12yrq_flt.fits,12,72,F160W,2013-10-17,00:28:10,129.0002,12
icdg12ysq_flt.fits,12,73,F125W,2013-10-17,00:28:49,129.0002,13
icdg12ytq_flt.fits,12,73,F125W,2013-10-17,00:29:37,129.0002,13
icdg12yuq_flt.fits,12,73,F125W,2013-10-17,00:30:25,129.0002,13
icdg12yvq_flt.fits,12,73,F125W,2013-10-17,00:31:13,129.0002,13
