FILENAME,FILTER,ORBIT,POSANG,DITHER,EXPOSURE_SET,OBS_DATE,OBS_TIME,EXPOSURE_TIME,XOFF,YOFF,XCENTER,YCENTER,PSF_ID,PSF_AMPLITUTE,SKY_LEVEL,SKY_SIGMA,FLUX,FLUXERR,XFWHM,YFWHM,CONTAMINATED
icdg07p3q_noramp.fits,F125W,7,101.0,0,0,2013-10-16,15:53:47,29.663755,0.0,0.0,94.78494262695312,208.07188415527344,96.0,0.9964268803596497,-0.24296268820762634,1.8267436027526855,7730.39990234375,23.70901870727539,1.355281949043274,1.3665519952774048,0.0
icdg07p4q_noramp.fits,F125W,7,101.0,0,0,2013-10-16,15:54:35,29.663755,0.00420379638671875,-0.0383453369140625,94.77788543701172,208.077392578125,96.0,0.999528706073761,-0.19191627204418182,1.826851725578308,7772.0927734375,23.745004653930664,1.356197476387024,1.3636881113052368,0.0
icdg07p5q_noramp.fits,F125W,7,101.0,0,0,2013-10-16,15:55:23,29.663755,-0.0057373046875,-0.0059814453125,94.77921295166016,208.07586669921875,96.0,1.001479148864746,-0.24393382668495178,1.821960687637329,7796.88427734375,22.64793586730957,1.3526452779769897,1.3630528450012207,0.0
icdg07p6q_noramp.fits,F125W,7,101.0,0,0,2013-10-16,15:56:11,29.663755,-0.0041961669921875,-0.0323944091796875,94.77796173095703,208.07748413085938,96.0,1.0033864974975586,-0.24395741522312164,1.8025494813919067,7809.1513671875,24.85016441345215,1.3622627258300781,1.3734071254730225,0.0
icdg07p7q_noramp.fits,F160W,7,101.0,0,1,2013-10-16,15:57:05,14.970785,0.0,0.0,94.66352844238281,208.21945190429688,99.0,1.0056289434432983,-0.2166505753993988,2.4250786304473877,8007.9521484375,30.495399475097656,1.6088672876358032,1.5100359916687012,0.0
icdg07p8q_noramp.fits,F160W,7,101.0,0,1,2013-10-16,15:57:38,14.970785,-0.002227783203125,0.00160980224609375,94.66170501708984,208.2164306640625,99.0,1.0049870014190674,-0.2291821539402008,2.418905735015869,8068.9521484375,30.58287811279297,1.6186859607696533,1.512232780456543,0.0
icdg07p9q_noramp.fits,F160W,7,101.0,0,1,2013-10-16,15:58:11,14.970785,0.00696563720703125,0.00481414794921875,94.65333557128906,208.22227478027344,99.0,1.006737232208252,-0.26573729515075684,2.4256439208984375,8000.40576171875,30.486244201660156,1.6200400590896606,1.5186067819595337,0.0
icdg07paq_noramp.fits,F160W,7,101.0,0,1,2013-10-16,15:58:44,14.970785,0.00862884521484375,-0.007293701171875,94.6517562866211,208.22491455078125,99.0,1.0063029527664185,-0.24694055318832397,2.4467613697052,8010.01318359375,30.51873016357422,1.6392836570739746,1.5241460800170898,0.0
icdg07pbq_noramp.fits,F160W,7,101.0,0,1,2013-10-16,15:59:17,14.970785,-0.0067291259765625,0.00621795654296875,94.65882110595703,208.22264099121094,99.0,1.0092060565948486,-0.2871730923652649,2.436220645904541,7949.13330078125,30.434762954711914,1.6244816780090332,1.526576280593872,0.0
icdg07pcq_noramp.fits,F125W,7,101.0,1,2,2013-10-16,16:00:32,29.663755,10.106796264648438,-0.0346527099609375,104.88148498535156,208.04571533203125,70.0,1.0107126235961914,-0.3152458369731903,1.710144281387329,7702.80126953125,24.900135040283203,1.2795863151550293,1.3242586851119995,1.0
icdg07pdq_noramp.fits,F125W,7,101.0,1,2,2013-10-16,16:01:20,29.663755,10.094352722167969,-0.0240936279296875,104.8831558227539,208.05043029785156,113.0,1.0064570903778076,-0.2742546498775482,1.7738385200500488,7721.69189453125,25.125072479248047,1.2749978303909302,1.3228894472122192,1.0
icdg07peq_noramp.fits,F125W,7,101.0,1,2,2013-10-16,16:02:08,29.663755,10.106903076171875,-0.0226593017578125,104.88349914550781,208.0543670654297,70.0,1.0148038864135742,-0.3020431399345398,1.6709049940109253,7785.31884765625,25.02200698852539,1.2773942947387695,1.3255587816238403,1.0
icdg07pfq_noramp.fits,F125W,7,101.0,1,2,2013-10-16,16:02:56,29.663755,10.1011962890625,-0.037261962890625,104.88505554199219,208.05169677734375,96.0,1.0144388675689697,-0.3519600033760071,1.7599250078201294,7755.38720703125,25.98857307434082,1.2947670221328735,1.3491244316101074,1.0
icdg07pgq_noramp.fits,F160W,7,101.0,1,3,2013-10-16,16:03:50,14.970785,10.133110046386719,0.0007781982421875,104.79322814941406,208.196533203125,101.0,1.009758472442627,-0.2725224494934082,2.3951613903045654,7965.68212890625,33.33365249633789,1.4136296510696411,1.4515101909637451,1.0
icdg07phq_noramp.fits,F160W,7,101.0,1,3,2013-10-16,16:04:23,14.970785,10.128959655761719,0.00598907470703125,104.79429626464844,208.1942901611328,99.0,1.0113979578018188,-0.27073904871940613,2.3498458862304688,7957.4599609375,31.105121612548828,1.4284064769744873,1.4639737606048584,1.0
icdg07piq_noramp.fits,F160W,7,101.0,1,3,2013-10-16,16:04:56,14.970785,10.127540588378906,0.0062408447265625,104.79676055908203,208.1957550048828,99.0,1.0113334655761719,-0.24757243692874908,2.335900068283081,7931.68017578125,31.065731048583984,1.4213706254959106,1.4573287963867188,1.0
icdg07pjq_noramp.fits,F160W,7,101.0,1,3,2013-10-16,16:05:29,14.970785,10.1434326171875,0.0123291015625,104.7991943359375,208.19342041015625,101.0,1.0114766359329224,-0.3177599012851715,2.336784839630127,8018.8388671875,31.217655181884766,1.418348789215088,1.457673192024231,1.0
icdg07pkq_noramp.fits,F160W,7,101.0,1,3,2013-10-16,16:06:02,14.970785,10.141036987304688,0.012451171875,104.79785919189453,208.2005615234375,99.0,1.0167776346206665,-0.32436439394950867,2.3510665893554688,7924.0078125,31.116321563720703,1.4086374044418335,1.456199049949646,1.0
icdg07plq_noramp.fits,F125W,7,101.0,2,4,2013-10-16,16:07:18,29.663755,0.02190399169921875,11.270256042480469,94.79489135742188,219.34193420410156,70.0,0.9888724684715271,-0.011495489627122879,1.875018835067749,7676.744140625,22.23579978942871,1.4270180463790894,1.7005317211151123,0.0
icdg07pmq_noramp.fits,F125W,7,101.0,2,4,2013-10-16,16:08:06,29.663755,0.0111236572265625,11.258377075195312,94.78901672363281,219.3224334716797,70.0,0.9932234883308411,-0.02456522546708584,1.8655370473861694,7694.51806640625,20.708494186401367,1.423408031463623,1.672267198562622,0.0
icdg07pnq_noramp.fits,F125W,7,101.0,2,4,2013-10-16,16:08:54,29.663755,-0.005523681640625,11.263229370117188,94.78888702392578,219.32374572753906,70.0,0.9966221451759338,-0.03887880593538284,1.8805235624313354,7734.21533203125,21.18126678466797,1.4215320348739624,1.6739997863769531,0.0
icdg07poq_noramp.fits,F125W,7,101.0,2,4,2013-10-16,16:09:42,29.663755,0.04601287841796875,11.244125366210938,94.78794860839844,219.31878662109375,69.0,0.9974391460418701,-0.02002934366464615,1.8585351705551147,7683.62939453125,21.47833251953125,1.4245684146881104,1.6690269708633423,0.0
icdg07ppq_noramp.fits,F160W,7,101.0,2,5,2013-10-16,16:10:36,14.970785,0.0686492919921875,11.244049072265625,94.67279815673828,219.5471954345703,73.0,0.9855866432189941,0.024872247129678726,2.5580129623413086,7947.91064453125,29.862642288208008,1.6643401384353638,1.8114230632781982,0.0
icdg07pqq_noramp.fits,F160W,7,101.0,2,5,2013-10-16,16:11:09,14.970785,0.0554656982421875,11.241104125976562,94.67866516113281,219.5673370361328,73.0,0.9904047846794128,-0.05919404700398445,2.557896137237549,7908.19580078125,29.828157424926758,1.6403512954711914,1.8106048107147217,0.0
icdg07prq_noramp.fits,F160W,7,101.0,2,5,2013-10-16,16:11:42,14.970785,0.05059814453125,11.241462707519531,94.68378448486328,219.5686492919922,73.0,0.9900351762771606,-0.030804364010691643,2.5800578594207764,7964.60302734375,29.915512084960938,1.6352192163467407,1.8002432584762573,0.0
icdg07psq_noramp.fits,F160W,7,101.0,2,5,2013-10-16,16:12:15,14.970785,0.0610504150390625,11.24151611328125,94.69123077392578,219.54969787597656,73.0,0.9873871207237244,-0.15999306738376617,2.5867865085601807,7932.6826171875,29.85367774963379,1.6239409446716309,1.8149113655090332,0.0
icdg07ptq_noramp.fits,F160W,7,101.0,2,5,2013-10-16,16:12:48,14.970785,0.04874420166015625,11.261695861816406,94.66891479492188,219.5916748046875,71.0,0.9919441938400269,-0.03219969943165779,2.6212432384490967,7940.16455078125,31.418821334838867,1.6518309116363525,1.7978957891464233,0.0
icdg07puq_noramp.fits,F125W,7,101.0,3,6,2013-10-16,16:14:03,29.663755,10.12689208984375,11.234001159667969,104.87750244140625,219.3107147216797,69.0,1.0014187097549438,-0.10378110408782959,1.7211112976074219,7728.89990234375,21.85015296936035,1.3561711311340332,1.6067609786987305,1.0
icdg07pvq_noramp.fits,F125W,7,101.0,3,6,2013-10-16,16:14:51,29.663755,10.1304931640625,11.2208251953125,104.8855209350586,219.28778076171875,69.0,1.0034167766571045,-0.12350985407829285,1.6872972249984741,7718.638671875,21.93994140625,1.351912498474121,1.5661710500717163,1.0
icdg07pwq_noramp.fits,F125W,7,101.0,3,6,2013-10-16,16:15:39,29.663755,10.118453979492188,11.2371826171875,104.88924407958984,219.28762817382812,70.0,1.0065587759017944,-0.19960889220237732,1.7209264039993286,7750.35546875,22.19770622253418,1.3480144739151,1.5620206594467163,1.0
icdg07pxq_noramp.fits,F125W,7,101.0,3,6,2013-10-16,16:16:27,29.663755,10.136024475097656,11.232269287109375,104.89156341552734,219.28819274902344,69.0,1.004600167274475,-0.09647846966981888,1.6961623430252075,7742.62109375,22.187612533569336,1.3462823629379272,1.5603454113006592,1.0
icdg07pyq_noramp.fits,F160W,7,101.0,3,7,2013-10-16,16:17:21,14.970785,10.195693969726562,11.230842590332031,104.81781768798828,219.53822326660156,71.0,1.006179690361023,-0.19143058359622955,2.549031972885132,7910.70068359375,30.132831573486328,1.4415351152420044,1.748687982559204,1.0
icdg07pzq_noramp.fits,F160W,7,101.0,3,7,2013-10-16,16:17:54,14.970785,10.184951782226562,11.227890014648438,104.81424713134766,219.53758239746094,73.0,1.0056707859039307,-0.1904277354478836,2.5010852813720703,7942.0693359375,30.080772399902344,1.4462029933929443,1.7489567995071411,1.0
icdg07q0q_noramp.fits,F160W,7,101.0,3,7,2013-10-16,16:18:27,14.970785,10.185317993164062,11.228866577148438,104.81729125976562,219.537353515625,73.0,1.003996729850769,-0.12650436162948608,2.540778160095215,7898.23193359375,30.028865814208984,1.4457178115844727,1.7462090253829956,1.0
icdg07q1q_noramp.fits,F160W,7,101.0,3,7,2013-10-16,16:19:00,14.970785,10.202651977539062,11.233863830566406,104.82357788085938,219.5301055908203,71.0,1.0083484649658203,-0.18287937343120575,2.497965097427368,7946.72998046875,30.150203704833984,1.4378199577331543,1.7458945512771606,1.0
icdg07q2q_noramp.fits,F160W,7,101.0,3,7,2013-10-16,16:19:33,14.970785,10.174064636230469,11.267166137695312,104.82302856445312,219.54066467285156,73.0,1.0011632442474365,-0.1378035694360733,2.5661115646362305,7960.3447265625,30.127931594848633,1.4443258047103882,1.7493131160736084,1.0
icdg07q3q_noramp.fits,F125W,7,101.0,2,8,2013-10-16,16:20:48,29.663755,0.064697265625,11.250617980957031,94.8187484741211,219.33621215820312,70.0,0.9970192313194275,-0.06869961321353912,1.8548495769500732,7714.89697265625,20.909162521362305,1.408756136894226,1.6709059476852417,0.0
icdg07q4q_noramp.fits,F125W,7,101.0,2,8,2013-10-16,16:21:36,29.663755,0.090850830078125,11.272346496582031,94.82152557373047,219.34364318847656,70.0,0.9997796416282654,0.004807676188647747,1.9010119438171387,7709.9599609375,20.85323715209961,1.4048529863357544,1.6771880388259888,0.0
icdg07q5q_noramp.fits,F125W,7,101.0,2,8,2013-10-16,16:22:24,29.663755,0.02182769775390625,11.286140441894531,94.83558654785156,219.3793182373047,70.0,0.9971004724502563,0.03744158148765564,1.917204737663269,7733.1640625,21.794153213500977,1.393654465675354,1.7167057991027832,0.0
icdg07q6q_noramp.fits,F125W,7,101.0,2,8,2013-10-16,16:23:12,29.663755,0.08301544189453125,11.249977111816406,94.82144165039062,219.33644104003906,69.0,0.9958691000938416,0.019038330763578415,1.9136321544647217,7719.02197265625,21.395029067993164,1.4064377546310425,1.665581464767456,0.0
icdg07q7q_noramp.fits,F160W,7,101.0,2,9,2013-10-16,16:24:06,14.970785,0.1260833740234375,11.240737915039062,94.72721862792969,219.5844268798828,71.0,0.9963329434394836,-0.055431775748729706,2.544980049133301,7954.912109375,30.881614685058594,1.5810641050338745,1.7854199409484863,0.0
icdg07q8q_noramp.fits,F160W,7,101.0,2,9,2013-10-16,16:24:39,14.970785,0.105316162109375,11.27276611328125,94.72107696533203,219.58978271484375,73.0,0.9966436624526978,-0.06693311780691147,2.5590271949768066,7962.80859375,32.488746643066406,1.5872995853424072,1.7719401121139526,0.0
icdg07q9q_noramp.fits,F160W,7,101.0,2,9,2013-10-16,16:25:12,14.970785,0.10840606689453125,11.272377014160156,94.71160125732422,219.56504821777344,73.0,0.9902552366256714,-0.1139676421880722,2.561729907989502,7959.2744140625,32.49137496948242,1.6082067489624023,1.7952005863189697,0.0
icdg07qaq_noramp.fits,F160W,7,101.0,2,9,2013-10-16,16:25:45,14.970785,0.107452392578125,11.30694580078125,94.72510528564453,219.58892822265625,73.0,1.0008716583251953,-0.1441461741924286,2.5782415866851807,8006.322265625,32.57424545288086,1.5709468126296997,1.7658268213272095,0.0
icdg07qbq_noramp.fits,F160W,7,101.0,2,9,2013-10-16,16:26:18,14.970785,0.1076507568359375,11.273536682128906,94.71825408935547,219.58001708984375,73.0,0.9947142004966736,-0.07167600840330124,2.5760250091552734,7969.88720703125,30.872278213500977,1.590062141418457,1.7735004425048828,0.0
icdg07qcq_noramp.fits,F125W,7,101.0,3,10,2013-10-16,16:27:33,29.663755,10.161247253417969,11.25152587890625,104.92120361328125,219.3094940185547,70.0,1.012602686882019,-0.18373949825763702,1.7209635972976685,7714.43701171875,22.252744674682617,1.3468297719955444,1.583266019821167,1.0
icdg07qdq_noramp.fits,F125W,7,101.0,3,10,2013-10-16,16:28:21,29.663755,10.146804809570312,11.251632690429688,104.91271209716797,219.30899047851562,70.0,1.0113072395324707,-0.17020486295223236,1.7312854528427124,7730.18359375,22.15989875793457,1.3460758924484253,1.5847984552383423,1.0
icdg07qeq_noramp.fits,F125W,7,101.0,3,10,2013-10-16,16:29:09,29.663755,10.198471069335938,11.272964477539062,104.92105102539062,219.31329345703125,70.0,1.0161057710647583,-0.19679337739944458,1.7386665344238281,7739.57470703125,22.427095413208008,1.343617558479309,1.579016089439392,1.0
icdg07qfq_noramp.fits,F125W,7,101.0,3,10,2013-10-16,16:29:57,29.663755,10.174476623535156,11.248870849609375,104.9209976196289,219.30625915527344,69.0,1.0112097263336182,-0.08983823657035828,1.6952344179153442,7740.212890625,21.917835235595703,1.3439162969589233,1.5740129947662354,1.0
icdg07qgq_noramp.fits,F160W,7,101.0,3,11,2013-10-16,16:30:51,14.970785,10.233612060546875,11.275550842285156,104.83940124511719,219.5502471923828,71.0,1.0117218494415283,-0.1685824692249298,2.544144868850708,7913.36328125,31.775806427001953,1.4240379333496094,1.7367160320281982,1.0
icdg07qhq_noramp.fits,F160W,7,101.0,3,11,2013-10-16,16:31:24,14.970785,10.221717834472656,11.276618957519531,104.84754943847656,219.5625457763672,73.0,1.008926272392273,-0.195525124669075,2.5328054428100586,7948.7548828125,30.12824058532715,1.4197111129760742,1.7314846515655518,1.0
icdg07qiq_noramp.fits,F160W,7,101.0,3,11,2013-10-16,16:31:57,14.970785,10.226913452148438,11.28497314453125,104.8452377319336,219.55943298339844,73.0,1.0118727684020996,-0.21122244000434875,2.494119167327881,7950.697265625,30.121734619140625,1.421367883682251,1.7252638339996338,1.0
icdg07qjq_noramp.fits,F160W,7,101.0,3,11,2013-10-16,16:32:30,14.970785,10.223136901855469,11.277000427246094,104.84754943847656,219.55880737304688,73.0,1.0113519430160522,-0.1833503097295761,2.5618367195129395,7956.423828125,30.157264709472656,1.4207614660263062,1.7231359481811523,1.0
icdg07qkq_noramp.fits,F160W,7,101.0,3,11,2013-10-16,16:33:03,14.970785,10.230255126953125,11.240386962890625,104.84819030761719,219.55160522460938,73.0,1.0108723640441895,-0.22526368498802185,2.5047695636749268,7962.67578125,30.159408569335938,1.4202189445495605,1.7324120998382568,1.0
icdg07qlq_noramp.fits,F125W,7,101.0,3,12,2013-10-16,16:33:42,29.663755,10.163803100585938,11.249588012695312,104.92800903320312,219.31338500976562,70.0,1.0144401788711548,-0.15114207565784454,1.7133625745773315,7773.37841796875,22.160709381103516,1.3516650199890137,1.5854490995407104,1.0
icdg07qmq_noramp.fits,F125W,7,101.0,3,12,2013-10-16,16:34:30,29.663755,10.162994384765625,11.25384521484375,104.92900848388672,219.31350708007812,70.0,1.0146132707595825,-0.14691351354122162,1.7277979850769043,7761.78857421875,21.778141021728516,1.349239468574524,1.586002230644226,1.0
icdg07qnq_noramp.fits,F125W,7,101.0,3,12,2013-10-16,16:35:18,29.663755,10.214286804199219,11.273811340332031,104.92948913574219,219.31832885742188,70.0,1.0174829959869385,-0.1544255018234253,1.7426459789276123,7768.50830078125,21.816749572753906,1.346564531326294,1.5925053358078003,1.0
icdg07qoq_noramp.fits,F125W,7,101.0,3,12,2013-10-16,16:36:06,29.663755,10.197052001953125,11.269020080566406,104.9280014038086,219.30967712402344,70.0,1.0196171998977661,-0.13350601494312286,1.7526999711990356,7773.484375,22.00506591796875,1.3468677997589111,1.584161639213562,1.0
icdg08qqq_noramp.fits,F125W,8,129.0,0,0,2013-10-16,17:29:24,29.663755,15.944564819335938,8.271263122558594,129.18238830566406,222.11517333984375,134.0,0.9950780272483826,-0.010305053554475307,1.6565861701965332,7693.927734375,23.009014129638672,1.456287145614624,1.4237598180770874,0.0
icdg08qrq_noramp.fits,F125W,8,129.0,0,0,2013-10-16,17:30:12,29.663755,15.937576293945312,8.272842407226562,129.1793670654297,222.1160430908203,134.0,0.9971633553504944,-0.013177755288779736,1.6823711395263672,7865.9453125,23.223651885986328,1.4534584283828735,1.4169955253601074,0.0
icdg08qsq_noramp.fits,F125W,8,129.0,0,0,2013-10-16,17:31:00,29.663755,15.941078186035156,8.267021179199219,129.177001953125,222.1160125732422,18.0,1.006980299949646,0.021291790530085564,1.7177155017852783,7763.6875,24.03765869140625,1.447062373161316,1.4266505241394043,0.0
icdg08qtq_noramp.fits,F125W,8,129.0,0,0,2013-10-16,17:31:48,29.663755,15.934112548828125,8.2718505859375,129.1658477783203,222.1135711669922,134.0,0.9990066289901733,-0.04734233766794205,1.6989009380340576,7746.638671875,23.273324966430664,1.4399632215499878,1.4157665967941284,0.0
icdg08quq_noramp.fits,F160W,8,129.0,0,1,2013-10-16,17:32:42,14.970785,16.014236450195312,8.303192138671875,129.1038360595703,222.28701782226562,43.0,1.0024138689041138,0.1674063503742218,2.561885118484497,7954.40283203125,32.49216842651367,1.3943334817886353,1.5369088649749756,0.0
icdg08qvq_noramp.fits,F160W,8,129.0,0,1,2013-10-16,17:33:15,14.970785,16.01074981689453,8.294303894042969,129.098876953125,222.29193115234375,43.0,1.0048238039016724,0.1028875857591629,2.5802948474884033,7911.78857421875,32.47697448730469,1.3881627321243286,1.5441548824310303,0.0
icdg08qwq_noramp.fits,F160W,8,129.0,0,1,2013-10-16,17:33:48,14.970785,16.020584106445312,8.289115905761719,129.09951782226562,222.29104614257812,43.0,1.0042788982391357,0.047634366899728775,2.5537095069885254,7933.953125,32.48537063598633,1.3908231258392334,1.5527364015579224,0.0
icdg08qxq_noramp.fits,F160W,8,129.0,0,1,2013-10-16,17:34:21,14.970785,15.998893737792969,8.2896728515625,129.0920867919922,222.29615783691406,43.0,1.0047448873519897,0.1045684739947319,2.5441768169403076,7988.3310546875,32.52628707885742,1.3914201259613037,1.5553597211837769,0.0
icdg08qyq_noramp.fits,F160W,8,129.0,0,1,2013-10-16,17:34:54,14.970785,16.037979125976562,8.328544616699219,129.09507751464844,222.28738403320312,142.0,0.9958667159080505,0.07808867841959,2.5976450443267822,7898.81396484375,30.18104362487793,1.394761085510254,1.5453463792800903,0.0
icdg08qzq_noramp.fits,F125W,8,129.0,1,2,2013-10-16,17:36:09,29.663755,26.02039337158203,8.278045654296875,139.32228088378906,222.09678649902344,134.0,0.9964177012443542,-0.035384681075811386,1.8193027973175049,7706.71044921875,21.790590286254883,1.6193435192108154,1.4564261436462402,1.0
icdg08r0q_noramp.fits,F125W,8,129.0,1,2,2013-10-16,17:36:57,29.663755,26.03437042236328,8.283889770507812,139.31985473632812,222.09527587890625,134.0,0.9959011673927307,-0.01467980444431305,1.8479485511779785,7722.81396484375,22.019672393798828,1.6125634908676147,1.4504899978637695,1.0
icdg08r1q_noramp.fits,F125W,8,129.0,1,2,2013-10-16,17:37:45,29.663755,26.074249267578125,8.25604248046875,139.32040405273438,222.0933074951172,135.0,0.992262601852417,-0.0019814143888652325,1.8269034624099731,7750.2177734375,21.83212661743164,1.6169072389602661,1.453413724899292,1.0
icdg08r2q_noramp.fits,F125W,8,129.0,1,2,2013-10-16,17:38:33,29.663755,26.030601501464844,8.282737731933594,139.3197784423828,222.0956268310547,134.0,0.9977622628211975,-0.03220680356025696,1.8237758874893188,7786.673828125,22.292444229125977,1.6077141761779785,1.4468655586242676,1.0
icdg08r3q_noramp.fits,F160W,8,129.0,1,3,2013-10-16,17:39:27,14.970785,26.08238983154297,8.259864807128906,139.2166290283203,222.26608276367188,140.0,0.9995729327201843,-0.011129329912364483,2.5338120460510254,8049.400390625,30.360090255737305,1.487180471420288,1.5509594678878784,1.0
icdg08r4q_noramp.fits,F160W,8,129.0,1,3,2013-10-16,17:40:00,14.970785,26.094558715820312,8.273307800292969,139.20851135253906,222.264404296875,138.0,1.0030980110168457,-0.102106012403965,2.5271356105804443,7995.24658203125,30.237957000732422,1.483781337738037,1.5525327920913696,1.0
icdg08r5q_noramp.fits,F160W,8,129.0,1,3,2013-10-16,17:40:33,14.970785,26.073257446289062,8.260047912597656,139.21653747558594,222.26123046875,138.0,1.0046952962875366,-0.055662091821432114,2.5229735374450684,8038.54248046875,30.310659408569336,1.4976930618286133,1.5373563766479492,1.0
icdg08r6q_noramp.fits,F160W,8,129.0,1,3,2013-10-16,17:41:06,14.970785,26.081680297851562,8.264579772949219,139.21136474609375,222.26258850097656,41.0,1.001591444015503,0.01001887209713459,2.5792384147644043,7997.78369140625,41.91202926635742,1.4995580911636353,1.5497955083847046,1.0
icdg08r7q_noramp.fits,F160W,8,129.0,1,3,2013-10-16,17:41:39,14.970785,26.061195373535156,8.26483154296875,139.21298217773438,222.26783752441406,123.0,1.0080291032791138,-0.2675239145755768,2.461432695388794,8008.24365234375,30.083711624145508,1.4955203533172607,1.5628762245178223,1.0
icdg08r8q_noramp.fits,F125W,8,129.0,2,4,2013-10-16,17:42:55,29.663755,15.924522399902344,19.528472900390625,129.127685546875,233.4658660888672,280.0,1.0006910562515259,-0.28109851479530334,1.809820294380188,7621.67333984375,21.213117599487305,1.519624948501587,1.8404064178466797,1.0
icdg08r9q_noramp.fits,F125W,8,129.0,2,4,2013-10-16,17:43:43,29.663755,15.952735900878906,19.568252563476562,129.13360595703125,233.4738311767578,253.0,1.005919098854065,-0.269959032535553,1.815568447113037,7597.09228515625,21.413820266723633,1.52475106716156,1.8453630208969116,1.0
icdg08raq_noramp.fits,F125W,8,129.0,2,4,2013-10-16,17:44:31,29.663755,15.933212280273438,19.545753479003906,129.13304138183594,233.47412109375,280.0,1.000820279121399,-0.2315862774848938,1.830466628074646,7637.923828125,21.230669021606445,1.5181187391281128,1.8449649810791016,1.0
icdg08rbq_noramp.fits,F125W,8,129.0,2,4,2013-10-16,17:45:19,29.663755,15.926109313964844,19.549667358398438,129.13412475585938,233.47430419921875,280.0,1.0002000331878662,-0.27621811628341675,1.8115713596343994,7637.4267578125,20.978830337524414,1.5245753526687622,1.843017578125,1.0
icdg08rcq_noramp.fits,F160W,8,129.0,2,5,2013-10-16,17:46:13,14.970785,15.980804443359375,19.665931701660156,129.07901000976562,233.70004272460938,7.0,1.0277818441390991,-0.18898268043994904,2.4340732097625732,7749.9013671875,40.64305114746094,1.3889484405517578,1.5942409038543701,1.0
icdg08rdq_noramp.fits,F160W,8,129.0,2,5,2013-10-16,17:46:46,14.970785,15.989898681640625,19.66045379638672,129.08560180664062,233.69677734375,7.0,1.0254898071289062,-0.24623079597949982,2.439399003982544,7752.703125,40.82648849487305,1.3960049152374268,1.6061309576034546,1.0
icdg08req_noramp.fits,F160W,8,129.0,2,5,2013-10-16,17:47:19,14.970785,15.98931884765625,19.673797607421875,129.0797882080078,233.6991424560547,8.0,1.0220617055892944,-0.10570457577705383,2.3725898265838623,7796.48876953125,40.56997299194336,1.3941468000411987,1.6077756881713867,1.0
icdg08rfq_noramp.fits,F160W,8,129.0,2,5,2013-10-16,17:47:52,14.970785,15.976455688476562,19.66845703125,129.08535766601562,233.6985626220703,7.0,1.0264230966567993,-0.17129607498645782,2.3742189407348633,7770.22607421875,42.47331619262695,1.3892186880111694,1.5967358350753784,1.0
icdg08rgq_noramp.fits,F160W,8,129.0,2,5,2013-10-16,17:48:25,14.970785,15.992393493652344,19.682388305664062,129.08432006835938,233.7091522216797,7.0,1.0285090208053589,-0.25583985447883606,2.4278807640075684,7780.04931640625,40.684539794921875,1.3930777311325073,1.5943939685821533,1.0
icdg08rhq_noramp.fits,F125W,8,129.0,3,6,2013-10-16,17:49:40,29.663755,26.049057006835938,19.563430786132812,139.2880401611328,233.46080017089844,280.0,1.0018539428710938,-0.3884783983230591,1.797762155532837,7620.40966796875,20.67776107788086,1.7084994316101074,1.8978509902954102,1.0
icdg08riq_noramp.fits,F125W,8,129.0,3,6,2013-10-16,17:50:28,29.663755,26.071266174316406,19.525657653808594,139.32049560546875,233.43150329589844,280.0,1.006150484085083,-0.42344918847084045,1.7918542623519897,7653.8876953125,21.17225456237793,1.731908917427063,1.8848878145217896,1.0
icdg08rjq_noramp.fits,F125W,8,129.0,3,6,2013-10-16,17:51:16,29.663755,26.062515258789062,19.560394287109375,139.3120880126953,233.4439239501953,280.0,1.0087109804153442,-0.4084276854991913,1.7870111465454102,7636.0966796875,20.74274253845215,1.7318294048309326,1.8936797380447388,1.0
icdg08rkq_noramp.fits,F125W,8,129.0,3,6,2013-10-16,17:52:04,29.663755,26.052040100097656,19.556785583496094,139.31173706054688,233.44558715820312,280.0,1.0057021379470825,-0.379937082529068,1.8112432956695557,7678.61474609375,21.204383850097656,1.7331551313400269,1.890064001083374,1.0
icdg08rlq_noramp.fits,F160W,8,129.0,3,7,2013-10-16,17:52:58,14.970785,26.09351348876953,19.657989501953125,139.20907592773438,233.68251037597656,256.0,1.008531928062439,-0.2124338001012802,2.4008288383483887,7867.00439453125,31.634126663208008,1.512561559677124,1.6665152311325073,1.0
icdg08rmq_noramp.fits,F160W,8,129.0,3,7,2013-10-16,17:53:31,14.970785,26.094261169433594,19.658775329589844,139.21214294433594,233.67747497558594,13.0,1.0254936218261719,-0.2669760584831238,2.4051198959350586,7817.15380859375,33.16634750366211,1.5221099853515625,1.666277527809143,1.0
icdg08rnq_noramp.fits,F160W,8,129.0,3,7,2013-10-16,17:54:04,14.970785,26.097915649414062,19.6512451171875,139.20242309570312,233.68157958984375,256.0,1.0126092433929443,-0.25263747572898865,2.4033288955688477,7868.201171875,30.787988662719727,1.5115959644317627,1.6768666505813599,1.0
icdg08roq_noramp.fits,F160W,8,129.0,3,7,2013-10-16,17:54:37,14.970785,26.104888916015625,19.660873413085938,139.20999145507812,233.68692016601562,256.0,1.014165997505188,-0.25752636790275574,2.4250597953796387,7879.1953125,30.812368392944336,1.5202624797821045,1.665390133857727,1.0
icdg08rpq_noramp.fits,F160W,8,129.0,3,7,2013-10-16,17:55:10,14.970785,26.099853515625,19.657798767089844,139.20962524414062,233.69032287597656,256.0,1.0107417106628418,-0.27884918451309204,2.4533369541168213,7848.81884765625,30.767093658447266,1.512996792793274,1.6637139320373535,1.0
icdg08rqq_noramp.fits,F125W,8,129.0,2,8,2013-10-16,17:56:25,29.663755,15.971885681152344,19.6353759765625,129.14950561523438,233.527587890625,253.0,1.005615472793579,-0.24214255809783936,1.8041529655456543,7649.7001953125,21.159160614013672,1.5439165830612183,1.8612229824066162,1.0
icdg08rrq_noramp.fits,F125W,8,129.0,2,8,2013-10-16,17:57:13,29.663755,15.964027404785156,19.64696502685547,129.1468048095703,233.52984619140625,253.0,1.0071591138839722,-0.25900164246559143,1.820476770401001,7603.04052734375,21.259170532226562,1.527594804763794,1.8572089672088623,1.0
icdg08rsq_noramp.fits,F125W,8,129.0,2,8,2013-10-16,17:58:01,29.663755,15.982063293457031,19.662513732910156,129.1500244140625,233.5308837890625,253.0,1.0078476667404175,-0.2350558638572693,1.835602045059204,7616.48095703125,20.9121150970459,1.536139726638794,1.864290475845337,1.0
icdg08rtq_noramp.fits,F125W,8,129.0,2,8,2013-10-16,17:58:49,29.663755,15.961441040039062,19.653213500976562,129.13902282714844,233.52627563476562,253.0,1.008683204650879,-0.2552747428417206,1.8081445693969727,7590.30615234375,21.12531280517578,1.5298144817352295,1.86240553855896,1.0
icdg08ruq_noramp.fits,F160W,8,129.0,2,9,2013-10-16,17:59:43,14.970785,16.000930786132812,19.748207092285156,129.09959411621094,233.74095153808594,7.0,1.025626301765442,-0.1828782856464386,2.471764326095581,7834.248046875,40.94221878051758,1.3910620212554932,1.55696702003479,1.0
icdg08rvq_noramp.fits,F160W,8,129.0,2,9,2013-10-16,18:00:16,14.970785,15.996673583984375,19.716415405273438,129.0931396484375,233.73094177246094,7.0,1.0250728130340576,-0.2298169881105423,2.467733860015869,7786.30322265625,40.873897552490234,1.3897162675857544,1.5729188919067383,1.0
icdg08rwq_noramp.fits,F160W,8,129.0,2,9,2013-10-16,18:00:49,14.970785,16.003692626953125,19.725181579589844,129.06048583984375,233.69345092773438,7.0,1.0228826999664307,-0.18628326058387756,2.4178102016448975,7791.201171875,42.68084716796875,1.4051055908203125,1.6296850442886353,1.0
icdg08rxq_noramp.fits,F160W,8,129.0,2,9,2013-10-16,18:01:22,14.970785,16.025894165039062,19.72021484375,129.0963592529297,233.74269104003906,7.0,1.026301383972168,-0.22280454635620117,2.4539096355438232,7820.29541015625,42.60673904418945,1.3965364694595337,1.5633387565612793,1.0
icdg08ryq_noramp.fits,F160W,8,129.0,2,9,2013-10-16,18:01:55,14.970785,16.009803771972656,19.702117919921875,129.0726776123047,233.7088623046875,7.0,1.0266599655151367,-0.18242286145687103,2.4093732833862305,7816.95068359375,43.9326286315918,1.3993061780929565,1.6038639545440674,1.0
icdg08rzq_noramp.fits,F125W,8,129.0,3,10,2013-10-16,18:03:10,29.663755,26.08892059326172,19.620956420898438,139.3359375,233.48216247558594,253.0,1.0122928619384766,-0.3336384892463684,1.748807668685913,7653.19970703125,21.370664596557617,1.7528064250946045,1.9228461980819702,1.0
icdg08s0q_noramp.fits,F125W,8,129.0,3,10,2013-10-16,18:03:58,29.663755,26.073951721191406,19.610946655273438,139.32847595214844,233.48904418945312,280.0,1.0065436363220215,-0.3132372796535492,1.826361060142517,7660.1767578125,21.366615295410156,1.7516157627105713,1.9165538549423218,1.0
icdg08s1q_noramp.fits,F125W,8,129.0,3,10,2013-10-16,18:04:46,29.663755,25.963333129882812,19.386550903320312,139.35498046875,233.5083465576172,280.0,1.0051579475402832,-0.27011188864707947,1.83175790309906,7680.0458984375,20.863971710205078,1.7722245454788208,1.9302695989608765,1.0
icdg08s2q_noramp.fits,F125W,8,129.0,3,10,2013-10-16,18:05:34,29.663755,26.09381103515625,19.633499145507812,139.3406982421875,233.4906768798828,253.0,1.013062596321106,-0.34138819575309753,1.7907369136810303,7643.0888671875,21.107128143310547,1.7510485649108887,1.9300209283828735,1.0
icdg08s3q_noramp.fits,F160W,8,129.0,3,11,2013-10-16,18:06:28,14.970785,26.143508911132812,19.716903686523438,139.2289581298828,233.7093048095703,13.0,1.0272008180618286,-0.277763694524765,2.4364778995513916,7843.9423828125,34.06924819946289,1.541934609413147,1.6612168550491333,1.0
icdg08s4q_noramp.fits,F160W,8,129.0,3,11,2013-10-16,18:07:01,14.970785,26.139892578125,19.718612670898438,139.2278289794922,233.6956024169922,13.0,1.0240774154663086,-0.21448153257369995,2.4253029823303223,7834.72119140625,33.190757751464844,1.5471422672271729,1.6761378049850464,1.0
icdg08s5q_noramp.fits,F160W,8,129.0,3,11,2013-10-16,18:07:34,14.970785,26.135650634765625,19.71501922607422,139.21681213378906,233.70159912109375,13.0,1.0261071920394897,-0.2696785032749176,2.4619638919830322,7853.95556640625,34.06064224243164,1.5173122882843018,1.651336669921875,1.0
icdg08s6q_noramp.fits,F160W,8,129.0,3,11,2013-10-16,18:08:07,14.970785,26.138992309570312,19.718902587890625,139.22402954101562,233.70591735839844,13.0,1.028630018234253,-0.30236008763313293,2.4511752128601074,7831.3916015625,33.201297760009766,1.5352121591567993,1.6533899307250977,1.0
icdg08s7q_noramp.fits,F160W,8,129.0,3,11,2013-10-16,18:08:40,14.970785,26.146446228027344,19.73328399658203,139.24009704589844,233.7255096435547,13.0,1.0278151035308838,-0.2948763370513916,2.4370150566101074,7858.89453125,33.18894958496094,1.5645203590393066,1.6388680934906006,1.0
icdg08s8q_noramp.fits,F125W,8,129.0,3,12,2013-10-16,18:09:19,29.663755,26.084991455078125,19.631439208984375,139.34454345703125,233.49566650390625,253.0,1.013037919998169,-0.3108709752559662,1.7715802192687988,7637.34326171875,20.705354690551758,1.761582374572754,1.9185634851455688,1.0
icdg08s9q_noramp.fits,F125W,8,129.0,3,12,2013-10-16,18:10:07,29.663755,26.09857940673828,19.62537384033203,139.33714294433594,233.5009002685547,253.0,1.0143870115280151,-0.31444039940834045,1.7756052017211914,7688.45703125,20.31035614013672,1.7562346458435059,1.9286432266235352,1.0
icdg08saq_noramp.fits,F125W,8,129.0,3,12,2013-10-16,18:10:55,29.663755,26.081207275390625,19.62706756591797,139.33692932128906,233.5038604736328,253.0,1.0146712064743042,-0.2902238667011261,1.7844419479370117,7649.14892578125,20.82600212097168,1.7461553812026978,1.9254554510116577,1.0
icdg08sbq_noramp.fits,F125W,8,129.0,3,12,2013-10-16,18:11:43,29.663755,26.074722290039062,19.626922607421875,139.33973693847656,233.49801635742188,253.0,1.0118736028671265,-0.258518248796463,1.784156322479248,7661.5048828125,20.313539505004883,1.7547752857208252,1.9226404428482056,1.0
icdg09sdq_noramp.fits,F125W,9,101.0,0,0,2013-10-16,19:05:02,29.663755,-0.0029754638671875,0.062774658203125,94.8167953491211,208.11578369140625,70.0,1.0095229148864746,-0.07968646287918091,1.8440632820129395,7817.00537109375,25.027454376220703,1.3462799787521362,1.3777868747711182,0.0
icdg09seq_noramp.fits,F125W,9,101.0,0,0,2013-10-16,19:05:50,29.663755,0.01197052001953125,0.0703887939453125,94.81525421142578,208.11419677734375,70.0,1.0096545219421387,-0.07105911523103714,1.7979470491409302,7838.16845703125,23.800643920898438,1.3396155834197998,1.3743171691894531,0.0
icdg09sfq_noramp.fits,F125W,9,101.0,0,0,2013-10-16,19:06:38,29.663755,0.0294647216796875,0.0631103515625,94.81735229492188,208.1136474609375,70.0,1.0078645944595337,-0.05384516343474388,1.7844343185424805,7800.529296875,25.01300048828125,1.3358807563781738,1.3742172718048096,0.0
icdg09sgq_noramp.fits,F125W,9,101.0,0,0,2013-10-16,19:07:26,29.663755,0.003021240234375,0.078399658203125,94.81358337402344,208.1148223876953,70.0,1.0113308429718018,-0.07043176889419556,1.8198626041412354,7841.65966796875,23.808443069458008,1.3335423469543457,1.3685519695281982,0.0
icdg09shq_noramp.fits,F160W,9,101.0,0,1,2013-10-16,19:08:20,14.970785,0.06305694580078125,0.08322906494140625,94.71952819824219,208.2795867919922,73.0,1.0067322254180908,-0.10896087437868118,2.5085196495056152,8016.8466796875,32.939308166503906,1.5391831398010254,1.580747365951538,0.0
icdg09siq_noramp.fits,F160W,9,101.0,0,1,2013-10-16,19:08:53,14.970785,0.06949615478515625,0.0848846435546875,94.71417236328125,208.2737274169922,73.0,1.0063483715057373,-0.10800088942050934,2.5424675941467285,8011.17041015625,33.2902946472168,1.5530216693878174,1.5864797830581665,0.0
icdg09sjq_noramp.fits,F160W,9,101.0,0,1,2013-10-16,19:09:26,14.970785,0.0700836181640625,0.07930755615234375,94.71710205078125,208.28143310546875,73.0,1.0055463314056396,-0.051152896136045456,2.493744373321533,8014.7734375,32.920654296875,1.5507155656814575,1.5864397287368774,0.0
icdg09skq_noramp.fits,F160W,9,101.0,0,1,2013-10-16,19:09:59,14.970785,0.056915283203125,0.0877227783203125,94.7101821899414,208.2788543701172,73.0,1.008756160736084,-0.11868215352296829,2.4678399562835693,7995.0791015625,33.269718170166016,1.561728596687317,1.5938100814819336,0.0
icdg09slq_noramp.fits,F160W,9,101.0,0,1,2013-10-16,19:10:32,14.970785,0.05922698974609375,0.0976715087890625,94.71941375732422,208.2742462158203,73.0,1.0037810802459717,-0.10009549558162689,2.5187885761260986,8025.4677734375,32.92990493774414,1.5524919033050537,1.5821679830551147,0.0
icdg09smq_noramp.fits,F125W,9,101.0,1,2,2013-10-16,19:11:47,29.663755,10.157432556152344,0.053741455078125,104.92080688476562,208.09127807617188,70.0,1.0255895853042603,-0.3701106309890747,1.7327916622161865,7755.533203125,26.4033203125,1.2871978282928467,1.340103268623352,1.0
icdg09snq_noramp.fits,F125W,9,101.0,1,2,2013-10-16,19:12:35,29.663755,10.144882202148438,0.05251312255859375,104.92050170898438,208.0887908935547,70.0,1.027411699295044,-0.3428027927875519,1.7534444332122803,7764.9052734375,26.46553611755371,1.2779344320297241,1.3325905799865723,1.0
icdg09soq_noramp.fits,F125W,9,101.0,1,2,2013-10-16,19:13:23,29.663755,10.155082702636719,0.0657958984375,104.91976928710938,208.08753967285156,68.0,1.0295428037643433,-0.35813435912132263,1.8097572326660156,7792.59033203125,26.51837921142578,1.2796531915664673,1.3334176540374756,1.0
icdg09spq_noramp.fits,F125W,9,101.0,1,2,2013-10-16,19:14:11,29.663755,10.138702392578125,0.0595855712890625,104.91921997070312,208.0887451171875,70.0,1.0286825895309448,-0.372812420129776,1.7990448474884033,7778.07080078125,26.537456512451172,1.2745689153671265,1.3326319456100464,1.0
icdg09sqq_noramp.fits,F160W,9,101.0,1,3,2013-10-16,19:15:05,14.970785,10.1826171875,0.058868408203125,104.84150695800781,208.24781799316406,73.0,1.0177533626556396,-0.18458567559719086,2.4110593795776367,7984.25439453125,34.6028938293457,1.3845341205596924,1.497748613357544,1.0
icdg09srq_noramp.fits,F160W,9,101.0,1,3,2013-10-16,19:15:38,14.970785,10.169876098632812,0.07793426513671875,104.83735656738281,208.25375366210938,73.0,1.0147563219070435,-0.15195654332637787,2.426327705383301,7942.46240234375,36.44597625732422,1.3904274702072144,1.509353518486023,1.0
icdg09ssq_noramp.fits,F160W,9,101.0,1,3,2013-10-16,19:16:11,14.970785,10.176422119140625,0.0789031982421875,104.83743286132812,208.24916076660156,99.0,1.0240646600723267,-0.2897639870643616,2.381876230239868,7938.87841796875,36.37812805175781,1.3927595615386963,1.511399269104004,1.0
icdg09stq_noramp.fits,F160W,9,101.0,1,3,2013-10-16,19:16:44,14.970785,10.169174194335938,0.02085113525390625,104.84050750732422,208.24351501464844,71.0,1.0202465057373047,-0.24687743186950684,2.3866665363311768,7936.6591796875,34.514583587646484,1.3876609802246094,1.4993903636932373,1.0
icdg09suq_noramp.fits,F160W,9,101.0,1,3,2013-10-16,19:17:17,14.970785,10.182350158691406,0.0570831298828125,104.84184265136719,208.2503204345703,73.0,1.0179505348205566,-0.22083303332328796,2.430854320526123,7961.84814453125,34.56926727294922,1.3978959321975708,1.5070414543151855,1.0
icdg09svq_noramp.fits,F125W,9,101.0,2,4,2013-10-16,19:18:33,29.663755,0.0435028076171875,11.297897338867188,94.82685089111328,219.4052276611328,70.0,1.0030258893966675,-0.06472357362508774,1.839827537536621,7717.169921875,27.958913803100586,1.4052188396453857,1.7358022928237915,0.0
icdg09swq_noramp.fits,F125W,9,101.0,2,4,2013-10-16,19:19:21,29.663755,0.068450927734375,11.262420654296875,94.8328628540039,219.4051513671875,69.0,1.0044269561767578,-0.049655359238386154,1.8559221029281616,7682.826171875,28.004150390625,1.4040378332138062,1.7324568033218384,0.0
icdg09sxq_noramp.fits,F125W,9,101.0,2,4,2013-10-16,19:20:09,29.663755,0.075653076171875,11.264923095703125,94.83030700683594,219.40524291992188,69.0,1.0041241645812988,-0.061494726687669754,1.8562209606170654,7707.19482421875,28.351364135742188,1.4035463333129883,1.733420491218567,0.0
icdg09syq_noramp.fits,F125W,9,101.0,2,4,2013-10-16,19:20:57,29.663755,0.068206787109375,11.274139404296875,94.8313980102539,219.40188598632812,70.0,1.0039417743682861,-0.025549693033099174,1.8528519868850708,7721.59521484375,28.384241104125977,1.4000492095947266,1.7287724018096924,0.0
icdg09szq_noramp.fits,F160W,9,101.0,2,5,2013-10-16,19:21:51,14.970785,0.08605194091796875,11.308815002441406,94.7434310913086,219.64642333984375,73.0,0.9982812404632568,0.013775504194200039,2.5314178466796875,7929.70556640625,42.68621826171875,1.5266296863555908,1.6842005252838135,0.0
icdg09t0q_noramp.fits,F160W,9,101.0,2,5,2013-10-16,19:22:24,14.970785,0.096710205078125,11.319656372070312,94.7488021850586,219.64859008789062,73.0,1.0023348331451416,-0.036482952535152435,2.550427198410034,7955.7724609375,41.48041534423828,1.50991952419281,1.6860105991363525,0.0
icdg09t1q_noramp.fits,F160W,9,101.0,2,5,2013-10-16,19:22:57,14.970785,0.0919952392578125,11.308151245117188,94.73785400390625,219.65032958984375,71.0,1.0027961730957031,-0.02273305132985115,2.5642685890197754,7901.02880859375,40.0130729675293,1.5370346307754517,1.7018812894821167,0.0
icdg09t2q_noramp.fits,F160W,9,101.0,2,5,2013-10-16,19:23:30,14.970785,0.09307098388671875,11.314666748046875,94.7418441772461,219.65618896484375,71.0,1.0063221454620361,-0.07716573029756546,2.569005250930786,7950.89599609375,40.13422775268555,1.5047564506530762,1.6893240213394165,0.0
icdg09t3q_noramp.fits,F160W,9,101.0,2,5,2013-10-16,19:24:03,14.970785,0.11243438720703125,11.33331298828125,94.73722076416016,219.6675262451172,73.0,1.0069345235824585,-0.070757195353508,2.5235183238983154,7919.84716796875,41.55358123779297,1.531784176826477,1.6691536903381348,0.0
icdg09t4q_noramp.fits,F125W,9,101.0,3,6,2013-10-16,19:25:18,29.663755,10.170761108398438,11.291938781738281,104.91285705566406,219.39987182617188,70.0,1.0195740461349487,-0.26880908012390137,1.7238644361495972,7704.330078125,23.007265090942383,1.3682136535644531,1.697713017463684,1.0
icdg09t5q_noramp.fits,F125W,9,101.0,3,6,2013-10-16,19:26:06,29.663755,10.206512451171875,11.266448974609375,104.92292022705078,219.3672637939453,69.0,1.0208102464675903,-0.2217792421579361,1.6940447092056274,7718.2060546875,23.321979522705078,1.3607306480407715,1.6641756296157837,1.0
icdg09t6q_noramp.fits,F125W,9,101.0,3,6,2013-10-16,19:26:54,29.663755,10.177993774414062,11.292640686035156,104.9246826171875,219.3857421875,70.0,1.017465591430664,-0.20715880393981934,1.7379013299942017,7688.2001953125,22.877038955688477,1.362561821937561,1.6854193210601807,1.0
icdg09t7q_noramp.fits,F125W,9,101.0,3,6,2013-10-16,19:27:42,29.663755,10.164283752441406,11.291107177734375,104.92294311523438,219.3854217529297,70.0,1.0188442468643188,-0.22779537737369537,1.7383966445922852,7744.3603515625,22.831830978393555,1.3604029417037964,1.6769336462020874,1.0
icdg09t8q_noramp.fits,F160W,9,101.0,3,7,2013-10-16,19:28:36,14.970785,10.202369689941406,11.294654846191406,104.85503387451172,219.6311798095703,73.0,1.0123741626739502,-0.15895935893058777,2.4683289527893066,7911.13525390625,32.37418746948242,1.4039639234542847,1.65964937210083,1.0
icdg09t9q_noramp.fits,F160W,9,101.0,3,7,2013-10-16,19:29:09,14.970785,10.224639892578125,11.297378540039062,104.8570785522461,219.63656616210938,71.0,1.0162800550460815,-0.20374400913715363,2.496622085571289,7926.31982421875,32.44880676269531,1.3944834470748901,1.6541506052017212,1.0
icdg09taq_noramp.fits,F160W,9,101.0,3,7,2013-10-16,19:29:42,14.970785,10.219772338867188,11.303237915039062,104.85929107666016,219.6328582763672,71.0,1.0166765451431274,-0.23603004217147827,2.458029270172119,7911.982421875,34.307804107666016,1.4014829397201538,1.660549521446228,1.0
icdg09tbq_noramp.fits,F160W,9,101.0,3,7,2013-10-16,19:30:15,14.970785,10.212448120117188,11.307533264160156,104.8561019897461,219.63148498535156,73.0,1.0217822790145874,-0.23377488553524017,2.4837629795074463,7936.09375,34.3302001953125,1.4093714952468872,1.6673039197921753,1.0
icdg09tcq_noramp.fits,F160W,9,101.0,3,7,2013-10-16,19:30:48,14.970785,10.234207153320312,11.295463562011719,104.85897827148438,219.63063049316406,71.0,1.0191214084625244,-0.19235771894454956,2.513636350631714,7901.615234375,32.43430709838867,1.403027892112732,1.6689624786376953,1.0
icdg09tdq_noramp.fits,F125W,9,101.0,0,8,2013-10-16,19:32:04,29.663755,0.08054351806640625,0.04427337646484375,94.85302734375,208.1260986328125,69.0,1.0169309377670288,-0.13228069245815277,1.8351962566375732,7769.85107421875,25.08068084716797,1.3126331567764282,1.3728798627853394,0.0
icdg09teq_noramp.fits,F125W,9,101.0,0,8,2013-10-16,19:32:52,29.663755,0.08469390869140625,0.057220458984375,94.84688568115234,208.12710571289062,70.0,1.018777847290039,-0.21271173655986786,1.7807823419570923,7821.654296875,25.14272689819336,1.309722900390625,1.3758457899093628,0.0
icdg09tfq_noramp.fits,F125W,9,101.0,0,8,2013-10-16,19:33:40,29.663755,0.086151123046875,0.05226898193359375,94.85037231445312,208.1272735595703,69.0,1.017065405845642,-0.10667821019887924,1.846795916557312,7855.32958984375,25.336746215820312,1.3050365447998047,1.3687762022018433,0.0
icdg09tgq_noramp.fits,F125W,9,101.0,0,8,2013-10-16,19:34:28,29.663755,0.0833282470703125,0.067291259765625,94.85127258300781,208.1301727294922,70.0,1.018488883972168,-0.18604294955730438,1.8460698127746582,7824.81396484375,25.183170318603516,1.308058261871338,1.370046615600586,0.0
icdg09thq_noramp.fits,F160W,9,101.0,0,9,2013-10-16,19:35:22,14.970785,0.1128082275390625,0.1099853515625,94.75764465332031,208.29383850097656,73.0,1.0100504159927368,-0.18335925042629242,2.5007686614990234,8022.58154296875,33.239227294921875,1.490730881690979,1.584333896636963,0.0
icdg09tiq_noramp.fits,F160W,9,101.0,0,9,2013-10-16,19:35:55,14.970785,0.11110687255859375,0.1085205078125,94.75951385498047,208.29930114746094,73.0,1.0107342004776,-0.1788502186536789,2.5353968143463135,8031.87890625,33.29120635986328,1.4886893033981323,1.5924482345581055,0.0
icdg09tjq_noramp.fits,F160W,9,101.0,0,9,2013-10-16,19:36:28,14.970785,0.1503143310546875,0.14214324951171875,94.77545928955078,208.32359313964844,73.0,1.0106042623519897,-0.13000313937664032,2.511234760284424,8061.21533203125,35.3466911315918,1.4705899953842163,1.6130262613296509,0.0
icdg09tkq_noramp.fits,F160W,9,101.0,0,9,2013-10-16,19:37:01,14.970785,0.1270751953125,0.101898193359375,94.74861145019531,208.28326416015625,73.0,1.0112038850784302,-0.1596551537513733,2.487180709838867,8048.6396484375,34.305511474609375,1.4973607063293457,1.5717946290969849,0.0
icdg09tlq_noramp.fits,F160W,9,101.0,0,9,2013-10-16,19:37:34,14.970785,0.106048583984375,0.11423492431640625,94.76007843017578,208.29873657226562,73.0,1.0088958740234375,-0.15777981281280518,2.508944034576416,8015.900390625,33.22438049316406,1.4909420013427734,1.5940220355987549,0.0
icdg09tmq_noramp.fits,F125W,9,101.0,1,10,2013-10-16,19:38:49,29.663755,10.206794738769531,0.0818023681640625,104.9565658569336,208.11090087890625,70.0,1.0301657915115356,-0.3543909192085266,1.7906266450881958,7757.06982421875,26.615924835205078,1.2798744440078735,1.3435992002487183,1.0
icdg09tnq_noramp.fits,F125W,9,101.0,1,10,2013-10-16,19:39:37,29.663755,10.19989013671875,0.07509613037109375,104.96224212646484,208.10183715820312,70.0,1.0320063829421997,-0.3640170097351074,1.798499345779419,7792.8916015625,26.893150329589844,1.2770678997039795,1.3411178588867188,1.0
icdg09toq_noramp.fits,F125W,9,101.0,1,10,2013-10-16,19:40:25,29.663755,10.202529907226562,0.09246826171875,104.96318817138672,208.10769653320312,70.0,1.0327705144882202,-0.35673004388809204,1.7822331190109253,7788.3212890625,26.703645706176758,1.278346061706543,1.3430885076522827,1.0
icdg09tpq_noramp.fits,F125W,9,101.0,1,10,2013-10-16,19:41:13,29.663755,10.258262634277344,0.1128997802734375,104.96709442138672,208.10914611816406,70.0,1.0340027809143066,-0.3655555546283722,1.848490834236145,7829.6318359375,27.02696990966797,1.2765554189682007,1.3387538194656372,1.0
icdg09tqq_noramp.fits,F160W,9,101.0,1,11,2013-10-16,19:42:07,14.970785,10.232429504394531,0.09271240234375,104.88811492919922,208.28782653808594,73.0,1.0184448957443237,-0.2190782129764557,2.4151415824890137,7992.56298828125,34.67155838012695,1.3661015033721924,1.5325649976730347,1.0
icdg09trq_noramp.fits,F160W,9,101.0,1,11,2013-10-16,19:42:40,14.970785,10.269378662109375,0.09688568115234375,104.8836898803711,208.27728271484375,73.0,1.0228832960128784,-0.27413007616996765,2.439023733139038,7989.69091796875,36.68025207519531,1.3709474802017212,1.5226640701293945,1.0
icdg09tsq_noramp.fits,F160W,9,101.0,1,11,2013-10-16,19:43:13,14.970785,10.255149841308594,0.09163665771484375,104.88642883300781,208.28216552734375,73.0,1.0229160785675049,-0.2543431520462036,2.4119114875793457,7964.70751953125,34.68809509277344,1.3659175634384155,1.5205353498458862,1.0
icdg09ttq_noramp.fits,F160W,9,101.0,1,11,2013-10-16,19:43:46,14.970785,10.237533569335938,0.106597900390625,104.88928985595703,208.27542114257812,73.0,1.0206862688064575,-0.2666853070259094,2.4374241828918457,7948.45556640625,34.61454772949219,1.3675436973571777,1.5202312469482422,1.0
icdg09tuq_noramp.fits,F160W,9,101.0,1,11,2013-10-16,19:44:19,14.970785,10.2745361328125,0.09420013427734375,104.88587188720703,208.28659057617188,71.0,1.023053526878357,-0.2555021643638611,2.391934871673584,7978.50244140625,34.69295883178711,1.3636871576309204,1.5230474472045898,1.0
icdg09tvq_noramp.fits,F125W,9,101.0,1,12,2013-10-16,19:44:58,29.663755,10.195472717285156,0.08560943603515625,104.96797943115234,208.11309814453125,70.0,1.0328046083450317,-0.33276230096817017,1.824884057044983,7772.2294921875,26.59157371520996,1.2759957313537598,1.3420511484146118,1.0
icdg09twq_noramp.fits,F125W,9,101.0,1,12,2013-10-16,19:45:46,29.663755,10.249839782714844,0.11029815673828125,104.9717025756836,208.11276245117188,70.0,1.0330920219421387,-0.31990930438041687,1.8193830251693726,7790.08984375,26.514022827148438,1.2730149030685425,1.3367698192596436,1.0
icdg09txq_noramp.fits,F125W,9,101.0,1,12,2013-10-16,19:46:34,29.663755,10.230331420898438,0.13056182861328125,104.968017578125,208.12249755859375,70.0,1.032010555267334,-0.2809363305568695,1.8025615215301514,7760.6279296875,26.818737030029297,1.2819247245788574,1.3510613441467285,1.0
icdg09tyq_noramp.fits,F125W,9,101.0,1,12,2013-10-16,19:47:22,29.663755,10.253524780273438,0.12359619140625,104.97608184814453,208.11448669433594,70.0,1.0343760251998901,-0.26158449053764343,1.7736902236938477,7761.51904296875,26.806930541992188,1.2756389379501343,1.3435155153274536,1.0
icdg10u0q_noramp.fits,F125W,10,129.0,0,0,2013-10-16,20:40:40,29.663755,15.936775207519531,8.2464599609375,129.19676208496094,222.09109497070312,19.0,1.0100412368774414,-0.02091868594288826,1.738217830657959,7717.59814453125,23.849910736083984,1.4709784984588623,1.4160809516906738,0.0
icdg10u1q_noramp.fits,F125W,10,129.0,0,0,2013-10-16,20:41:28,29.663755,15.942527770996094,8.251365661621094,129.1872100830078,222.0997314453125,19.0,1.0117756128311157,-0.0066993348300457,1.757571816444397,7731.19677734375,23.917348861694336,1.4575999975204468,1.4076640605926514,0.0
icdg10u2q_noramp.fits,F125W,10,129.0,0,0,2013-10-16,20:42:16,29.663755,15.933929443359375,8.252220153808594,129.18594360351562,222.09573364257812,19.0,1.0120594501495361,-0.01680534891784191,1.7469829320907593,7746.65185546875,23.91116714477539,1.4576194286346436,1.417138934135437,0.0
icdg10u3q_noramp.fits,F125W,10,129.0,0,0,2013-10-16,20:43:04,29.663755,15.935050964355469,8.241477966308594,129.18084716796875,222.09707641601562,19.0,1.0133702754974365,-0.04159900173544884,1.7256495952606201,7756.0029296875,23.95787811279297,1.448291540145874,1.4039396047592163,0.0
icdg10u4q_noramp.fits,F160W,10,129.0,0,1,2013-10-16,20:43:58,14.970785,16.031150817871094,8.287307739257812,129.11106872558594,222.2728271484375,43.0,1.008810043334961,0.10085795074701309,2.615419626235962,7980.57080078125,32.6093864440918,1.391853928565979,1.5228769779205322,0.0
icdg10u5q_noramp.fits,F160W,10,129.0,0,1,2013-10-16,20:44:31,14.970785,16.016616821289062,8.275283813476562,129.10992431640625,222.27340698242188,43.0,1.0093659162521362,0.12116573005914688,2.568354845046997,7936.015625,32.54262161254883,1.3987269401550293,1.526005744934082,0.0
icdg10u6q_noramp.fits,F160W,10,129.0,0,1,2013-10-16,20:45:04,14.970785,16.01874542236328,8.2813720703125,129.10275268554688,222.2755889892578,43.0,1.0116758346557617,0.03747277334332466,2.551875352859497,7964.71533203125,32.579345703125,1.3994803428649902,1.5284323692321777,0.0
icdg10u7q_noramp.fits,F160W,10,129.0,0,1,2013-10-16,20:45:37,14.970785,16.03436279296875,8.276466369628906,129.1082000732422,222.27650451660156,43.0,1.0108357667922974,0.1562749594449997,2.5622870922088623,7923.74755859375,32.55280303955078,1.403907299041748,1.5329780578613281,0.0
icdg10u8q_noramp.fits,F160W,10,129.0,0,1,2013-10-16,20:46:10,14.970785,16.00597381591797,8.270713806152344,129.10369873046875,222.2718048095703,44.0,1.0125213861465454,-0.010090896859765053,2.589165449142456,7948.966796875,32.552547454833984,1.3982924222946167,1.5266040563583374,0.0
icdg10u9q_noramp.fits,F125W,10,129.0,0,2,2013-10-16,20:46:49,29.663755,15.924385070800781,8.246116638183594,129.17950439453125,222.10507202148438,19.0,1.0155619382858276,-0.07824341207742691,1.7272573709487915,7732.24267578125,23.991121292114258,1.4592667818069458,1.4220612049102783,0.0
icdg10uaq_noramp.fits,F125W,10,129.0,0,2,2013-10-16,20:47:37,29.663755,15.940818786621094,8.25799560546875,129.1695556640625,222.10150146484375,19.0,1.0123008489608765,-0.013996463268995285,1.7526459693908691,7720.267578125,24.177013397216797,1.4371891021728516,1.4172509908676147,0.0
icdg10ubq_noramp.fits,F125W,10,129.0,0,2,2013-10-16,20:48:25,29.663755,15.933265686035156,8.2608642578125,129.17555236816406,222.105224609375,20.0,1.0089858770370483,0.02915612980723381,1.755562663078308,7735.96875,23.976030349731445,1.4454494714736938,1.4201685190200806,0.0
icdg10ucq_noramp.fits,F125W,10,129.0,0,2,2013-10-16,20:49:13,29.663755,15.921882629394531,8.229888916015625,129.17572021484375,222.10194396972656,19.0,1.0175976753234863,-0.11549478024244308,1.7145569324493408,7749.787109375,24.334299087524414,1.4401848316192627,1.4136630296707153,0.0
icdg10udq_noramp.fits,F160W,10,129.0,0,3,2013-10-16,20:50:07,14.970785,16.030517578125,8.290611267089844,129.1038360595703,222.27499389648438,43.0,1.008678913116455,0.07211655378341675,2.569547414779663,7973.0068359375,32.57583236694336,1.3935538530349731,1.5261045694351196,0.0
icdg10ueq_noramp.fits,F160W,10,129.0,0,3,2013-10-16,20:50:40,14.970785,16.012657165527344,8.275886535644531,129.0966796875,222.28294372558594,43.0,1.0151801109313965,0.024799343198537827,2.5242812633514404,7968.28369140625,32.582237243652344,1.3943309783935547,1.5438849925994873,0.0
icdg10ufq_noramp.fits,F160W,10,129.0,0,3,2013-10-16,20:51:13,14.970785,16.00983428955078,8.277671813964844,129.0978240966797,222.280029296875,43.0,1.0146725177764893,0.017833372578024864,2.5425963401794434,7962.302734375,32.60100555419922,1.3880780935287476,1.5310180187225342,0.0
icdg10ugq_noramp.fits,F160W,10,129.0,0,3,2013-10-16,20:51:46,14.970785,16.017677307128906,8.300392150878906,129.09927368164062,222.2763214111328,43.0,1.011879801750183,0.021593214944005013,2.5610077381134033,7941.578125,32.567230224609375,1.3951835632324219,1.5400458574295044,0.0
icdg10uhq_noramp.fits,F160W,10,129.0,0,3,2013-10-16,20:52:19,14.970785,15.997360229492188,8.306129455566406,129.1051483154297,222.27955627441406,43.0,1.0142401456832886,0.05580628663301468,2.552743673324585,7974.17333984375,32.621681213378906,1.393178939819336,1.5396980047225952,0.0
icdg10uiq_noramp.fits,F125W,10,129.0,0,4,2013-10-16,20:52:58,29.663755,15.966690063476562,8.28436279296875,129.1713104248047,222.10850524902344,134.0,1.0024449825286865,0.001439233892597258,1.6974420547485352,7766.30859375,25.08932876586914,1.4461841583251953,1.4337506294250488,0.0
icdg10ujq_noramp.fits,F125W,10,129.0,0,4,2013-10-16,20:53:46,29.663755,15.953536987304688,8.282508850097656,129.1704864501953,222.10650634765625,134.0,1.0021990537643433,-0.011290342546999454,1.668936014175415,7753.60009765625,24.65441131591797,1.4383370876312256,1.4269227981567383,0.0
icdg10ukq_noramp.fits,F125W,10,129.0,0,4,2013-10-16,20:54:34,29.663755,15.930778503417969,8.257644653320312,129.1727752685547,222.10769653320312,19.0,1.01442289352417,-0.046747080981731415,1.7196770906448364,7770.4091796875,24.22983741760254,1.441889762878418,1.4271864891052246,0.0
icdg10ulq_noramp.fits,F125W,10,129.0,0,4,2013-10-16,20:55:22,29.663755,15.915863037109375,8.256095886230469,129.1716766357422,222.10791015625,20.0,1.0121495723724365,0.0005938533577136695,1.6985970735549927,7775.734375,23.935321807861328,1.4398880004882812,1.4267311096191406,0.0
icdg10umq_noramp.fits,F160W,10,129.0,0,5,2013-10-16,20:56:16,14.970785,16.0230712890625,8.308067321777344,129.09715270996094,222.27938842773438,140.0,1.004692554473877,-0.012547447346150875,2.6080453395843506,7961.85009765625,34.61439895629883,1.3825808763504028,1.5300633907318115,0.0
icdg10unq_noramp.fits,F160W,10,129.0,0,5,2013-10-16,20:56:49,14.970785,16.02124786376953,8.294441223144531,129.10174560546875,222.27976989746094,43.0,1.0121616125106812,0.05655073747038841,2.5806238651275635,8015.2333984375,32.65287399291992,1.3959397077560425,1.5480419397354126,0.0
icdg10uoq_noramp.fits,F160W,10,129.0,0,5,2013-10-16,20:57:22,14.970785,16.008468627929688,8.3023681640625,129.1028594970703,222.2823028564453,43.0,1.0164345502853394,-0.0043329461477696896,2.629770278930664,7945.23974609375,32.649349212646484,1.388863444328308,1.5476187467575073,0.0
icdg10upq_noramp.fits,F160W,10,129.0,0,5,2013-10-16,20:57:55,14.970785,16.018402099609375,8.317268371582031,129.10549926757812,222.28843688964844,139.0,1.0076802968978882,-0.08630121499300003,2.554875135421753,7953.6318359375,34.70333480834961,1.394069790840149,1.5578633546829224,0.0
icdg10uqq_noramp.fits,F160W,10,129.0,0,5,2013-10-16,20:58:28,14.970785,16.02605438232422,8.303428649902344,129.10107421875,222.28665161132812,43.0,1.009666085243225,0.10724012553691864,2.611755847930908,7979.7099609375,32.60677719116211,1.4010993242263794,1.5640803575515747,0.0
icdg10urq_noramp.fits,F125W,10,129.0,0,6,2013-10-16,20:59:07,29.663755,15.960914611816406,8.275733947753906,129.1793212890625,222.10772705078125,134.0,1.004932165145874,-0.01293311920017004,1.6870602369308472,7733.13720703125,24.544267654418945,1.450792670249939,1.4381994009017944,0.0
icdg10usq_noramp.fits,F125W,10,129.0,0,6,2013-10-16,20:59:55,29.663755,15.944923400878906,8.290077209472656,129.19046020507812,222.09617614746094,134.0,1.0066012144088745,-0.03945297747850418,1.7008914947509766,7755.58740234375,25.199520111083984,1.4608900547027588,1.4311015605926514,0.0
icdg10utq_noramp.fits,F125W,10,129.0,0,6,2013-10-16,21:00:43,29.663755,15.924003601074219,8.322311401367188,129.14718627929688,222.15328979492188,27.0,1.022283911705017,-0.17549479007720947,1.5380847454071045,7718.03515625,24.495309829711914,1.4206546545028687,1.4546191692352295,0.0
icdg10uuq_noramp.fits,F125W,10,129.0,0,6,2013-10-16,21:01:31,29.663755,15.956489562988281,8.294380187988281,129.19363403320312,222.1085968017578,134.0,1.0052590370178223,-0.0354536697268486,1.7086975574493408,7758.34912109375,25.291688919067383,1.4576740264892578,1.4382387399673462,0.0
icdg10uvq_noramp.fits,F160W,10,129.0,0,7,2013-10-16,21:02:25,14.970785,16.019805908203125,8.307846069335938,129.10194396972656,222.31256103515625,140.0,1.0035322904586792,-0.00032680953154340386,2.5619771480560303,7993.57470703125,34.62477493286133,1.3929649591445923,1.583678960800171,0.0
icdg10uwq_noramp.fits,F160W,10,129.0,0,7,2013-10-16,21:02:58,14.970785,16.030197143554688,8.308479309082031,129.11227416992188,222.29815673828125,139.0,1.006732702255249,-0.006481820717453957,2.5710322856903076,7985.60888671875,34.72886276245117,1.3956466913223267,1.5665662288665771,0.0
icdg10uxq_noramp.fits,F160W,10,129.0,0,7,2013-10-16,21:03:31,14.970785,16.033950805664062,8.333427429199219,129.1068572998047,222.306884765625,31.0,1.0260543823242188,-0.18248756229877472,2.398618459701538,7953.49462890625,32.6656494140625,1.399757981300354,1.5811883211135864,0.0
icdg10uyq_noramp.fits,F160W,10,129.0,0,7,2013-10-16,21:04:04,14.970785,16.019569396972656,8.331161499023438,129.10595703125,222.31077575683594,142.0,1.0045264959335327,-0.06021391600370407,2.507138967514038,7939.17138671875,34.64444351196289,1.401285171508789,1.578040599822998,0.0
icdg10uzq_noramp.fits,F160W,10,129.0,0,7,2013-10-16,21:04:37,14.970785,16.02692413330078,8.330276489257812,129.1105194091797,222.30430603027344,142.0,1.0060302019119263,-0.10510506480932236,2.558274745941162,7996.55859375,34.761962890625,1.401369571685791,1.5746512413024902,0.0
icdg10v0q_noramp.fits,F125W,10,129.0,0,8,2013-10-16,21:05:16,29.663755,15.942054748535156,8.298164367675781,129.18344116210938,222.1354522705078,27.0,1.02147376537323,-0.10864419490098953,1.5410385131835938,7699.32177734375,24.169414520263672,1.4562203884124756,1.4541714191436768,0.0
icdg10v1q_noramp.fits,F125W,10,129.0,0,8,2013-10-16,21:06:04,29.663755,15.952445983886719,8.289588928222656,129.18399047851562,222.1322021484375,134.0,1.0057883262634277,-0.03534911200404167,1.7185652256011963,7725.97265625,24.712017059326172,1.4510456323623657,1.4460234642028809,0.0
icdg10v2q_noramp.fits,F125W,10,129.0,0,8,2013-10-16,21:06:52,29.663755,15.965927124023438,8.304252624511719,129.18380737304688,222.13671875,27.0,1.0211833715438843,-0.13155952095985413,1.5200049877166748,7723.48193359375,22.64079475402832,1.4444949626922607,1.4405027627944946,0.0
icdg10v3q_noramp.fits,F125W,10,129.0,0,8,2013-10-16,21:07:40,29.663755,15.989242553710938,8.31591796875,129.1834716796875,222.1315155029297,27.0,1.0204914808273315,-0.054305657744407654,1.534197211265564,7748.69775390625,24.090110778808594,1.4608241319656372,1.451422929763794,0.0
icdg10v4q_noramp.fits,F160W,10,129.0,0,9,2013-10-16,21:08:34,14.970785,16.036109924316406,8.339683532714844,129.109375,222.31651306152344,31.0,1.0223257541656494,-0.15680374205112457,2.3446693420410156,7897.27880859375,32.565242767333984,1.393943428993225,1.5924065113067627,0.0
icdg10v5q_noramp.fits,F160W,10,129.0,0,9,2013-10-16,21:09:07,14.970785,16.021827697753906,8.31561279296875,129.10824584960938,222.3140106201172,139.0,1.0067707300186157,0.003793311771005392,2.601102590560913,7910.8974609375,36.500213623046875,1.3942753076553345,1.5857725143432617,0.0
icdg10v6q_noramp.fits,F160W,10,129.0,0,9,2013-10-16,21:09:40,14.970785,16.05780029296875,8.353355407714844,129.11534118652344,222.33499145507812,26.0,1.0203169584274292,-0.036998577415943146,2.5270564556121826,7964.0517578125,32.29972457885742,1.4102860689163208,1.618179202079773,0.0
icdg10v7q_noramp.fits,F160W,10,129.0,0,9,2013-10-16,21:10:13,14.970785,16.046096801757812,8.338722229003906,129.10324096679688,222.3209686279297,31.0,1.0226203203201294,-0.16140811145305634,2.4441349506378174,7925.8291015625,32.63382339477539,1.3901962041854858,1.5948516130447388,0.0
icdg10v8q_noramp.fits,F160W,10,129.0,0,9,2013-10-16,21:10:46,14.970785,16.047821044921875,8.340530395507812,129.12060546875,222.32347106933594,31.0,1.0215449333190918,-0.11738160997629166,2.3890457153320312,7936.48681640625,32.63229751586914,1.4024409055709839,1.6025242805480957,0.0
icdg10v9q_noramp.fits,F125W,10,129.0,0,10,2013-10-16,21:11:25,29.663755,15.966262817382812,8.299346923828125,129.1874542236328,222.13865661621094,27.0,1.0212634801864624,-0.09175869077444077,1.5315349102020264,7722.80810546875,22.591909408569336,1.4588576555252075,1.4622000455856323,0.0
icdg10vaq_noramp.fits,F125W,10,129.0,0,10,2013-10-16,21:12:13,29.663755,16.00031280517578,8.332283020019531,129.18423461914062,222.14703369140625,27.0,1.0212292671203613,-0.08065588027238846,1.5240061283111572,7735.57568359375,22.585186004638672,1.458325743675232,1.466347336769104,0.0
icdg10vbq_noramp.fits,F125W,10,129.0,0,10,2013-10-16,21:13:01,29.663755,15.982582092285156,8.315399169921875,129.18179321289062,222.1434326171875,27.0,1.0202407836914062,-0.04458330571651459,1.5304813385009766,7736.2666015625,24.63801383972168,1.4639264345169067,1.4741272926330566,0.0
icdg10vcq_noramp.fits,F125W,10,129.0,0,10,2013-10-16,21:13:49,29.663755,15.974464416503906,8.314208984375,129.1846160888672,222.14044189453125,27.0,1.0222188234329224,-0.07798554003238678,1.5591628551483154,7736.07666015625,28.130464553833008,1.4555375576019287,1.4542378187179565,0.0
icdg10vdq_noramp.fits,F160W,10,129.0,0,11,2013-10-16,21:14:43,14.970785,16.007232666015625,8.306907653808594,129.11148071289062,222.33746337890625,140.0,1.008337140083313,-0.10610589385032654,2.6009321212768555,7967.001953125,37.32787322998047,1.4015790224075317,1.6172356605529785,0.0
icdg10veq_noramp.fits,F160W,10,129.0,0,11,2013-10-16,21:15:16,14.970785,16.059288024902344,8.3489990234375,129.1170654296875,222.34022521972656,26.0,1.0218230485916138,-0.011548543348908424,2.5744404792785645,7917.69140625,32.262779235839844,1.3996598720550537,1.6274805068969727,0.0
icdg10vfq_noramp.fits,F160W,10,129.0,0,11,2013-10-16,21:15:49,14.970785,16.055259704589844,8.351493835449219,129.11862182617188,222.3440704345703,26.0,1.0205403566360474,-0.046452198177576065,2.56411075592041,7939.36328125,33.604637145996094,1.4144234657287598,1.6332892179489136,0.0
icdg10vgq_noramp.fits,F160W,10,129.0,0,11,2013-10-16,21:16:22,14.970785,16.051292419433594,8.36114501953125,129.09678649902344,222.31082153320312,31.0,1.0223156213760376,-0.07670561969280243,2.3948090076446533,7909.29931640625,35.5952262878418,1.4124336242675781,1.6118009090423584,0.0
icdg10vhq_noramp.fits,F160W,10,129.0,0,11,2013-10-16,21:16:55,14.970785,16.035934448242188,8.364593505859375,129.1071319580078,222.3431396484375,31.0,1.0255908966064453,-0.13553409278392792,2.3742003440856934,7940.1640625,35.24022674560547,1.4073281288146973,1.6445488929748535,0.0
icdg10viq_noramp.fits,F125W,10,129.0,0,12,2013-10-16,21:17:34,29.663755,15.959632873535156,8.291419982910156,129.17860412597656,222.15179443359375,134.0,1.0028327703475952,0.04975801706314087,1.7615582942962646,7711.49951171875,24.157939910888672,1.4576234817504883,1.4689515829086304,0.0
icdg10vjq_noramp.fits,F125W,10,129.0,0,12,2013-10-16,21:18:22,29.663755,15.957550048828125,8.315437316894531,129.18150329589844,222.15151977539062,27.0,1.0217169523239136,-0.06134993955492973,1.5395416021347046,7775.69970703125,24.095678329467773,1.4520504474639893,1.4735904932022095,0.0
icdg10vkq_noramp.fits,F125W,10,129.0,0,12,2013-10-16,21:19:10,29.663755,16.00469207763672,8.331672668457031,129.18817138671875,222.1542510986328,27.0,1.0195870399475098,-0.03283649682998657,1.5480448007583618,7753.8994140625,27.54141616821289,1.4756439924240112,1.4829198122024536,0.0
icdg10vlq_noramp.fits,F125W,10,129.0,0,12,2013-10-16,21:19:58,29.663755,15.985939025878906,8.3375244140625,129.19033813476562,222.16461181640625,27.0,1.0223733186721802,-0.04230070114135742,1.5212626457214355,7721.37158203125,23.58061408996582,1.4736542701721191,1.485725998878479,0.0
icdg11vnq_noramp.fits,F125W,11,101.0,0,0,2013-10-16,22:16:17,29.663755,0.040802001953125,-0.073577880859375,94.81609344482422,208.05882263183594,96.0,1.0131324529647827,-0.18318283557891846,1.8706828355789185,7753.5146484375,32.68644714355469,1.329242467880249,1.3435572385787964,0.0
icdg11voq_noramp.fits,F125W,11,101.0,0,0,2013-10-16,22:17:05,29.663755,0.0398101806640625,-0.0626068115234375,94.81696319580078,208.06358337402344,96.0,1.0153765678405762,-0.20992600917816162,1.8517417907714844,7755.47119140625,32.74848556518555,1.3187299966812134,1.3412835597991943,0.0
icdg11vpq_noramp.fits,F125W,11,101.0,0,0,2013-10-16,22:17:53,29.663755,0.01751708984375,-0.070831298828125,94.81986236572266,208.05670166015625,96.0,1.0145699977874756,-0.15556736290454865,1.8819061517715454,7805.25048828125,32.880615234375,1.3204065561294556,1.3431456089019775,0.0
icdg11vqq_noramp.fits,F125W,11,101.0,0,0,2013-10-16,22:18:41,29.663755,0.0338134765625,-0.0653228759765625,94.8196029663086,208.059814453125,96.0,1.0167840719223022,-0.19705544412136078,1.8708125352859497,7767.02978515625,32.907798767089844,1.310968041419983,1.3373777866363525,0.0
icdg11vrq_noramp.fits,F160W,11,101.0,0,1,2013-10-16,22:19:35,14.970785,0.0682373046875,-0.0108489990234375,94.71204376220703,208.20831298828125,101.0,1.0190391540527344,-0.14296865463256836,2.4311375617980957,8002.36474609375,43.30807876586914,1.530718445777893,1.4964148998260498,0.0
icdg11vsq_noramp.fits,F160W,11,101.0,0,1,2013-10-16,22:20:08,14.970785,0.06982421875,-0.015960693359375,94.71546936035156,208.21563720703125,101.0,1.018288016319275,-0.20253652334213257,2.4557433128356934,7974.1708984375,43.285030364990234,1.5276951789855957,1.4891085624694824,0.0
icdg11vtq_noramp.fits,F160W,11,101.0,0,1,2013-10-16,22:20:41,14.970785,0.06822967529296875,-0.0030059814453125,94.714111328125,208.20986938476562,101.0,1.0225050449371338,-0.25599145889282227,2.4489424228668213,8020.73388671875,43.42927932739258,1.5226728916168213,1.4900537729263306,0.0
icdg11vuq_noramp.fits,F160W,11,101.0,0,1,2013-10-16,22:21:14,14.970785,0.07745361328125,-0.019439697265625,94.70813751220703,208.20443725585938,101.0,1.0180124044418335,-0.26500824093818665,2.3855669498443604,8018.02978515625,43.288330078125,1.5321018695831299,1.4877712726593018,0.0
icdg11vvq_noramp.fits,F160W,11,101.0,0,1,2013-10-16,22:21:47,14.970785,0.0731353759765625,-0.015960693359375,94.72183990478516,208.20350646972656,101.0,1.0208808183670044,-0.2217404991388321,2.439284086227417,7970.86572265625,43.33893585205078,1.52572500705719,1.4867026805877686,0.0
icdg11vwq_noramp.fits,F125W,11,101.0,0,2,2013-10-16,22:22:26,29.663755,0.04209136962890625,-0.0713348388671875,94.81773376464844,208.06060791015625,96.0,1.0169405937194824,-0.23397739231586456,1.8325386047363281,7784.00048828125,32.871559143066406,1.310166835784912,1.3408093452453613,0.0
icdg11vxq_noramp.fits,F125W,11,101.0,0,2,2013-10-16,22:23:14,29.663755,0.04819488525390625,-0.0413818359375,94.81884002685547,208.06211853027344,96.0,1.0181273221969604,-0.2514196038246155,1.83877694606781,7811.55810546875,31.838022232055664,1.3101329803466797,1.3389922380447388,0.0
icdg11vyq_noramp.fits,F125W,11,101.0,0,2,2013-10-16,22:24:02,29.663755,0.043182373046875,-0.0615997314453125,94.82207489013672,208.05621337890625,96.0,1.0184619426727295,-0.2612876892089844,1.8838196992874146,7796.546875,32.17695617675781,1.3135154247283936,1.342104434967041,0.0
icdg11vzq_noramp.fits,F125W,11,101.0,0,2,2013-10-16,22:24:50,29.663755,0.038482666015625,-0.066131591796875,94.82398223876953,208.05972290039062,96.0,1.020099401473999,-0.24332976341247559,1.8811196088790894,7789.923828125,32.01195526123047,1.307857632637024,1.3357224464416504,0.0
icdg11w0q_noramp.fits,F160W,11,101.0,0,3,2013-10-16,22:25:44,14.970785,0.07682037353515625,-0.0148773193359375,94.72392272949219,208.2110595703125,101.0,1.0217111110687256,-0.30245140194892883,2.436904191970825,8002.84228515625,43.37614059448242,1.5094554424285889,1.4961109161376953,0.0
icdg11w1q_noramp.fits,F160W,11,101.0,0,3,2013-10-16,22:26:17,14.970785,0.05937957763671875,-0.0107879638671875,94.72212982177734,208.20977783203125,101.0,1.0207633972167969,-0.2715226411819458,2.3808536529541016,8004.44970703125,43.34567642211914,1.5121740102767944,1.4882757663726807,0.0
icdg11w2q_noramp.fits,F160W,11,101.0,0,3,2013-10-16,22:26:50,14.970785,0.0745391845703125,-0.0093841552734375,94.73005676269531,208.20947265625,101.0,1.0197608470916748,-0.2643407881259918,2.37758207321167,8021.666015625,43.3334846496582,1.49875009059906,1.4867397546768188,0.0
icdg11w3q_noramp.fits,F160W,11,101.0,0,3,2013-10-16,22:27:23,14.970785,0.07492828369140625,-0.01580810546875,94.71733856201172,208.20921325683594,101.0,1.023719072341919,-0.2731837332248688,2.415198802947998,8023.521484375,43.444801330566406,1.5096651315689087,1.4911354780197144,0.0
icdg11w4q_noramp.fits,F160W,11,101.0,0,3,2013-10-16,22:27:56,14.970785,0.06707000732421875,0.00617218017578125,94.72091674804688,208.2105255126953,101.0,1.0189317464828491,-0.28367215394973755,2.455003023147583,8001.05078125,43.97479248046875,1.5171386003494263,1.4951539039611816,0.0
icdg11w5q_noramp.fits,F125W,11,101.0,0,4,2013-10-16,22:28:35,29.663755,0.0403594970703125,-0.05865478515625,94.82633209228516,208.0601348876953,96.0,1.0195752382278442,-0.25299325585365295,1.8856120109558105,7733.74560546875,32.91407012939453,1.3117717504501343,1.3436754941940308,0.0
icdg11w6q_noramp.fits,F125W,11,101.0,0,4,2013-10-16,22:29:23,29.663755,0.06156158447265625,-0.0715789794921875,94.8248519897461,208.05960083007812,106.0,1.0215301513671875,-0.20002460479736328,1.825295329093933,7767.19873046875,33.20488357543945,1.3074201345443726,1.3360004425048828,0.0
icdg11w7q_noramp.fits,F125W,11,101.0,0,4,2013-10-16,22:30:11,29.663755,0.02852630615234375,-0.0734405517578125,94.82630157470703,208.05462646484375,96.0,1.0205594301223755,-0.26447999477386475,1.8710652589797974,7801.09228515625,33.00275421142578,1.3009843826293945,1.3366409540176392,0.0
icdg11w8q_noramp.fits,F125W,11,101.0,0,4,2013-10-16,22:30:59,29.663755,0.0446929931640625,-0.091583251953125,94.82799530029297,208.0542449951172,112.0,1.0212327241897583,-0.24461646378040314,1.7664906978607178,7784.7939453125,32.8937873840332,1.3048651218414307,1.33545982837677,0.0
icdg11w9q_noramp.fits,F160W,11,101.0,0,5,2013-10-16,22:31:53,14.970785,0.077484130859375,-0.0186004638671875,94.73135375976562,208.2089080810547,101.0,1.0217465162277222,-0.29388368129730225,2.426408052444458,7998.55029296875,44.13080596923828,1.4930790662765503,1.4827110767364502,0.0
icdg11waq_noramp.fits,F160W,11,101.0,0,5,2013-10-16,22:32:26,14.970785,0.075103759765625,-0.004486083984375,94.73179626464844,208.21336364746094,101.0,1.0223208665847778,-0.2938903272151947,2.387601613998413,8014.32177734375,43.38679504394531,1.5019946098327637,1.4879804849624634,0.0
icdg11wbq_noramp.fits,F160W,11,101.0,0,5,2013-10-16,22:32:59,14.970785,0.0922088623046875,-0.023956298828125,94.72820281982422,208.21249389648438,101.0,1.0222651958465576,-0.2658534049987793,2.420231580734253,8019.66015625,43.39999008178711,1.4957562685012817,1.49741530418396,0.0
icdg11wcq_noramp.fits,F160W,11,101.0,0,5,2013-10-16,22:33:32,14.970785,0.07602691650390625,-0.015228271484375,94.73218536376953,208.20947265625,101.0,1.0220633745193481,-0.25326117873191833,2.422159194946289,8006.63134765625,43.39484405517578,1.5048214197158813,1.4854457378387451,0.0
icdg11wdq_noramp.fits,F160W,11,101.0,0,5,2013-10-16,22:34:05,14.970785,0.08223724365234375,-0.0330810546875,94.73094177246094,208.20953369140625,99.0,1.02195405960083,-0.2959696054458618,2.4435935020446777,7994.57666015625,44.12787628173828,1.500002384185791,1.486411452293396,0.0
icdg11weq_noramp.fits,F125W,11,101.0,0,6,2013-10-16,22:34:44,29.663755,0.0560302734375,-0.072784423828125,94.82872009277344,208.0593719482422,112.0,1.0211377143859863,-0.23836849629878998,1.8130779266357422,7800.93994140625,33.0399284362793,1.305105447769165,1.3430134057998657,0.0
icdg11wfq_noramp.fits,F125W,11,101.0,0,6,2013-10-16,22:35:32,29.663755,0.050140380859375,-0.0542755126953125,94.83904266357422,208.05421447753906,112.0,1.020499348640442,-0.22056905925273895,1.824752926826477,7791.8544921875,32.51204299926758,1.295522928237915,1.3373403549194336,0.0
icdg11wgq_noramp.fits,F125W,11,101.0,0,6,2013-10-16,22:36:20,29.663755,0.0386505126953125,0.017303466796875,94.81531524658203,208.0906219482422,96.0,1.0229016542434692,-0.30828019976615906,1.8344988822937012,7766.30029296875,32.39681625366211,1.316875696182251,1.3593827486038208,0.0
icdg11whq_noramp.fits,F125W,11,101.0,0,6,2013-10-16,22:37:08,29.663755,0.06360626220703125,-0.053619384765625,94.84898376464844,208.0533447265625,112.0,1.0210011005401611,-0.2562413215637207,1.8230708837509155,7760.91357421875,32.43065643310547,1.2886474132537842,1.329930067062378,0.0
icdg11wiq_noramp.fits,F160W,11,101.0,0,7,2013-10-16,22:38:02,14.970785,0.082672119140625,0.02017974853515625,94.73585510253906,208.2217559814453,101.0,1.0243077278137207,-0.34648269414901733,2.424382448196411,7959.6201171875,43.40645217895508,1.4923601150512695,1.497293472290039,0.0
icdg11wjq_noramp.fits,F160W,11,101.0,0,7,2013-10-16,22:38:35,14.970785,0.1085662841796875,0.0023040771484375,94.74388122558594,208.22454833984375,101.0,1.023849368095398,-0.35974833369255066,2.3738176822662354,8031.0888671875,43.15306854248047,1.4881372451782227,1.4846514463424683,0.0
icdg11wkq_noramp.fits,F160W,11,101.0,0,7,2013-10-16,22:39:08,14.970785,0.09156036376953125,0.0050811767578125,94.74287414550781,208.22967529296875,101.0,1.0234965085983276,-0.36080071330070496,2.410149335861206,7983.138671875,43.09404754638672,1.4988290071487427,1.5037117004394531,0.0
icdg11wlq_noramp.fits,F160W,11,101.0,0,7,2013-10-16,22:39:41,14.970785,0.10894012451171875,0.012725830078125,94.74597930908203,208.2295684814453,101.0,1.021377682685852,-0.34944358468055725,2.3964884281158447,8009.1455078125,43.07370376586914,1.4882903099060059,1.4987486600875854,0.0
icdg11wmq_noramp.fits,F160W,11,101.0,0,7,2013-10-16,22:40:14,14.970785,0.0974578857421875,0.0167694091796875,94.74524688720703,208.23033142089844,101.0,1.0212846994400024,-0.33858367800712585,2.4057912826538086,8014.47119140625,43.071754455566406,1.4934849739074707,1.5099914073944092,0.0
icdg11wnq_noramp.fits,F125W,11,101.0,0,8,2013-10-16,22:40:53,29.663755,0.0885009765625,-0.0380096435546875,94.8525390625,208.0743865966797,106.0,1.0199577808380127,-0.22179704904556274,1.8296828269958496,7772.4501953125,33.064361572265625,1.2978661060333252,1.3352704048156738,0.0
icdg11woq_noramp.fits,F125W,11,101.0,0,8,2013-10-16,22:41:41,29.663755,0.08638763427734375,0.00582122802734375,94.84518432617188,208.07810974121094,106.0,1.0213061571121216,-0.23223748803138733,1.7808151245117188,7802.81005859375,32.99736022949219,1.2974507808685303,1.3386015892028809,0.0
icdg11wpq_noramp.fits,F125W,11,101.0,0,8,2013-10-16,22:42:29,29.663755,0.08232879638671875,-0.03546142578125,94.84902954101562,208.08340454101562,112.0,1.0217963457107544,-0.22388507425785065,1.8520851135253906,7768.2978515625,32.23836135864258,1.2921340465545654,1.33266019821167,0.0
icdg11wqq_noramp.fits,F125W,11,101.0,0,8,2013-10-16,22:43:17,29.663755,0.087554931640625,-0.0341033935546875,94.85181427001953,208.07635498046875,106.0,1.0219310522079468,-0.19692708551883698,1.8157330751419067,7779.05859375,33.14311599731445,1.2957104444503784,1.3335329294204712,0.0
icdg11wrq_noramp.fits,F160W,11,101.0,0,9,2013-10-16,22:44:11,14.970785,0.10120391845703125,0.02684783935546875,94.75370025634766,208.23330688476562,101.0,1.024881362915039,-0.3229907751083374,2.396151065826416,7971.921875,43.13518524169922,1.4751418828964233,1.499947190284729,0.0
icdg11wsq_noramp.fits,F160W,11,101.0,0,9,2013-10-16,22:44:44,14.970785,0.1179962158203125,0.0308074951171875,94.7565689086914,208.23777770996094,101.0,1.0270202159881592,-0.31470441818237305,2.38681697845459,8067.4697265625,43.25694274902344,1.4776437282562256,1.5133960247039795,0.0
icdg11wtq_noramp.fits,F160W,11,101.0,0,9,2013-10-16,22:45:17,14.970785,0.13018035888671875,0.02338409423828125,94.75575256347656,208.2286376953125,101.0,1.0263752937316895,-0.3173448443412781,2.3821966648101807,7997.78369140625,44.70158386230469,1.4804025888442993,1.4941941499710083,0.0
icdg11wuq_noramp.fits,F160W,11,101.0,0,9,2013-10-16,22:45:50,14.970785,0.1013946533203125,0.025482177734375,94.75316619873047,208.23257446289062,101.0,1.025528907775879,-0.31369996070861816,2.3729536533355713,7932.9462890625,44.600547790527344,1.4852429628372192,1.509056568145752,0.0
icdg11wvq_noramp.fits,F160W,11,101.0,0,9,2013-10-16,22:46:23,14.970785,0.12469482421875,0.07016754150390625,94.75394439697266,208.22384643554688,71.0,1.0343554019927979,-0.38157400488853455,2.481724739074707,8036.25146484375,33.24162292480469,1.4838076829910278,1.5026271343231201,0.0
icdg11wwq_noramp.fits,F125W,11,101.0,0,10,2013-10-16,22:47:02,29.663755,0.08856201171875,-0.029022216796875,94.86521911621094,208.07664489746094,106.0,1.0219924449920654,-0.18214747309684753,1.783583641052246,7768.50146484375,32.98592758178711,1.2883509397506714,1.3282742500305176,0.0
icdg11wxq_noramp.fits,F125W,11,101.0,0,10,2013-10-16,22:47:50,29.663755,0.09102630615234375,0.02014923095703125,94.85931396484375,208.08448791503906,106.0,1.0236603021621704,-0.21386824548244476,1.7930612564086914,7802.666015625,33.12554931640625,1.2929269075393677,1.3350244760513306,0.0
icdg11wyq_noramp.fits,F125W,11,101.0,0,10,2013-10-16,22:48:38,29.663755,0.08705902099609375,0.0157318115234375,94.86101531982422,208.0822296142578,106.0,1.0233865976333618,-0.18563778698444366,1.8300132751464844,7802.802734375,33.05915069580078,1.2943365573883057,1.3318655490875244,0.0
icdg11wzq_noramp.fits,F125W,11,101.0,0,10,2013-10-16,22:49:26,29.663755,0.02582550048828125,-0.147308349609375,94.86573791503906,208.08279418945312,115.0,1.020478367805481,-0.21667009592056274,1.8421382904052734,7810.53759765625,33.04976272583008,1.2894638776779175,1.3332560062408447,0.0
icdg11x0q_noramp.fits,F160W,11,101.0,0,11,2013-10-16,22:50:20,14.970785,0.13304901123046875,0.02228546142578125,94.76713562011719,208.24676513671875,73.0,1.0173417329788208,-0.17129607498645782,2.4730770587921143,8016.2587890625,34.19432830810547,1.4636212587356567,1.525083303451538,0.0
icdg11x1q_noramp.fits,F160W,11,101.0,0,11,2013-10-16,22:50:53,14.970785,0.13048553466796875,0.03780364990234375,94.76790618896484,208.23936462402344,101.0,1.028084635734558,-0.35044047236442566,2.395204782485962,8021.513671875,43.253143310546875,1.4589099884033203,1.506304383277893,0.0
icdg11x2q_noramp.fits,F160W,11,101.0,0,11,2013-10-16,22:51:26,14.970785,0.15350341796875,0.07344818115234375,94.77946472167969,208.25181579589844,73.0,1.0175443887710571,-0.21359418332576752,2.4910852909088135,7993.49609375,33.027183532714844,1.4563508033752441,1.50645911693573,0.0
icdg11x3q_noramp.fits,F160W,11,101.0,0,11,2013-10-16,22:51:59,14.970785,0.147552490234375,0.03815460205078125,94.75606536865234,208.23583984375,101.0,1.0289299488067627,-0.4061793088912964,2.353344440460205,7976.634765625,44.760433197021484,1.4610525369644165,1.4914679527282715,0.0
icdg11x4q_noramp.fits,F160W,11,101.0,0,11,2013-10-16,22:52:32,14.970785,0.11908721923828125,0.0697021484375,94.76551818847656,208.23744201660156,101.0,1.0266330242156982,-0.332290917634964,2.374424934387207,7999.4033203125,43.18510437011719,1.464612364768982,1.5039379596710205,0.0
icdg11x5q_noramp.fits,F125W,11,101.0,0,12,2013-10-16,22:53:11,29.663755,0.1051788330078125,0.012939453125,94.86994171142578,208.08645629882812,70.0,1.0263035297393799,-0.19333000481128693,1.8283276557922363,7785.86083984375,25.191679000854492,1.2906581163406372,1.3318754434585571,0.0
icdg11x6q_noramp.fits,F125W,11,101.0,0,12,2013-10-16,22:53:59,29.663755,0.11859130859375,0.0022735595703125,94.8716812133789,208.0852508544922,96.0,1.028235912322998,-0.29377707839012146,1.8609472513198853,7746.86474609375,33.24310302734375,1.2836103439331055,1.3287724256515503,0.0
icdg11x7q_noramp.fits,F125W,11,101.0,0,12,2013-10-16,22:54:47,29.663755,0.0946197509765625,0.01836395263671875,94.87080383300781,208.0924835205078,113.0,1.0217695236206055,-0.17633642256259918,1.8054240942001343,7759.525390625,33.09251403808594,1.2895817756652832,1.3298286199569702,0.0
icdg11x8q_noramp.fits,F125W,11,101.0,0,12,2013-10-16,22:55:35,29.663755,0.09499359130859375,0.03508758544921875,94.87108612060547,208.089599609375,70.0,1.027016043663025,-0.14536190032958984,1.8625133037567139,7801.6171875,25.318580627441406,1.2828779220581055,1.3303229808807373,0.0
icdg12xaq_noramp.fits,F125W,12,129.0,0,0,2013-10-16,23:51:55,29.663755,15.9605712890625,8.256278991699219,129.20590209960938,222.0985107421875,19.0,1.0084736347198486,0.039808232337236404,1.7903175354003906,7716.44970703125,23.791433334350586,1.4787179231643677,1.4235796928405762,0.0
icdg12xbq_noramp.fits,F125W,12,129.0,0,0,2013-10-16,23:52:43,29.663755,15.985870361328125,8.280082702636719,129.19468688964844,222.1036376953125,134.0,1.0030299425125122,0.056481391191482544,1.7067309617996216,7706.24462890625,24.844192504882812,1.4633535146713257,1.415939450263977,0.0
icdg12xcq_noramp.fits,F125W,12,129.0,0,0,2013-10-16,23:53:31,29.663755,15.9859619140625,8.282646179199219,129.2073974609375,222.11083984375,134.0,1.0023109912872314,0.06645649671554565,1.7142798900604248,7709.38916015625,25.01917266845703,1.4838058948516846,1.4304472208023071,0.0
icdg12xdq_noramp.fits,F125W,12,129.0,0,0,2013-10-16,23:54:19,29.663755,15.950775146484375,8.261528015136719,129.19285583496094,222.099365234375,18.0,1.015493631362915,0.007841168902814388,1.7459825277328491,7739.763671875,24.181808471679688,1.457655429840088,1.4125548601150513,0.0
icdg12xeq_noramp.fits,F160W,12,129.0,0,1,2013-10-16,23:55:13,14.970785,16.036209106445312,8.283546447753906,129.11917114257812,222.27183532714844,43.0,1.0088965892791748,0.17611092329025269,2.6024231910705566,7910.60107421875,32.52784729003906,1.3949403762817383,1.5176061391830444,0.0
icdg12xfq_noramp.fits,F160W,12,129.0,0,1,2013-10-16,23:55:46,14.970785,16.01959991455078,8.282157897949219,129.12171936035156,222.27618408203125,140.0,1.0060360431671143,0.046194594353437424,2.5472707748413086,7914.91650390625,34.595054626464844,1.4027841091156006,1.531038761138916,0.0
icdg12xgq_noramp.fits,F160W,12,129.0,0,1,2013-10-16,23:56:19,14.970785,16.036651611328125,8.290443420410156,129.1148223876953,222.27720642089844,43.0,1.0091261863708496,0.14440730214118958,2.621232032775879,7931.45263671875,32.564876556396484,1.399334192276001,1.53391695022583,0.0
icdg12xhq_noramp.fits,F160W,12,129.0,0,1,2013-10-16,23:56:52,14.970785,16.036056518554688,8.284843444824219,129.1134796142578,222.28285217285156,43.0,1.0116381645202637,0.1520165055990219,2.5840823650360107,7938.4443359375,32.573463439941406,1.404557466506958,1.543350338935852,0.0
icdg12xiq_noramp.fits,F160W,12,129.0,0,1,2013-10-16,23:57:25,14.970785,16.035354614257812,8.283729553222656,129.11265563964844,222.2774658203125,43.0,1.0088528394699097,0.11567255854606628,2.626094102859497,7933.72265625,32.58640670776367,1.403439998626709,1.5262477397918701,0.0
icdg12xjq_noramp.fits,F125W,12,129.0,0,2,2013-10-16,23:58:04,29.663755,15.981475830078125,8.279815673828125,129.19044494628906,222.10751342773438,134.0,1.0046099424362183,0.006257096771150827,1.7151925563812256,7719.4365234375,23.445865631103516,1.4632363319396973,1.4262871742248535,0.0
icdg12xkq_noramp.fits,F125W,12,129.0,0,2,2013-10-16,23:58:52,29.663755,15.942169189453125,8.26641845703125,129.1872100830078,222.1042022705078,18.0,1.0192033052444458,-0.03863779455423355,1.7506728172302246,7681.14404296875,24.260589599609375,1.4547866582870483,1.4174937009811401,0.0
icdg12xlq_noramp.fits,F125W,12,129.0,0,2,2013-10-16,23:59:40,29.663755,15.990226745605469,8.287872314453125,129.19046020507812,222.1033477783203,134.0,1.0039310455322266,0.042752109467983246,1.705459713935852,7738.6845703125,24.643407821655273,1.4538825750350952,1.4248008728027344,0.0
icdg12xmq_noramp.fits,F125W,12,129.0,0,2,2013-10-17,00:00:28,29.663755,15.9832763671875,8.285102844238281,129.185791015625,222.11038208007812,134.0,1.0053390264511108,0.006612665951251984,1.6933205127716064,7683.25146484375,24.881935119628906,1.4562112092971802,1.4297642707824707,0.0
icdg12xnq_noramp.fits,F160W,12,129.0,0,3,2013-10-17,00:01:22,14.970785,16.031044006347656,8.274810791015625,129.1211700439453,222.28294372558594,43.0,1.014150857925415,0.07717107236385345,2.5208346843719482,7907.4794921875,34.581233978271484,1.3950457572937012,1.5315630435943604,0.0
icdg12xoq_noramp.fits,F160W,12,129.0,0,3,2013-10-17,00:01:55,14.970785,16.02655029296875,8.290863037109375,129.1058807373047,222.28456115722656,43.0,1.0113251209259033,0.01389412209391594,2.5835001468658447,7913.458984375,32.538455963134766,1.3893648386001587,1.5387306213378906,0.0
icdg12xpq_noramp.fits,F160W,12,129.0,0,3,2013-10-17,00:02:28,14.970785,16.017807006835938,8.293617248535156,129.11776733398438,222.29725646972656,140.0,1.007651686668396,-0.01306457445025444,2.5636911392211914,7942.5,37.60893249511719,1.408703327178955,1.5666009187698364,0.0
icdg12xqq_noramp.fits,F160W,12,129.0,0,3,2013-10-17,00:03:01,14.970785,16.022903442382812,8.290458679199219,129.10914611816406,222.27935791015625,43.0,1.0111074447631836,0.10451816767454147,2.5415477752685547,7925.58349609375,32.535579681396484,1.398154616355896,1.5411871671676636,0.0
icdg12xrq_noramp.fits,F160W,12,129.0,0,3,2013-10-17,00:03:34,14.970785,16.028602600097656,8.295310974121094,129.10678100585938,222.28639221191406,43.0,1.0108661651611328,0.10732997953891754,2.5812976360321045,7902.4169921875,32.52337646484375,1.394347071647644,1.5465644598007202,0.0
icdg12xsq_noramp.fits,F125W,12,129.0,0,4,2013-10-17,00:04:13,29.663755,15.983810424804688,8.282989501953125,129.1900177001953,222.10987854003906,134.0,1.0050712823867798,0.02236275002360344,1.7195863723754883,7676.9697265625,24.52523422241211,1.4600956439971924,1.4345331192016602,0.0
icdg12xtq_noramp.fits,F125W,12,129.0,0,4,2013-10-17,00:05:01,29.663755,15.971160888671875,8.28167724609375,129.18170166015625,222.11459350585938,134.0,1.0074427127838135,-0.015909556299448013,1.6943856477737427,7716.8857421875,24.76291275024414,1.452414631843567,1.4231829643249512,0.0
icdg12xuq_noramp.fits,F125W,12,129.0,0,4,2013-10-17,00:05:49,29.663755,15.964187622070312,8.28131103515625,129.18238830566406,222.1162872314453,134.0,1.0081908702850342,-0.02827542833983898,1.7089276313781738,7701.20849609375,23.829248428344727,1.447654366493225,1.431503415107727,0.0
icdg12xvq_noramp.fits,F125W,12,129.0,0,4,2013-10-17,00:06:37,29.663755,15.962738037109375,8.285682678222656,129.1842498779297,222.1168670654297,134.0,1.0066845417022705,0.009983213618397713,1.7257869243621826,7751.5625,24.794185638427734,1.4483044147491455,1.436219334602356,0.0
icdg12xwq_noramp.fits,F160W,12,129.0,0,5,2013-10-17,00:07:31,14.970785,16.019943237304688,8.300506591796875,129.10922241210938,222.2833709716797,43.0,1.0134011507034302,0.07977348566055298,2.5641446113586426,7903.45556640625,34.609066009521484,1.3923828601837158,1.5348190069198608,0.0
icdg12xxq_noramp.fits,F160W,12,129.0,0,5,2013-10-17,00:08:04,14.970785,16.03997039794922,8.2928466796875,129.1115264892578,222.28756713867188,43.0,1.011244535446167,0.01897096447646618,2.5510377883911133,7907.69091796875,32.50849151611328,1.40394926071167,1.5504190921783447,0.0
icdg12xyq_noramp.fits,F160W,12,129.0,0,5,2013-10-17,00:08:37,14.970785,16.031112670898438,8.3004150390625,129.10743713378906,222.29324340820312,43.0,1.0112379789352417,0.08584822714328766,2.583125591278076,7958.65771484375,32.585914611816406,1.4034247398376465,1.5511473417282104,0.0
icdg12xzq_noramp.fits,F160W,12,129.0,0,5,2013-10-17,00:09:10,14.970785,16.035751342773438,8.295112609863281,129.111083984375,222.2959747314453,43.0,1.010327696800232,-0.020261643454432487,2.5331602096557617,7925.14111328125,32.542667388916016,1.3969593048095703,1.5478787422180176,0.0
icdg12y0q_noramp.fits,F160W,12,129.0,0,5,2013-10-17,00:09:43,14.970785,16.023223876953125,8.289718627929688,129.10760498046875,222.2950897216797,43.0,1.013403296470642,0.017510369420051575,2.542604923248291,7913.62548828125,32.55719757080078,1.3982570171356201,1.5621618032455444,0.0
icdg12y1q_noramp.fits,F125W,12,129.0,0,6,2013-10-17,00:10:22,29.663755,15.968582153320312,8.288330078125,129.1924285888672,222.1125946044922,134.0,1.0033729076385498,0.010844221338629723,1.7279623746871948,7687.32763671875,23.861268997192383,1.4590928554534912,1.438134789466858,0.0
icdg12y2q_noramp.fits,F125W,12,129.0,0,6,2013-10-17,00:11:10,29.663755,15.96624755859375,8.292083740234375,129.1904296875,222.10675048828125,134.0,1.0057575702667236,-0.0012845380697399378,1.7430527210235596,7711.63818359375,25.39266586303711,1.4539456367492676,1.4294419288635254,0.0
icdg12y3q_noramp.fits,F125W,12,129.0,0,6,2013-10-17,00:11:58,29.663755,15.977821350097656,8.274261474609375,129.1576385498047,222.15325927734375,134.0,1.0041210651397705,-0.003603963414207101,1.74349045753479,7713.14794921875,25.149688720703125,1.4374358654022217,1.4621425867080688,0.0
icdg12y4q_noramp.fits,F125W,12,129.0,0,6,2013-10-17,00:12:46,29.663755,15.960678100585938,8.292083740234375,129.20111083984375,222.11749267578125,134.0,1.008386254310608,-0.02442542277276516,1.7073390483856201,7707.4599609375,25.620227813720703,1.4705042839050293,1.4405481815338135,0.0
icdg12y5q_noramp.fits,F160W,12,129.0,0,7,2013-10-17,00:13:40,14.970785,16.034942626953125,8.313041687011719,129.1069793701172,222.30975341796875,139.0,1.0092625617980957,-0.08917379379272461,2.557985305786133,7952.3369140625,34.71591567993164,1.3951210975646973,1.5818358659744263,0.0
icdg12y6q_noramp.fits,F160W,12,129.0,0,7,2013-10-17,00:14:13,14.970785,16.046600341796875,8.320175170898438,129.11575317382812,222.3018798828125,142.0,1.0058575868606567,-0.1239796131849289,2.5467782020568848,7938.70361328125,36.583457946777344,1.3949241638183594,1.574735403060913,0.0
icdg12y7q_noramp.fits,F160W,12,129.0,0,7,2013-10-17,00:14:46,14.970785,16.03265380859375,8.324783325195312,129.11236572265625,222.3123321533203,142.0,1.0033799409866333,0.014738831669092178,2.5445377826690674,7913.3515625,34.646888732910156,1.3968278169631958,1.5792394876480103,0.0
icdg12y8q_noramp.fits,F160W,12,129.0,0,7,2013-10-17,00:15:19,14.970785,16.03752899169922,8.314399719238281,129.11451721191406,222.3046112060547,139.0,1.0085853338241577,0.014721603132784367,2.5740573406219482,7945.9775390625,34.7253303527832,1.396698236465454,1.574109435081482,0.0
icdg12y9q_noramp.fits,F160W,12,129.0,0,7,2013-10-17,00:15:52,14.970785,16.038131713867188,8.323944091796875,129.11280822753906,222.31204223632812,142.0,1.0037325620651245,-0.02544836327433586,2.553438186645508,7902.69580078125,35.77534103393555,1.4009647369384766,1.5840790271759033,0.0
icdg12yaq_noramp.fits,F125W,12,129.0,0,8,2013-10-17,00:16:31,29.663755,15.9786376953125,8.307937622070312,129.193603515625,222.1305389404297,27.0,1.0217344760894775,-0.09259551763534546,1.5382468700408936,7683.8486328125,23.839303970336914,1.4590479135513306,1.4498425722122192,0.0
icdg12ybq_noramp.fits,F125W,12,129.0,0,8,2013-10-17,00:17:19,29.663755,15.988273620605469,8.302749633789062,129.19288635253906,222.13673400878906,27.0,1.0204110145568848,-0.0554007850587368,1.5424540042877197,7707.55859375,23.758407592773438,1.4650558233261108,1.4519140720367432,0.0
icdg12ycq_noramp.fits,F125W,12,129.0,0,8,2013-10-17,00:18:07,29.663755,15.970993041992188,8.315582275390625,129.18505859375,222.139404296875,27.0,1.0235956907272339,-0.11111561954021454,1.5281126499176025,7698.515625,24.134807586669922,1.4564247131347656,1.4505361318588257,0.0
icdg12ydq_noramp.fits,F125W,12,129.0,0,8,2013-10-17,00:18:55,29.663755,15.988357543945312,8.31317138671875,129.19728088378906,222.1338348388672,27.0,1.0244821310043335,-0.10482273250818253,1.5466506481170654,7663.259765625,22.559110641479492,1.4682962894439697,1.4547170400619507,0.0
icdg12yeq_noramp.fits,F160W,12,129.0,0,9,2013-10-17,00:19:49,14.970785,16.04290771484375,8.334907531738281,129.11729431152344,222.32957458496094,31.0,1.0276261568069458,-0.09908468276262283,2.4199929237365723,7949.8984375,32.70621871948242,1.4009143114089966,1.6043593883514404,0.0
icdg12yfq_noramp.fits,F160W,12,129.0,0,9,2013-10-17,00:20:22,14.970785,16.0526123046875,8.339012145996094,129.11306762695312,222.33087158203125,34.0,1.0281144380569458,-0.16385768353939056,2.3641953468322754,7908.7626953125,34.615108489990234,1.406463861465454,1.607896089553833,0.0
icdg12ygq_noramp.fits,F160W,12,129.0,0,9,2013-10-17,00:20:55,14.970785,16.044754028320312,8.32275390625,129.140869140625,222.36349487304688,142.0,1.0090925693511963,-0.0727628543972969,2.5951716899871826,7952.39208984375,37.951454162597656,1.4299750328063965,1.6591525077819824,0.0
icdg12yhq_noramp.fits,F160W,12,129.0,0,9,2013-10-17,00:21:28,14.970785,16.06036376953125,8.350517272949219,129.11569213867188,222.33349609375,31.0,1.0251981019973755,-0.09110548347234726,2.4050750732421875,7911.35009765625,34.561248779296875,1.4078545570373535,1.609979271888733,0.0
icdg12yiq_noramp.fits,F160W,12,129.0,0,9,2013-10-17,00:22:01,14.970785,16.05474853515625,8.341156005859375,129.1085968017578,222.33755493164062,26.0,1.0193463563919067,-0.011923413723707199,2.557339668273926,7914.16015625,32.234256744384766,1.4041019678115845,1.6225957870483398,0.0
icdg12yjq_noramp.fits,F125W,12,129.0,0,10,2013-10-17,00:22:40,29.663755,15.925224304199219,8.254364013671875,129.22349548339844,222.16323852539062,20.0,1.0137330293655396,0.040148258209228516,1.7895106077194214,7646.365234375,23.313631057739258,1.5193202495574951,1.50797438621521,0.0
icdg12ykq_noramp.fits,F125W,12,129.0,0,10,2013-10-17,00:23:28,29.663755,15.82769775390625,8.199638366699219,129.20860290527344,222.16357421875,38.0,1.0233192443847656,-0.15833012759685516,1.773295283317566,7717.7060546875,23.082658767700195,1.499360203742981,1.500687837600708,0.0
icdg12ylq_noramp.fits,F125W,12,129.0,0,10,2013-10-17,00:24:16,29.663755,15.985710144042969,8.312225341796875,129.1925506591797,222.14356994628906,27.0,1.0231058597564697,-0.06343930959701538,1.52067232131958,7686.63330078125,23.673433303833008,1.463291883468628,1.4638574123382568,0.0
icdg12ymq_noramp.fits,F125W,12,129.0,0,10,2013-10-17,00:25:04,29.663755,16.000526428222656,8.328781127929688,129.19705200195312,222.15097045898438,27.0,1.0251762866973877,-0.037638675421476364,1.5336689949035645,7703.98193359375,22.779428482055664,1.4800935983657837,1.4690065383911133,0.0
icdg12ynq_noramp.fits,F160W,12,129.0,0,11,2013-10-17,00:25:58,14.970785,15.935287475585938,8.226669311523438,129.10984802246094,222.34136962890625,26.0,1.0276801586151123,-0.0888027548789978,2.52679705619812,7892.2802734375,35.615447998046875,1.4244848489761353,1.6491600275039673,0.0
icdg12yoq_noramp.fits,F160W,12,129.0,0,11,2013-10-17,00:26:31,14.970785,16.064117431640625,8.36981201171875,129.10797119140625,222.330322265625,26.0,1.0238348245620728,-0.060180846601724625,2.547919750213623,7928.3291015625,36.305171966552734,1.4042856693267822,1.6154884099960327,0.0
icdg12ypq_noramp.fits,F160W,12,129.0,0,11,2013-10-17,00:27:04,14.970785,16.061180114746094,8.354652404785156,129.1197967529297,222.3385009765625,31.0,1.0234869718551636,-0.12059078365564346,2.3851735591888428,7893.68408203125,33.56744384765625,1.4088587760925293,1.6229674816131592,0.0
icdg12yqq_noramp.fits,F160W,12,129.0,0,11,2013-10-17,00:27:37,14.970785,16.051223754882812,8.345588684082031,129.1195831298828,222.3461456298828,26.0,1.019461989402771,-0.15870103240013123,2.573960304260254,7911.02587890625,32.25060272216797,1.4100078344345093,1.636804223060608,0.0
icdg12yrq_noramp.fits,F160W,12,129.0,0,11,2013-10-17,00:28:10,14.970785,16.076736450195312,8.36834716796875,129.12933349609375,222.3637237548828,26.0,1.0242114067077637,-0.05047506093978882,2.5465452671051025,7905.69482421875,32.264434814453125,1.4308879375457764,1.655367136001587,0.0
icdg12ysq_noramp.fits,F125W,12,129.0,0,12,2013-10-17,00:28:49,29.663755,15.970741271972656,8.323760986328125,129.20584106445312,222.1605682373047,27.0,1.0239311456680298,-0.057793427258729935,1.5616520643234253,7690.2802734375,23.135814666748047,1.4971463680267334,1.4960088729858398,0.0
icdg12ytq_noramp.fits,F125W,12,129.0,0,12,2013-10-17,00:29:37,29.663755,16.005828857421875,8.339126586914062,129.2041015625,222.15843200683594,27.0,1.0240042209625244,-0.022899214178323746,1.511436104774475,7666.5478515625,22.903451919555664,1.4785082340240479,1.4859012365341187,0.0
icdg12yuq_noramp.fits,F125W,12,129.0,0,12,2013-10-17,00:30:25,29.663755,15.982147216796875,8.323654174804688,129.19337463378906,222.1629180908203,27.0,1.025065302848816,-0.07108864933252335,1.524328589439392,7699.9052734375,23.60228157043457,1.4732201099395752,1.483190894126892,0.0
icdg12yvq_noramp.fits,F125W,12,129.0,0,12,2013-10-17,00:31:13,29.663755,16.00177764892578,8.335494995117188,129.19822692871094,222.1636962890625,27.0,1.024308443069458,0.0008364499663002789,1.5220301151275635,7707.05126953125,22.728487014770508,1.4816206693649292,1.4871020317077637,0.0
