FILENAME,FILTER,ORBIT,POSANG,DITHER,EXPOSURE_SET,OBS_DATE,OBS_TIME,EXPOSURE_TIME,FIELD10,FIELD11,XOFF,YOFF,XCENTER,YCENTER,PSF_ID,PSF_AMPLITUTE,SKY_LEVEL,SKY_SIGMA,FLUX,FLUXERR,XFWHM,YFWHM
icdg10u0q_myfits.fits,F125W,10,129.0,0,0,2013-10-16,20:40:40,29.663755,15.8975830078125,8.265274047851562,0.0,0.0,129.1982421875,222.09202575683594,0.0,0.9900000095367432,-7.592398643493652,17.747419357299805,9140.8876953125,159.13348388671875,1.4723472595214844,1.414258599281311
icdg10u1q_myfits.fits,F125W,10,129.0,0,0,2013-10-16,20:41:28,29.663755,15.903305053710938,8.269996643066406,0.00571441650390625,0.004730224609375,129.18768310546875,222.0997772216797,0.0,0.9900000095367432,-7.454605579376221,17.526325225830078,9121.73046875,157.17324829101562,1.4558268785476685,1.4053415060043335
icdg10u2q_myfits.fits,F125W,10,129.0,0,0,2013-10-16,20:42:16,29.663755,15.895004272460938,8.270843505859375,-0.0025634765625,0.00557708740234375,129.18675231933594,222.0957489013672,0.0,0.9900000095367432,-7.5637078285217285,17.59691619873047,9163.447265625,157.80287170410156,1.4604747295379639,1.4172711372375488
icdg10u3q_myfits.fits,F125W,10,129.0,0,0,2013-10-16,20:43:04,29.663755,15.895721435546875,8.260429382324219,-0.001861572265625,-0.0047607421875,129.18333435058594,222.09739685058594,0.0,0.9900000095367432,-7.4479498863220215,17.508676528930664,9152.8115234375,157.02027893066406,1.4510246515274048,1.4050339460372925
icdg10u4q_myfits.fits,F160W,10,129.0,0,1,2013-10-16,20:43:58,14.970785000000001,15.991004943847654,8.310165405273438,0.0,0.0,129.11009216308594,222.27215576171875,2.0,0.9900000095367432,-6.761120796203613,15.74050235748291,9453.154296875,142.50987243652344,1.3943939208984375,1.524215579032898
icdg10u5q_myfits.fits,F160W,10,129.0,0,1,2013-10-16,20:44:31,14.970785000000001,15.977294921875,8.298324584960938,-0.0136871337890625,-0.0118255615234375,129.10897827148438,222.27264404296875,2.0,0.9900000095367432,-6.6772565841674805,15.68124008178711,9412.0322265625,141.98037719726562,1.4013683795928955,1.5318032503128052
icdg10u6q_myfits.fits,F160W,10,129.0,0,1,2013-10-16,20:45:04,14.970785000000001,15.97906494140625,8.304336547851562,-0.011962890625,-0.005828857421875,129.1014404296875,222.27554321289062,2.0,0.9900000095367432,-6.784083366394043,15.89824104309082,9413.5908203125,143.88462829589844,1.4009722471237183,1.530222773551941
icdg10u7q_myfits.fits,F160W,10,129.0,0,1,2013-10-16,20:45:37,14.970785000000001,15.993927001953125,8.299659729003906,0.00286865234375,-0.0104522705078125,129.10560607910156,222.27590942382812,2.0,0.9900000095367432,-6.863850116729736,15.507426261901855,9399.1298828125,140.45291137695312,1.4056931734085083,1.5374451875686646
icdg10u8q_myfits.fits,F160W,10,129.0,0,1,2013-10-16,20:46:10,14.970785000000001,15.967140197753904,8.293815612792969,-0.0238494873046875,-0.0163421630859375,129.10264587402344,222.271484375,2.0,0.9900000095367432,-6.793637752532959,15.625456809997559,9431.7822265625,141.49575805664062,1.4026674032211304,1.5300167798995972
icdg10u9q_myfits.fits,F125W,10,129.0,0,2,2013-10-16,20:46:49,29.663755,15.88555145263672,8.264884948730469,-0.011962890625,-7.62939453125e-05,129.1825408935547,222.1060333251953,0.0,0.9900000095367432,-7.497613430023193,17.584794998168945,9149.3291015625,157.69403076171875,1.4597408771514893,1.4222171306610107
icdg10uaq_myfits.fits,F125W,10,129.0,0,2,2013-10-16,20:47:37,29.663755,15.901611328125,8.276473999023438,0.00405120849609375,0.01123809814453125,129.17857360839844,222.1018524169922,0.0,0.9900000095367432,-7.559732437133789,17.65382957458496,9145.2421875,158.3050079345703,1.4552274942398071,1.4206733703613281
icdg10ubq_myfits.fits,F125W,10,129.0,0,2,2013-10-16,20:48:25,29.663755,15.89434051513672,8.279220581054688,-0.0032196044921875,0.0140533447265625,129.17613220214844,222.10604858398438,0.0,0.9900000095367432,-7.5513129234313965,17.661176681518555,9189.568359375,158.3748016357422,1.447905421257019,1.4218567609786987
icdg10ucq_myfits.fits,F125W,10,129.0,0,2,2013-10-16,20:49:13,29.663755,15.882339477539062,8.249313354492188,-0.015228271484375,-0.015533447265625,129.17837524414062,222.1000213623047,0.0,0.9900000095367432,-7.425534725189209,17.524702072143555,9159.482421875,157.1629180908203,1.4490532875061035,1.4206949472427368
icdg10udq_myfits.fits,F160W,10,129.0,0,3,2013-10-16,20:50:07,14.970785000000001,15.990684509277346,8.313217163085938,-0.0003662109375,0.003082275390625,129.1024932861328,222.2746124267578,2.0,0.9900000095367432,-6.902955055236816,15.917250633239746,9446.2529296875,144.0590362548828,1.3963247537612915,1.5306960344314575
icdg10ueq_myfits.fits,F160W,10,129.0,0,3,2013-10-16,20:50:40,14.970785000000001,15.973236083984375,8.298835754394531,-0.017822265625,-0.0113525390625,129.09616088867188,222.28314208984375,2.0,0.9900000095367432,-7.102716445922852,15.989229202270508,9452.0146484375,144.69203186035156,1.3960230350494385,1.5483524799346924
icdg10ufq_myfits.fits,F160W,10,129.0,0,3,2013-10-16,20:51:13,14.970785000000001,15.97064971923828,8.300605773925781,-0.020355224609375,-0.0095672607421875,129.0972442626953,222.28016662597656,2.0,0.9900000095367432,-6.77341890335083,15.700761795043945,9421.1337890625,142.1537628173828,1.3917802572250366,1.5332733392715454
icdg10ugq_myfits.fits,F160W,10,129.0,0,3,2013-10-16,20:51:46,14.970785000000001,15.97809600830078,8.322868347167969,-0.0129547119140625,0.01264190673828125,129.09811401367188,222.2752227783203,2.0,0.9900000095367432,-6.819039344787598,15.791991233825684,9409.74609375,142.95143127441406,1.398217797279358,1.5420253276824951
icdg10uhq_myfits.fits,F160W,10,129.0,0,3,2013-10-16,20:52:19,14.970785000000001,15.958839416503904,8.32830810546875,-0.03216552734375,0.01802825927734375,129.10562133789062,222.2780303955078,2.0,0.9900000095367432,-6.846153736114502,15.62296199798584,9434.072265625,141.4744110107422,1.395021915435791,1.5437142848968506
icdg10uiq_myfits.fits,F125W,10,129.0,0,4,2013-10-16,20:52:58,29.663755,15.926910400390625,8.301719665527344,0.0290374755859375,0.0365447998046875,129.17518615722656,222.10691833496094,0.0,0.9900000095367432,-7.502038478851318,17.586645126342773,9152.234375,157.71070861816406,1.4500553607940674,1.4293169975280762
icdg10ujq_myfits.fits,F125W,10,129.0,0,4,2013-10-16,20:53:46,29.663755,15.914390563964846,8.299842834472656,0.0165252685546875,0.0347442626953125,129.17347717285156,222.10658264160156,0.0,0.9900000095367432,-7.483521938323975,17.678089141845703,9174.9697265625,158.5230255126953,1.4441633224487305,1.4272198677062988
icdg10ukq_myfits.fits,F125W,10,129.0,0,4,2013-10-16,20:54:34,29.663755,15.891448974609375,8.276161193847656,-0.0061187744140625,0.0111541748046875,129.1747589111328,222.1090087890625,0.0,0.9900000095367432,-7.4813690185546875,17.63322639465332,9184.771484375,158.12673950195312,1.4458138942718506,1.42436683177948
icdg10ulq_myfits.fits,F125W,10,129.0,0,4,2013-10-16,20:55:22,29.663755,15.87738037109375,8.274551391601562,-0.02008056640625,0.0096893310546875,129.1731719970703,222.1097412109375,0.0,0.9900000095367432,-7.316169738769531,17.589366912841797,9169.3232421875,157.73663330078125,1.443878412246704,1.426959753036499
icdg10umq_myfits.fits,F160W,10,129.0,0,5,2013-10-16,20:56:16,14.970785000000001,15.983802795410154,8.330253601074219,-0.007232666015625,0.02002716064453125,129.09506225585938,222.27943420410156,2.0,0.9900000095367432,-6.727315425872803,15.573917388916016,9407.8818359375,141.0380859375,1.389369249343872,1.5323727130889893
icdg10unq_myfits.fits,F160W,10,129.0,0,5,2013-10-16,20:56:49,14.970785000000001,15.981582641601562,8.316978454589844,-0.009490966796875,0.00677490234375,129.10043334960938,222.27992248535156,2.0,0.9900000095367432,-6.91445779800415,15.591217994689941,9498.6591796875,141.21128845214844,1.3975147008895874,1.5489486455917358
icdg10uoq_myfits.fits,F160W,10,129.0,0,5,2013-10-16,20:57:22,14.970785000000001,15.969131469726562,8.324722290039062,-0.021942138671875,0.0144805908203125,129.10211181640625,222.28221130371094,2.0,0.9900000095367432,-6.879415512084961,15.867621421813965,9439.291015625,143.62191772460938,1.3909029960632324,1.5493452548980713
icdg10upq_myfits.fits,F160W,10,129.0,0,5,2013-10-16,20:57:55,14.970785000000001,15.978713989257812,8.339302062988281,-0.0123443603515625,0.02901458740234375,129.102783203125,222.28932189941406,2.0,0.9900000095367432,-6.878840446472168,15.803182601928711,9448.5810546875,143.05868530273438,1.3970075845718384,1.5591113567352295
icdg10uqq_myfits.fits,F160W,10,129.0,0,5,2013-10-16,20:58:28,14.970785000000001,15.986068725585938,8.325775146484375,-0.0050201416015625,0.015533447265625,129.100341796875,222.2853546142578,2.0,0.9900000095367432,-6.979087829589844,16.005760192871094,9481.154296875,144.84384155273438,1.4032437801361084,1.5655937194824219
icdg10urq_myfits.fits,F125W,10,129.0,0,6,2013-10-16,20:59:07,29.663755,15.921310424804688,8.293296813964844,0.02337646484375,0.028167724609375,129.1785430908203,222.1097412109375,0.0,0.9900000095367432,-7.550570964813232,17.628873825073242,9112.638671875,158.08050537109375,1.4551315307617188,1.4401828050613403
icdg10usq_myfits.fits,F125W,10,129.0,0,6,2013-10-16,20:59:55,29.663755,15.906082153320312,8.307205200195312,0.008270263671875,0.04219818115234375,129.20046997070312,222.0865478515625,0.0,0.9900000095367432,-7.496753692626953,17.704439163208008,9180.111328125,158.75694274902344,1.4741172790527344,1.4288471937179565
icdg10utq_myfits.fits,F125W,10,129.0,0,6,2013-10-16,21:00:43,29.663755,15.885467529296875,8.338638305664062,-0.0123291015625,0.0736236572265625,129.16041564941406,222.1445770263672,0.0,0.9900000095367432,-7.4354352951049805,17.816082000732422,9137.892578125,159.74134826660156,1.4333244562149048,1.4466880559921265
icdg10uuq_myfits.fits,F125W,10,129.0,0,6,2013-10-16,21:01:31,29.663755,15.917465209960938,8.311454772949219,0.0196380615234375,0.0462799072265625,129.2072296142578,222.10195922851562,0.0,0.9900000095367432,-7.618695259094238,17.67007827758789,9152.0751953125,158.4496307373047,1.4801024198532104,1.438549280166626
icdg10uvq_myfits.fits,F160W,10,129.0,0,7,2013-10-16,21:02:25,14.970785000000001,15.979957580566404,8.330078125,-0.0110931396484375,0.01987457275390625,129.10035705566406,222.31219482421875,2.0,0.9900000095367432,-6.872250556945801,15.626605033874512,9447.876953125,141.50961303710938,1.3984031677246094,1.590659737586975
icdg10uwq_myfits.fits,F160W,10,129.0,0,7,2013-10-16,21:02:58,14.970785000000001,15.99005126953125,8.3306884765625,-0.001007080078125,0.02045440673828125,129.11056518554688,222.29989624023438,2.0,0.9900000095367432,-7.085351467132568,15.86837100982666,9471.8212890625,143.63604736328125,1.4005202054977417,1.5682141780853271
icdg10uxq_myfits.fits,F160W,10,129.0,0,7,2013-10-16,21:03:31,14.970785000000001,15.993659973144533,8.3551025390625,0.00260162353515625,0.0448150634765625,129.10487365722656,222.30584716796875,2.0,0.9900000095367432,-6.895285606384277,15.778670310974121,9417.5146484375,142.8363800048828,1.3995698690414429,1.5830785036087036
icdg10uyq_myfits.fits,F160W,10,129.0,0,7,2013-10-16,21:04:04,14.970785000000001,15.980148315429688,8.352798461914062,-0.0108795166015625,0.04250335693359375,129.10540771484375,222.3103485107422,2.0,0.9900000095367432,-6.801056861877441,15.653499603271484,9391.52734375,141.73220825195312,1.4031223058700562,1.5790971517562866
icdg10uzq_myfits.fits,F160W,10,129.0,0,7,2013-10-16,21:04:37,14.970785000000001,15.98711395263672,8.351982116699219,-0.003936767578125,0.04168701171875,129.10997009277344,222.30299377441406,2.0,0.9900000095367432,-6.8331618309021,15.645641326904297,9469.73046875,141.68173217773438,1.4036152362823486,1.5760239362716675
icdg10v0q_myfits.fits,F125W,10,129.0,0,8,2013-10-16,21:05:16,29.663755,15.903083801269533,8.315185546875,0.0052947998046875,0.050201416015625,129.18634033203125,222.13287353515625,0.0,0.9900000095367432,-7.517716884613037,17.59212303161621,9134.9365234375,157.75738525390625,1.4581960439682007,1.453626275062561
icdg10v1q_myfits.fits,F125W,10,129.0,0,8,2013-10-16,21:06:04,29.663755,15.913345336914062,8.306831359863281,0.01552581787109375,0.041748046875,129.18214416503906,222.13267517089844,0.0,0.9900000095367432,-7.4743828773498535,17.575836181640625,9160.7578125,157.61590576171875,1.4544923305511475,1.4492307901382446
icdg10v2q_myfits.fits,F125W,10,129.0,0,8,2013-10-16,21:06:52,29.663755,15.926383972167967,8.321037292480469,0.02854156494140625,0.05597686767578125,129.18191528320312,222.13656616210938,0.0,0.9900000095367432,-7.498614311218262,17.61739730834961,9182.8271484375,157.98634338378906,1.4409091472625732,1.4364315271377563
icdg10v3q_myfits.fits,F125W,10,129.0,0,8,2013-10-16,21:07:40,29.663755,15.94921875,8.332260131835938,0.05124664306640625,0.06702423095703125,129.18211364746094,222.13186645507812,0.0,0.9900000095367432,-7.556987285614014,17.963031768798828,9159.408203125,161.0453338623047,1.4587116241455078,1.4500833749771118
icdg10v4q_myfits.fits,F160W,10,129.0,0,9,2013-10-16,21:08:34,14.970785000000001,15.995834350585938,8.361198425292969,0.0047760009765625,0.0509185791015625,129.10801696777344,222.3167724609375,2.0,0.9900000095367432,-7.171260833740234,15.878839492797852,9417.537109375,143.7152862548828,1.398030400276184,1.5964176654815674
icdg10v5q_myfits.fits,F160W,10,129.0,0,9,2013-10-16,21:09:07,14.970785000000001,15.98223114013672,8.337577819824219,-0.008758544921875,0.02733612060546875,129.10768127441406,222.32264709472656,2.0,0.9900000095367432,-6.904944896697998,15.976699829101562,9337.4892578125,144.5556182861328,1.4098296165466309,1.6118760108947754
icdg10v6q_myfits.fits,F160W,10,129.0,0,9,2013-10-16,21:09:40,14.970785000000001,16.016975402832028,8.374443054199219,0.02593994140625,0.0641632080078125,129.11317443847656,222.336181640625,2.0,0.9900000095367432,-6.876266002655029,15.806109428405762,9468.2099609375,143.08895874023438,1.4137952327728271,1.6190887689590454
icdg10v7q_myfits.fits,F160W,10,129.0,0,9,2013-10-16,21:10:13,14.970785000000001,16.005844116210938,8.360183715820312,0.01479339599609375,0.04991912841796875,129.1000213623047,222.32037353515625,2.0,0.9900000095367432,-6.997706413269043,15.745061874389648,9427.087890625,142.5437774658203,1.3949605226516724,1.5997788906097412
icdg10v8q_myfits.fits,F160W,10,129.0,0,9,2013-10-16,21:10:46,14.970785000000001,16.007270812988278,8.361892700195312,0.01622772216796875,0.0516357421875,129.11953735351562,222.3240203857422,2.0,0.9900000095367432,-6.799540042877197,15.590009689331055,9417.220703125,141.18142700195312,1.406598448753357,1.607880711555481
icdg10v9q_myfits.fits,F125W,10,129.0,0,10,2013-10-16,21:11:25,29.663755,15.926719665527346,8.3162841796875,0.0289154052734375,0.0511322021484375,129.18844604492188,222.1395263671875,0.0,0.9900000095367432,-7.4727067947387695,17.506385803222656,9166.9521484375,157.0015106201172,1.4580186605453491,1.4562153816223145
icdg10vaq_myfits.fits,F125W,10,129.0,0,10,2013-10-16,21:12:13,29.663755,15.960037231445312,8.348159790039062,0.06200408935546875,0.0827789306640625,129.18605041503906,222.1455841064453,0.0,0.9900000095367432,-7.320589065551758,17.710662841796875,9165.9404296875,158.81057739257812,1.456310749053955,1.4591864347457886
icdg10vbq_myfits.fits,F125W,10,129.0,0,10,2013-10-16,21:13:01,29.663755,15.94287109375,8.331741333007812,0.044921875,0.0665435791015625,129.20281982421875,222.16799926757812,0.0,0.9900000095367432,-7.523209095001221,17.697683334350586,9154.232421875,158.69436645507812,1.498684287071228,1.499466896057129
icdg10vcq_myfits.fits,F125W,10,129.0,0,10,2013-10-16,21:13:49,29.663755,15.934738159179688,8.330665588378906,0.0368194580078125,0.065521240234375,129.18760681152344,222.14175415039062,0.0,0.9900000095367432,-7.435525894165039,17.65049934387207,9427.0185546875,158.3054962158203,1.431372880935669,1.426904559135437
icdg10vdq_myfits.fits,F160W,10,129.0,0,11,2013-10-16,21:14:43,14.970785000000001,15.968299865722654,8.328987121582031,-0.0227203369140625,0.01874542236328125,129.12049865722656,222.34323120117188,2.0,0.9900000095367432,-6.936613082885742,15.77416706085205,9503.4287109375,142.81695556640625,1.428680181503296,1.6336514949798584
icdg10veq_myfits.fits,F160W,10,129.0,0,11,2013-10-16,21:15:16,14.970785000000001,16.01898193359375,8.370079040527344,0.02797698974609375,0.0598297119140625,129.11546325683594,222.34132385253906,2.0,0.9900000095367432,-6.757673263549805,15.720306396484375,9436.9404296875,142.32891845703125,1.4027659893035889,1.6286324262619019
icdg10vfq_myfits.fits,F160W,10,129.0,0,11,2013-10-16,21:15:49,14.970785000000001,16.014663696289062,8.372581481933594,0.023651123046875,0.06227874755859375,129.1175994873047,222.33712768554688,2.0,0.9900000095367432,-6.847292423248291,15.861858367919922,9361.865234375,143.5533447265625,1.4198007583618164,1.626133680343628
icdg10vgq_myfits.fits,F160W,10,129.0,0,11,2013-10-16,21:16:22,14.970785000000001,16.010879516601562,8.382049560546875,0.019866943359375,0.0717010498046875,129.12266540527344,222.34104919433594,2.0,0.9900000095367432,-6.862081050872803,15.623848915100098,9551.7333984375,141.5099639892578,1.4124016761779785,1.6134978532791138
icdg10vhq_myfits.fits,F160W,10,129.0,0,11,2013-10-16,21:16:55,14.970785000000001,15.995651245117188,8.385513305664062,0.004608154296875,0.07517242431640625,129.12196350097656,222.3650665283203,2.0,0.9900000095367432,-6.9213151931762695,15.839056015014648,9558.875,143.39913940429688,1.4085696935653687,1.6696457862854004
icdg10viq_myfits.fits,F125W,10,129.0,0,12,2013-10-16,21:17:34,29.663755,15.920379638671875,8.308494567871094,0.022552490234375,0.04355621337890625,129.19039916992188,222.14938354492188,0.0,0.9900000095367432,-7.508834362030029,17.51671028137207,9201.673828125,157.09666442871094,1.4662299156188965,1.4640779495239258
icdg10vjq_myfits.fits,F125W,10,129.0,0,12,2013-10-16,21:18:22,29.663755,15.918716430664062,8.331764221191406,0.0208892822265625,0.06671142578125,129.18252563476562,222.15548706054688,0.0,0.9900000095367432,-7.552585601806641,17.80060577392578,9246.5068359375,159.61573791503906,1.454186201095581,1.4750723838806152
icdg10vkq_myfits.fits,F125W,10,129.0,0,12,2013-10-16,21:19:10,29.663755,15.96435546875,8.347610473632812,0.06633758544921875,0.08220672607421875,129.1898651123047,222.1501922607422,0.0,0.9900000095367432,-7.4406232833862305,17.842124938964844,9364.8291015625,159.99594116210938,1.4477413892745972,1.4465299844741821
icdg10vlq_myfits.fits,F125W,10,129.0,0,12,2013-10-16,21:19:58,29.663755,15.946212768554688,8.353225708007812,0.0482330322265625,0.08795928955078125,129.19277954101562,222.1650848388672,0.0,0.9900000095367432,-7.258860111236572,17.842029571533203,9117.865234375,159.96908569335938,1.483080506324768,1.4910781383514404
icdg11vnq_myfits.fits,F125W,11,101.0,0,0,2013-10-16,22:16:17,29.663755,0.0406036376953125,-0.0729827880859375,-15.857009887695312,-8.338516235351562,94.80119323730469,208.06576538085938,1.0,0.9900000095367432,-9.246380805969238,19.243032455444336,2420.87841796875,171.72874450683594,1.3124785423278809,1.348367691040039
icdg11voq_myfits.fits,F125W,11,101.0,0,0,2013-10-16,22:17:05,29.663755,0.03948211669921875,-0.061798095703125,-15.858047485351562,-8.327285766601562,94.80137634277344,208.0674591064453,1.0,0.9900000095367432,-8.890767097473145,18.922813415527344,2397.5947265625,168.87669372558594,1.3036518096923828,1.3464337587356567
icdg11vpq_myfits.fits,F125W,11,101.0,0,0,2013-10-16,22:17:53,29.663755,0.01715087890625,-0.070098876953125,-15.880386352539062,-8.33538818359375,94.80233001708984,208.06283569335938,1.0,0.9900000095367432,-9.160524368286133,19.105310440063477,2417.849609375,170.5028076171875,1.3027701377868652,1.3450068235397339
icdg11vqq_myfits.fits,F125W,11,101.0,0,0,2013-10-16,22:18:41,29.663755,0.03353118896484375,-0.0646514892578125,-15.864044189453125,-8.330032348632812,94.80502319335938,208.0626220703125,1.0,0.9900000095367432,-9.126325607299805,19.196136474609375,2373.091796875,171.30670166015625,1.296154260635376,1.3428843021392822
icdg11vrq_myfits.fits,F160W,11,101.0,0,1,2013-10-16,22:19:35,14.970785000000001,0.0687103271484375,-0.010894775390625,-15.922149658203125,-8.321075439453125,94.67737579345703,208.2292938232422,3.0,0.9900000095367432,-6.742186546325684,14.448801040649414,1900.4169921875,129.2574920654297,1.404282808303833,1.45035719871521
icdg11vsq_myfits.fits,F160W,11,101.0,0,1,2013-10-16,22:20:08,14.970785000000001,0.07024383544921875,-0.0159454345703125,-15.92059326171875,-8.326156616210938,94.68203735351562,208.23670959472656,3.0,0.9900000095367432,-6.70019006729126,14.550140380859375,1897.6744384765625,130.156494140625,1.40859854221344,1.4420719146728516
icdg11vtq_myfits.fits,F160W,11,101.0,0,1,2013-10-16,22:20:41,14.970785000000001,0.06864166259765625,-0.0028533935546875,-15.922210693359375,-8.313018798828125,94.68008422851562,208.23052978515625,3.0,0.9900000095367432,-6.606322288513184,14.29947566986084,1921.6356201171875,127.93738555908203,1.397373080253601,1.442582130432129
icdg11vuq_myfits.fits,F160W,11,101.0,0,1,2013-10-16,22:21:14,14.970785000000001,0.07802581787109375,-0.0196380615234375,-15.912811279296875,-8.329864501953125,94.67530822753906,208.22525024414062,3.0,0.9900000095367432,-6.6484856605529785,14.148062705993652,1942.473388671875,126.59886932373047,1.4111026525497437,1.443739652633667
icdg11vvq_myfits.fits,F160W,11,101.0,0,1,2013-10-16,22:21:47,14.970785000000001,0.07366943359375,-0.0160980224609375,-15.91717529296875,-8.3262939453125,94.68789672851562,208.22499084472656,3.0,0.9900000095367432,-6.608896255493164,14.0599946975708,1849.1580810546875,125.7924575805664,1.4068419933319092,1.4409996271133423
icdg11vwq_myfits.fits,F125W,11,101.0,0,2,2013-10-16,22:22:26,29.663755,0.04164886474609375,-0.0703277587890625,-15.856002807617188,-8.33575439453125,94.80135345458984,208.06590270996094,1.0,0.9900000095367432,-9.12063980102539,19.08464241027832,2440.585205078125,170.32113647460938,1.2966164350509644,1.348987340927124
icdg11vxq_myfits.fits,F125W,11,101.0,0,2,2013-10-16,22:23:14,29.663755,0.0478363037109375,-0.0404815673828125,-15.849639892578125,-8.30584716796875,94.80670928955078,208.0663604736328,1.0,0.9900000095367432,-9.080367088317871,19.176898956298828,2454.533203125,171.1435089111328,1.2911955118179321,1.3396936655044556
icdg11vyq_myfits.fits,F125W,11,101.0,0,2,2013-10-16,22:24:02,29.663755,0.04278564453125,-0.060699462890625,-15.854751586914062,-8.326065063476562,94.80937957763672,208.0642852783203,1.0,0.9900000095367432,-8.994845390319824,19.1925106048584,2457.112060546875,171.28269958496094,1.2953482866287231,1.3450589179992676
icdg11vzq_myfits.fits,F125W,11,101.0,0,2,2013-10-16,22:24:50,29.663755,0.03800201416015625,-0.0650482177734375,-15.859573364257812,-8.33038330078125,94.8096923828125,208.064453125,1.0,0.9900000095367432,-9.059830665588379,19.265766143798828,2461.306640625,171.93502807617188,1.2894214391708374,1.3360774517059326
icdg11w0q_myfits.fits,F160W,11,101.0,0,3,2013-10-16,22:25:44,14.970785000000001,0.077301025390625,-0.0148773193359375,-15.913558959960938,-8.325057983398438,94.6895751953125,208.23094177246094,3.0,0.9900000095367432,-6.753393650054932,14.292561531066895,1920.171630859375,127.8756332397461,1.38774836063385,1.4511560201644897
icdg11w1q_myfits.fits,F160W,11,101.0,0,3,2013-10-16,22:26:17,14.970785000000001,0.0597076416015625,-0.010711669921875,-15.931137084960938,-8.32086181640625,94.68727111816406,208.23135375976562,3.0,0.9900000095367432,-6.555286407470703,13.842977523803711,1887.5072021484375,123.87644958496094,1.3878365755081177,1.4393260478973389
icdg11w2q_myfits.fits,F160W,11,101.0,0,3,2013-10-16,22:26:50,14.970785000000001,0.07501983642578125,-0.0093536376953125,-15.91583251953125,-8.319534301757812,94.69457244873047,208.23104858398438,3.0,0.9900000095367432,-6.491281509399414,14.076725006103516,1894.763671875,125.95306396484375,1.3775290250778198,1.439342975616455
icdg11w3q_myfits.fits,F160W,11,101.0,0,3,2013-10-16,22:27:23,14.970785000000001,0.075592041015625,-0.0162811279296875,-15.915267944335938,-8.326446533203125,94.68257904052734,208.22901916503906,3.0,0.9900000095367432,-6.796820640563965,14.501849174499512,1984.76025390625,129.7501678466797,1.387836217880249,1.446844220161438
icdg11w4q_myfits.fits,F160W,11,101.0,0,3,2013-10-16,22:27:56,14.970785000000001,0.067626953125,0.0060272216796875,-15.923233032226562,-8.304092407226562,94.68376159667969,208.22605895996094,3.0,0.9900000095367432,-6.739178657531738,14.037224769592285,1861.6038818359375,125.59363555908203,1.3915421962738037,1.4392935037612915
icdg11w5q_myfits.fits,F125W,11,101.0,0,4,2013-10-16,22:28:35,29.663755,0.04000091552734375,-0.0578155517578125,-15.857559204101562,-8.3231201171875,94.8123550415039,208.06689453125,1.0,0.9900000095367432,-9.044191360473633,19.03411102294922,2341.133056640625,169.861572265625,1.2940797805786133,1.347669005393982
icdg11w6q_myfits.fits,F125W,11,101.0,0,4,2013-10-16,22:29:23,29.663755,0.06097412109375,-0.0702056884765625,-15.83660888671875,-8.335678100585938,94.8119888305664,208.06494140625,1.0,0.9900000095367432,-9.282791137695312,19.29755210876465,2470.9345703125,172.21884155273438,1.2906743288040161,1.346903920173645
icdg11w7q_myfits.fits,F125W,11,101.0,0,4,2013-10-16,22:30:11,29.663755,0.02791595458984375,-0.0722503662109375,-15.869659423828125,-8.337417602539062,94.81108093261719,208.06153869628906,1.0,0.9900000095367432,-9.205294609069824,19.24460792541504,2405.2744140625,171.74124145507812,1.286501407623291,1.341562271118164
icdg11w8q_myfits.fits,F125W,11,101.0,0,4,2013-10-16,22:30:59,29.663755,0.0441436767578125,-0.0904083251953125,-15.853561401367188,-8.355743408203125,94.8128890991211,208.06155395507812,1.0,0.9900000095367432,-9.180935859680176,19.281911849975586,2397.353271484375,172.0724639892578,1.2929425239562988,1.3450284004211426
icdg11w9q_myfits.fits,F160W,11,101.0,0,5,2013-10-16,22:31:53,14.970785000000001,0.078094482421875,-0.018951416015625,-15.91278076171875,-8.329116821289062,94.70140075683594,208.2323455810547,3.0,0.9900000095367432,-6.601620197296143,14.205069541931152,1873.563232421875,127.08674621582031,1.3657190799713135,1.4378222227096558
icdg11waq_myfits.fits,F160W,11,101.0,0,5,2013-10-16,22:32:26,14.970785000000001,0.07569122314453125,-0.0047149658203125,-15.9151611328125,-8.314865112304688,94.69598388671875,208.2353973388672,3.0,0.9900000095367432,-6.778829574584961,14.10067081451416,1910.46484375,126.16976928710938,1.382446527481079,1.4394680261611938
icdg11wbq_myfits.fits,F160W,11,101.0,0,5,2013-10-16,22:32:59,14.970785000000001,0.09247589111328124,-0.0234375,-15.898391723632812,-8.333587646484375,94.69395446777344,208.2335205078125,3.0,0.9900000095367432,-6.670814514160156,14.408438682556152,1929.7562255859375,128.90676879882812,1.3797913789749146,1.4502906799316406
icdg11wcq_myfits.fits,F160W,11,101.0,0,5,2013-10-16,22:33:32,14.970785000000001,0.07662200927734375,-0.0155029296875,-15.914230346679688,-8.325698852539062,94.69706726074219,208.23089599609375,3.0,0.9900000095367432,-6.70757532119751,14.367774963378906,1918.595947265625,128.5428924560547,1.3869333267211914,1.441064715385437
icdg11wdq_myfits.fits,F160W,11,101.0,0,5,2013-10-16,22:34:05,14.970785000000001,0.08266448974609375,-0.0330963134765625,-15.908187866210938,-8.343338012695312,94.70187377929688,208.2320098876953,3.0,0.9900000095367432,-6.702536106109619,13.989480972290039,1890.8394775390625,125.1776351928711,1.3794878721237183,1.4455188512802124
icdg11weq_myfits.fits,F125W,11,101.0,0,6,2013-10-16,22:34:44,29.663755,0.05547332763671875,-0.0715179443359375,-15.842117309570312,-8.33685302734375,94.81310272216797,208.06326293945312,1.0,0.9900000095367432,-9.324729919433594,19.427467346191406,2452.6767578125,173.37326049804688,1.2873581647872925,1.3512554168701172
icdg11wfq_myfits.fits,F125W,11,101.0,0,6,2013-10-16,22:35:32,29.663755,0.0497589111328125,-0.053375244140625,-15.847808837890625,-8.318618774414062,94.83232879638672,208.0441436767578,1.0,0.9900000095367432,-9.035469055175781,19.207317352294922,2382.23388671875,171.40711975097656,1.2768521308898926,1.3384982347488403
icdg11wgq_myfits.fits,F125W,11,101.0,0,6,2013-10-16,22:36:20,29.663755,0.0384674072265625,0.01787567138671875,-15.859039306640625,-8.24737548828125,94.80558013916016,208.0880584716797,1.0,0.9900000095367432,-9.05632495880127,19.084373474121094,2368.86474609375,170.31163024902344,1.2912362813949585,1.358665943145752
icdg11whq_myfits.fits,F125W,11,101.0,0,6,2013-10-16,22:37:08,29.663755,0.0631103515625,-0.05242919921875,-15.834365844726562,-8.317764282226562,94.83747863769531,208.0511932373047,1.0,0.9900000095367432,-9.245797157287598,19.36810302734375,2409.00048828125,172.84068298339844,1.271821141242981,1.330538272857666
icdg11wiq_myfits.fits,F160W,11,101.0,0,7,2013-10-16,22:38:02,14.970785000000001,0.0835418701171875,0.01976776123046875,-15.907318115234375,-8.290328979492188,94.69840240478516,208.24264526367188,3.0,0.9900000095367432,-6.830788612365723,14.71574878692627,1871.584716796875,131.6202850341797,1.369679570198059,1.4506593942642212
icdg11wjq_myfits.fits,F160W,11,101.0,0,7,2013-10-16,22:38:35,14.970785000000001,0.1092987060546875,0.00238800048828125,-15.881546020507812,-8.307785034179688,94.70838928222656,208.24598693847656,3.0,0.9900000095367432,-6.784646987915039,14.455681800842285,1980.97265625,129.33938598632812,1.3765017986297607,1.4385558366775513
icdg11wkq_myfits.fits,F160W,11,101.0,0,7,2013-10-16,22:39:08,14.970785000000001,0.09233856201171876,0.00482940673828125,-15.89849853515625,-8.305343627929688,94.70594024658203,208.25051879882812,3.0,0.9900000095367432,-6.872028350830078,14.28947639465332,1909.8868408203125,127.8455581665039,1.3830397129058838,1.4531285762786865
icdg11wlq_myfits.fits,F160W,11,101.0,0,7,2013-10-16,22:39:41,14.970785000000001,0.10987091064453124,0.01251983642578125,-15.880966186523438,-8.297637939453125,94.70987701416016,208.25042724609375,3.0,0.9900000095367432,-6.559026718139648,14.374966621398926,1924.594482421875,128.60829162597656,1.3728392124176025,1.4484162330627441
icdg11wmq_myfits.fits,F160W,11,101.0,0,7,2013-10-16,22:40:14,14.970785000000001,0.0984954833984375,0.01619720458984375,-15.892364501953125,-8.293930053710938,94.70795440673828,208.25181579589844,3.0,0.9900000095367432,-6.975133419036865,14.489849090576172,1925.59765625,129.62840270996094,1.3765976428985596,1.4625303745269775
icdg11wnq_myfits.fits,F125W,11,101.0,0,8,2013-10-16,22:40:53,29.663755,0.08802032470703125,-0.0367431640625,-15.809432983398438,-8.30218505859375,94.83732604980469,208.0799102783203,1.0,0.9900000095367432,-8.969067573547363,19.22776985168457,2424.292724609375,171.59326171875,1.2845929861068726,1.3430228233337402
icdg11woq_myfits.fits,F125W,11,101.0,0,8,2013-10-16,22:41:41,29.663755,0.0860595703125,0.006866455078125,-15.8114013671875,-8.2587890625,94.83001708984375,208.0832977294922,1.0,0.9900000095367432,-8.917810440063477,19.051895141601562,2432.098388671875,170.02886962890625,1.2827128171920776,1.3435887098312378
icdg11wpq_myfits.fits,F125W,11,101.0,0,8,2013-10-16,22:42:29,29.663755,0.08185577392578125,-0.0342254638671875,-15.815567016601562,-8.299636840820312,94.83627319335938,208.0886688232422,1.0,0.9900000095367432,-9.065207481384277,19.28244972229004,2444.25927734375,172.08184814453125,1.282293438911438,1.33202064037323
icdg11wqq_myfits.fits,F125W,11,101.0,0,8,2013-10-16,22:43:17,29.663755,0.0869598388671875,-0.0326385498046875,-15.810470581054688,-8.298049926757812,94.83943176269531,208.08203125,1.0,0.9900000095367432,-8.91653823852539,19.17819595336914,2417.864990234375,171.1514434814453,1.2846434116363525,1.3401870727539062
icdg11wrq_myfits.fits,F160W,11,101.0,0,9,2013-10-16,22:44:11,14.970785000000001,0.1023712158203125,0.026153564453125,-15.888458251953125,-8.283950805664062,94.71440124511719,208.2545928955078,3.0,0.9900000095367432,-6.823977470397949,14.557856559753418,1912.000732421875,130.2286834716797,1.3602107763290405,1.4500906467437744
icdg11wsq_myfits.fits,F160W,11,101.0,0,9,2013-10-16,22:44:44,14.970785000000001,0.11922454833984375,0.0303497314453125,-15.871612548828125,-8.27972412109375,94.7172622680664,208.2582244873047,3.0,0.9900000095367432,-6.849108695983887,14.602054595947266,2008.7078857421875,130.64581298828125,1.365708351135254,1.4638805389404297
icdg11wtq_myfits.fits,F160W,11,101.0,0,9,2013-10-16,22:45:17,14.970785000000001,0.13098907470703125,0.0238037109375,-15.859817504882812,-8.286285400390625,94.71514892578125,208.25132751464844,3.0,0.9900000095367432,-6.732646942138672,14.533259391784668,1893.75,130.005615234375,1.3785964250564575,1.4559946060180664
icdg11wuq_myfits.fits,F160W,11,101.0,0,9,2013-10-16,22:45:50,14.970785000000001,0.10245513916015624,0.025054931640625,-15.88836669921875,-8.285064697265625,94.7119369506836,208.25640869140625,3.0,0.9900000095367432,-6.526928901672363,14.056628227233887,1831.6456298828125,125.75791931152344,1.3760844469070435,1.469807505607605
icdg11wvq_myfits.fits,F160W,11,101.0,0,9,2013-10-16,22:46:23,14.970785000000001,0.1262664794921875,0.06948089599609375,-15.864608764648438,-8.24017333984375,94.71342468261719,208.24452209472656,3.0,0.9900000095367432,-6.765817642211914,14.330113410949707,1940.9512939453125,128.21438598632812,1.3665252923965454,1.4509698152542114
icdg11wwq_myfits.fits,F125W,11,101.0,0,10,2013-10-16,22:47:02,29.663755,0.08798980712890625,-0.027587890625,-15.809417724609375,-8.292984008789062,94.84980773925781,208.08187866210938,1.0,0.9900000095367432,-9.136431694030762,19.26309585571289,2437.3486328125,171.90890502929688,1.2819331884384155,1.3329956531524658
icdg11wxq_myfits.fits,F125W,11,101.0,0,10,2013-10-16,22:47:50,29.663755,0.09061431884765624,0.02135467529296875,-15.8067626953125,-8.244232177734375,94.84625244140625,208.08953857421875,1.0,0.9900000095367432,-9.052165031433105,19.226484298706055,2461.08349609375,171.58543395996094,1.2805309295654297,1.3416247367858887
icdg11wyq_myfits.fits,F125W,11,101.0,0,10,2013-10-16,22:48:38,29.663755,0.086669921875,0.01686859130859375,-15.81072998046875,-8.24871826171875,94.8470458984375,208.08822631835938,1.0,0.9900000095367432,-9.042150497436523,19.15871810913086,2420.8955078125,170.9783935546875,1.2781838178634644,1.3357069492340088
icdg11wzq_myfits.fits,F125W,11,101.0,0,10,2013-10-16,22:49:26,29.663755,0.025054931640625,-0.1457672119140625,-15.87286376953125,-8.4110107421875,94.85538482666016,208.0912322998047,1.0,0.9900000095367432,-9.017340660095215,19.04282569885254,2456.802490234375,169.9506072998047,1.2834275960922241,1.3407059907913208
icdg11x0q_myfits.fits,F160W,11,101.0,0,11,2013-10-16,22:50:20,14.970785000000001,0.1342010498046875,0.0220794677734375,-15.856613159179688,-8.28802490234375,94.73197937011719,208.28253173828125,3.0,0.9900000095367432,-6.59473180770874,14.204683303833008,2037.744140625,127.12646484375,1.3544942140579224,1.4887930154800415
icdg11x1q_myfits.fits,F160W,11,101.0,0,11,2013-10-16,22:50:53,14.970785000000001,0.13177490234375,0.03729248046875,-15.858993530273438,-8.272689819335938,94.72862243652344,208.25979614257812,3.0,0.9900000095367432,-6.619414806365967,13.960549354553223,1961.528564453125,124.93974304199219,1.3492811918258667,1.45614492893219
icdg11x2q_myfits.fits,F160W,11,101.0,0,11,2013-10-16,22:51:26,14.970785000000001,0.15468597412109375,0.0739593505859375,-15.836166381835938,-8.23565673828125,94.73716735839844,208.27171325683594,3.0,0.9900000095367432,-6.610029220581055,13.908872604370117,1899.8502197265625,124.46460723876953,1.3464853763580322,1.4543797969818115
icdg11x3q_myfits.fits,F160W,11,101.0,0,11,2013-10-16,22:51:59,14.970785000000001,0.1487884521484375,0.0381317138671875,-15.842025756835938,-8.27191162109375,94.72779846191406,208.26795959472656,3.0,0.9900000095367432,-6.8934855461120605,14.650154113769531,1959.348388671875,131.06019592285156,1.343166708946228,1.4617949724197388
icdg11x4q_myfits.fits,F160W,11,101.0,0,11,2013-10-16,22:52:32,14.970785000000001,0.12056732177734375,0.06911468505859375,-15.87030029296875,-8.240554809570312,94.72554779052734,208.25868225097656,3.0,0.9900000095367432,-6.696957111358643,14.116175651550293,1914.127197265625,126.30835723876953,1.3469924926757812,1.4516396522521973
icdg11x5q_myfits.fits,F125W,11,101.0,0,12,2013-10-16,22:53:11,29.663755,0.104736328125,0.014251708984375,-15.792648315429688,-8.251419067382812,94.85530090332031,208.09188842773438,1.0,0.9900000095367432,-8.800296783447266,19.041074752807617,2399.867919921875,169.9293670654297,1.278788447380066,1.3340238332748413
icdg11x6q_myfits.fits,F125W,11,101.0,0,12,2013-10-16,22:53:59,29.663755,0.1180267333984375,0.00383758544921875,-15.779251098632812,-8.26190185546875,94.85884094238281,208.09005737304688,1.0,0.9900000095367432,-8.94877815246582,19.196107864379883,2447.13134765625,171.31373596191406,1.2777605056762695,1.3346587419509888
icdg11x7q_myfits.fits,F125W,11,101.0,0,12,2013-10-16,22:54:47,29.663755,0.09421539306640624,0.01955413818359375,-15.80316162109375,-8.246002197265625,94.85387420654297,208.09983825683594,1.0,0.9900000095367432,-8.88950252532959,19.066648483276367,2406.182861328125,170.1575927734375,1.2771283388137817,1.3400572538375854
icdg11x8q_myfits.fits,F125W,11,101.0,0,12,2013-10-16,22:55:35,29.663755,0.09474945068359376,0.0360107421875,-15.802688598632812,-8.229583740234375,94.85702514648438,208.0945281982422,1.0,0.9900000095367432,-9.09952163696289,19.25588035583496,2398.892822265625,171.8409423828125,1.2751193046569824,1.3355844020843506
icdg12xaq_myfits.fits,F125W,12,129.0,0,0,2013-10-16,23:51:55,29.663755,15.92108917236328,8.2747802734375,0.023468017578125,0.00921630859375,129.2068328857422,222.09951782226562,0.0,0.9900000095367432,-7.50223445892334,17.606124877929688,9131.1142578125,157.88099670410156,1.4822320938110352,1.4217056035995483
icdg12xbq_myfits.fits,F125W,12,129.0,0,0,2013-10-16,23:52:43,29.663755,15.94586944580078,8.297576904296875,0.04793548583984375,0.032012939453125,129.19786071777344,222.10081481933594,0.0,0.9900000095367432,-7.624500274658203,18.063631057739258,9123.0986328125,161.93275451660156,1.4679923057556152,1.412283182144165
icdg12xcq_myfits.fits,F125W,12,129.0,0,0,2013-10-16,23:53:31,29.663755,15.9461669921875,8.299995422363281,0.048187255859375,0.03437042236328125,129.20872497558594,222.1125030517578,0.0,0.9900000095367432,-7.618893623352051,18.113475799560547,9091.3271484375,162.3710479736328,1.4988154172897339,1.436477780342102
icdg12xdq_myfits.fits,F125W,12,129.0,0,0,2013-10-16,23:54:19,29.663755,15.911544799804688,8.279815673828125,0.01392364501953125,0.01433563232421875,129.1965789794922,222.10093688964844,0.0,0.9900000095367432,-7.538203239440918,17.712690353393555,9143.46875,158.82614135742188,1.4643499851226807,1.413685917854309
icdg12xeq_myfits.fits,F160W,12,129.0,0,1,2013-10-16,23:55:13,14.970785000000001,15.996299743652346,8.306396484375,0.0052947998046875,-0.003753662109375,129.117919921875,222.27137756347656,2.0,0.9900000095367432,-6.951488971710205,15.97889518737793,9381.3115234375,144.5850067138672,1.3986990451812744,1.520624041557312
icdg12xfq_myfits.fits,F160W,12,129.0,0,1,2013-10-16,23:55:46,14.970785000000001,15.980194091796875,8.305030822753906,-0.0108184814453125,-0.005157470703125,129.12139892578125,222.27613830566406,2.0,0.9900000095367432,-6.935091495513916,16.035654067993164,9399.490234375,145.08740234375,1.4096453189849854,1.536115288734436
icdg12xgq_myfits.fits,F160W,12,129.0,0,1,2013-10-16,23:56:19,14.970785000000001,15.997047424316404,8.313079833984375,0.00605010986328125,0.0029144287109375,129.11351013183594,222.27664184570312,2.0,0.9900000095367432,-6.694286346435547,15.38546085357666,9404.0224609375,139.3847198486328,1.403550148010254,1.536574125289917
icdg12xhq_myfits.fits,F160W,12,129.0,0,1,2013-10-16,23:56:52,14.970785000000001,15.996307373046875,8.307601928710938,0.00531768798828125,-0.0025482177734375,129.11273193359375,222.28257751464844,2.0,0.9900000095367432,-6.909881591796875,16.086612701416016,9415.72265625,145.53846740722656,1.4080675840377808,1.5448105335235596
icdg12xiq_myfits.fits,F160W,12,129.0,0,1,2013-10-16,23:57:25,14.970785000000001,15.99553680419922,8.306472778320312,0.0045318603515625,-0.0036773681640625,129.11007690429688,222.2765350341797,2.0,0.9900000095367432,-6.7329607009887695,15.592510223388672,9437.0751953125,141.2080535888672,1.406326413154602,1.5299358367919922
icdg12xjq_myfits.fits,F125W,12,129.0,0,2,2013-10-16,23:58:04,29.663755,15.941635131835938,8.297248840332031,0.04369354248046875,0.0317535400390625,129.19129943847656,222.10702514648438,0.0,0.9900000095367432,-7.588322639465332,18.1851749420166,9169.62890625,163.01443481445312,1.4624841213226318,1.4229631423950195
icdg12xkq_myfits.fits,F125W,12,129.0,0,2,2013-10-16,23:58:52,29.663755,15.902923583984375,8.284629821777344,0.0053253173828125,0.019317626953125,129.19493103027344,222.107666015625,0.0,0.9900000095367432,-7.498614311218262,17.688547134399414,9110.330078125,158.60877990722656,1.4626213312149048,1.4198417663574219
icdg12xlq_myfits.fits,F125W,12,129.0,0,2,2013-10-16,23:59:40,29.663755,15.949996948242188,8.30511474609375,0.05200958251953125,0.0395965576171875,129.191162109375,222.1038055419922,0.0,0.9900000095367432,-7.501185417175293,17.950342178344727,9173.8779296875,160.9344482421875,1.4601783752441406,1.4256281852722168
icdg12xmq_myfits.fits,F125W,12,129.0,0,2,2013-10-17,00:00:28,29.663755,15.94342041015625,8.302360534667969,0.04547119140625,0.0369110107421875,129.192626953125,222.11135864257812,0.0,0.9900000095367432,-7.599920749664307,17.9844913482666,9092.173828125,161.22840881347656,1.4666125774383545,1.4322248697280884
icdg12xnq_myfits.fits,F160W,12,129.0,0,3,2013-10-17,00:01:22,14.970785000000001,15.991172790527346,8.297859191894531,0.0001373291015625,-0.0122833251953125,129.12118530273438,222.28858947753906,2.0,0.9900000095367432,-6.7051262855529785,16.041820526123047,9325.72265625,145.1245574951172,1.4072426557540894,1.5519092082977295
icdg12xoq_myfits.fits,F160W,12,129.0,0,3,2013-10-17,00:01:55,14.970785000000001,15.986457824707033,8.313552856445312,-0.00457763671875,0.00336456298828125,129.10369873046875,222.28311157226562,2.0,0.9900000095367432,-6.74724006652832,15.748055458068848,9370.3603515625,142.55673217773438,1.3906720876693726,1.5415295362472534
icdg12xpq_myfits.fits,F160W,12,129.0,0,3,2013-10-17,00:02:28,14.970785000000001,15.97808074951172,8.316246032714844,-0.0129547119140625,0.00606536865234375,129.1306610107422,222.3081817626953,2.0,0.9900000095367432,-6.899107933044434,15.879530906677246,9398.4951171875,143.71693420410156,1.4495933055877686,1.6050629615783691
icdg12xqq_myfits.fits,F160W,12,129.0,0,3,2013-10-17,00:03:01,14.970785000000001,15.983596801757812,8.313018798828125,-0.00738525390625,0.0028076171875,129.10826110839844,222.279052734375,2.0,0.9900000095367432,-6.831966876983643,15.6531982421875,9415.69921875,141.7352752685547,1.4009512662887573,1.5414966344833374
icdg12xrq_myfits.fits,F160W,12,129.0,0,3,2013-10-17,00:03:34,14.970785000000001,15.988655090332033,8.317855834960938,-0.0023956298828125,0.00765228271484375,129.10581970214844,222.2857208251953,2.0,0.9900000095367432,-6.959851264953613,15.695331573486328,9385.841796875,142.09783935546875,1.3965457677841187,1.5491647720336914
icdg12xsq_myfits.fits,F125W,12,129.0,0,4,2013-10-17,00:04:13,29.663755,15.943473815917967,8.300407409667969,0.04552459716796875,0.0350494384765625,129.1898193359375,222.1114959716797,0.0,0.9900000095367432,-7.543071269989014,17.795759201049805,9104.033203125,159.55776977539062,1.466228723526001,1.4368913173675537
icdg12xtq_myfits.fits,F125W,12,129.0,0,4,2013-10-17,00:05:01,29.663755,15.931442260742188,8.29913330078125,0.03354644775390625,0.03383636474609375,129.18508911132812,222.1134796142578,0.0,0.9900000095367432,-7.451079845428467,17.615955352783203,9146.8701171875,157.9697265625,1.4594719409942627,1.426248550415039
icdg12xuq_myfits.fits,F125W,12,129.0,0,4,2013-10-17,00:05:49,29.663755,15.924293518066404,8.298828125,0.026397705078125,0.03369140625,129.1832275390625,222.1134033203125,0.0,0.9900000095367432,-7.582287311553955,17.547178268432617,9139.5302734375,157.35983276367188,1.4466010332107544,1.4292038679122925
icdg12xvq_myfits.fits,F125W,12,129.0,0,4,2013-10-17,00:06:37,29.663755,15.92327117919922,8.302947998046875,0.025390625,0.03778839111328125,129.18551635742188,222.11822509765625,0.0,0.9900000095367432,-7.552680015563965,17.46540069580078,9166.7568359375,156.63851928710938,1.4518600702285767,1.4355058670043945
icdg12xwq_myfits.fits,F160W,12,129.0,0,5,2013-10-17,00:07:31,14.970785000000001,15.980682373046875,8.322799682617188,-0.0102996826171875,0.0125579833984375,129.109375,222.28598022460938,2.0,0.9900000095367432,-6.833846569061279,15.627150535583496,9329.9404296875,141.486572265625,1.4025540351867676,1.5498381853103638
icdg12xxq_myfits.fits,F160W,12,129.0,0,5,2013-10-17,00:08:04,14.970785000000001,15.999649047851562,8.31549072265625,0.008575439453125,0.00531005859375,129.10971069335938,222.28726196289062,2.0,0.9900000095367432,-6.901158809661865,15.641583442687988,9393.98046875,141.62828063964844,1.4083818197250366,1.555011510848999
icdg12xyq_myfits.fits,F160W,12,129.0,0,5,2013-10-17,00:08:37,14.970785000000001,15.991249084472654,8.322769165039062,0.0001983642578125,0.01256561279296875,129.1065673828125,222.29190063476562,2.0,0.9900000095367432,-6.559695720672607,15.750391960144043,9408.271484375,142.5861053466797,1.4042844772338867,1.553076982498169
icdg12xzq_myfits.fits,F160W,12,129.0,0,5,2013-10-17,00:09:10,14.970785000000001,15.995590209960938,8.31768798828125,0.00455474853515625,0.0074920654296875,129.11004638671875,222.29624938964844,2.0,0.9900000095367432,-6.786178112030029,15.408584594726562,9415.037109375,139.590087890625,1.4005682468414307,1.5523325204849243
icdg12y0q_myfits.fits,F160W,12,129.0,0,5,2013-10-17,00:09:43,14.970785000000001,15.983482360839846,8.312324523925781,-0.007568359375,0.00213623046875,129.1063232421875,222.2953338623047,2.0,0.9900000095367432,-6.842235565185547,15.639961242675781,9391.9658203125,141.61355590820312,1.4005225896835327,1.5651382207870483
icdg12y1q_myfits.fits,F125W,12,129.0,0,6,2013-10-17,00:10:22,29.663755,15.928924560546875,8.305503845214844,0.03101348876953125,0.0403594970703125,129.19003295898438,222.11477661132812,0.0,0.9900000095367432,-7.607434272766113,17.605085372924805,9123.7294921875,157.87098693847656,1.45760178565979,1.4353017807006836
icdg12y2q_myfits.fits,F125W,12,129.0,0,6,2013-10-17,00:11:10,29.663755,15.927078247070312,8.309112548828125,0.02919769287109375,0.0439300537109375,129.2041473388672,222.09469604492188,0.0,0.9900000095367432,-7.5991387367248535,17.68059730529785,9171.830078125,158.54490661621094,1.469316005706787,1.4249721765518188
icdg12y3q_myfits.fits,F125W,12,129.0,0,6,2013-10-17,00:11:58,29.663755,15.937255859375,8.291946411132812,0.0393218994140625,0.02683258056640625,129.16378784179688,222.14569091796875,0.0,0.9900000095367432,-7.612148761749268,17.67719268798828,9144.619140625,158.51187133789062,1.4455839395523071,1.4550637006759644
icdg12y4q_myfits.fits,F125W,12,129.0,0,6,2013-10-17,00:12:46,29.663755,15.921356201171875,8.309173583984375,0.0235137939453125,0.0440216064453125,129.20245361328125,222.1140594482422,0.0,0.9900000095367432,-7.541331768035889,17.7664737701416,9095.240234375,159.29742431640625,1.4767531156539917,1.4469497203826904
icdg12y5q_myfits.fits,F160W,12,129.0,0,7,2013-10-17,00:13:40,14.970785000000001,15.9947509765625,8.33514404296875,0.00370025634765625,0.02492523193359375,129.10447692871094,222.3108673095703,2.0,0.9900000095367432,-6.807313919067383,15.738920211791992,9427.2109375,142.48992919921875,1.3979445695877075,1.5839059352874756
icdg12y6q_myfits.fits,F160W,12,129.0,0,7,2013-10-17,00:14:13,14.970785000000001,16.006210327148438,8.342109680175781,0.0151824951171875,0.03186798095703125,129.1152801513672,222.30499267578125,2.0,0.9900000095367432,-6.842559337615967,15.524024963378906,9367.046875,140.59085083007812,1.4041999578475952,1.590103268623352
icdg12y7q_myfits.fits,F160W,12,129.0,0,7,2013-10-17,00:14:46,14.970785000000001,15.992546081542967,8.34661865234375,0.00150299072265625,0.03631591796875,129.1105194091797,222.31222534179688,2.0,0.9900000095367432,-6.7227983474731445,15.544085502624512,9375.630859375,140.76881408691406,1.397811770439148,1.5808427333831787
icdg12y8q_myfits.fits,F160W,12,129.0,0,7,2013-10-17,00:15:19,14.970785000000001,15.99724578857422,8.336509704589844,0.00618743896484375,0.0262603759765625,129.11126708984375,222.30526733398438,2.0,0.9900000095367432,-6.790215969085693,15.827807426452637,9447.072265625,143.27439880371094,1.4009418487548828,1.57828950881958
icdg12y9q_myfits.fits,F160W,12,129.0,0,7,2013-10-17,00:15:52,14.970785000000001,15.998329162597654,8.345664978027344,0.007293701171875,0.035400390625,129.11241149902344,222.30271911621094,2.0,0.9900000095367432,-6.647894859313965,15.62703800201416,9370.3515625,141.4951171875,1.4057613611221313,1.5744884014129639
icdg12yaq_myfits.fits,F125W,12,129.0,0,8,2013-10-17,00:16:31,29.663755,15.93914794921875,8.324493408203125,0.04119110107421875,0.05922698974609375,129.19505310058594,222.13063049316406,0.0,0.9900000095367432,-7.574770450592041,17.864927291870117,9115.361328125,160.17164611816406,1.4622392654418945,1.4557087421417236
icdg12ybq_myfits.fits,F125W,12,129.0,0,8,2013-10-17,00:17:19,29.663755,15.94817352294922,8.319564819335938,0.05023956298828125,0.0543060302734375,129.19593811035156,222.13717651367188,0.0,0.9900000095367432,-7.637838840484619,18.00007438659668,9153.8798828125,161.37290954589844,1.4668912887573242,1.4532350301742554
icdg12ycq_myfits.fits,F125W,12,129.0,0,8,2013-10-17,00:18:07,29.663755,15.931556701660154,8.33197021484375,0.03365325927734375,0.0667266845703125,129.18991088867188,222.1396026611328,0.0,0.9900000095367432,-7.479825496673584,17.622190475463867,9162.7060546875,158.02664184570312,1.4670603275299072,1.45736825466156
icdg12ydq_myfits.fits,F125W,12,129.0,0,8,2013-10-17,00:18:55,29.663755,15.948753356933596,8.329505920410156,0.05078125,0.06414794921875,129.1987762451172,222.1344451904297,0.0,0.9900000095367432,-7.446492671966553,17.929040908813477,9129.4375,160.7410888671875,1.467908501625061,1.4500168561935425
icdg12yeq_myfits.fits,F160W,12,129.0,0,9,2013-10-17,00:19:49,14.970785000000001,16.002395629882812,8.356475830078125,0.01136016845703125,0.0462493896484375,129.1148223876953,222.3292236328125,2.0,0.9900000095367432,-6.834499359130859,15.682686805725098,9437.1064453125,141.9989776611328,1.4045559167861938,1.6075369119644165
icdg12yfq_myfits.fits,F160W,12,129.0,0,9,2013-10-17,00:20:22,14.970785000000001,16.012321472167972,8.360443115234375,0.02132415771484375,0.05017852783203125,129.1144256591797,222.33413696289062,2.0,0.9900000095367432,-6.983042240142822,16.13455581665039,9396.4970703125,145.9549560546875,1.416590690612793,1.6252632141113281
icdg12ygq_myfits.fits,F160W,12,129.0,0,9,2013-10-17,00:20:55,14.970785000000001,16.003952026367188,8.344596862792969,0.012908935546875,0.03437042236328125,129.13539123535156,222.34603881835938,2.0,0.9900000095367432,-6.913200855255127,15.819189071655273,9436.650390625,143.19635009765625,1.4172687530517578,1.630013108253479
icdg12yhq_myfits.fits,F160W,12,129.0,0,9,2013-10-17,00:21:28,14.970785000000001,16.019828796386722,8.371711730957031,0.02884674072265625,0.0614471435546875,129.11534118652344,222.3379669189453,2.0,0.9900000095367432,-6.733004570007324,15.761541366577148,9338.3251953125,142.66757202148438,1.4168161153793335,1.627498745918274
icdg12yiq_myfits.fits,F160W,12,129.0,0,9,2013-10-17,00:22:01,14.970785000000001,16.014114379882812,8.362495422363281,0.0230865478515625,0.05223846435546875,129.10610961914062,222.33885192871094,2.0,0.9900000095367432,-6.852566719055176,15.239228248596191,9403.7021484375,138.10287475585938,1.4061670303344727,1.621669054031372
icdg12yjq_myfits.fits,F125W,12,129.0,0,10,2013-10-17,00:22:40,29.663755,15.885818481445312,8.272933959960938,-0.01177978515625,0.00836944580078125,129.2163848876953,222.1607208251953,0.0,0.9900000095367432,-7.502744197845459,17.577777862548828,9083.810546875,157.6248779296875,1.510834813117981,1.4957852363586426
icdg12ykq_myfits.fits,F125W,12,129.0,0,10,2013-10-17,00:23:28,29.663755,15.79058837890625,8.220108032226562,-0.10650634765625,-0.04364013671875,129.20803833007812,222.16090393066406,0.0,0.9900000095367432,-7.4187541007995605,17.691164016723633,9115.74609375,158.63253784179688,1.4959310293197632,1.4922147989273071
icdg12ylq_myfits.fits,F125W,12,129.0,0,10,2013-10-17,00:24:16,29.663755,15.94586944580078,8.328620910644531,0.0479278564453125,0.0634613037109375,129.19046020507812,222.13973999023438,0.0,0.9900000095367432,-7.585306644439697,18.23374366760254,9032.7099609375,163.4306182861328,1.4796607494354248,1.4789206981658936
icdg12ymq_myfits.fits,F125W,12,129.0,0,10,2013-10-17,00:25:04,29.663755,15.96038818359375,8.344703674316406,0.0623779296875,0.079315185546875,129.19210815429688,222.14987182617188,0.0,0.9900000095367432,-7.413445949554443,18.07614517211914,9095.1923828125,162.0407257080078,1.4721291065216064,1.463030457496643
icdg12ynq_myfits.fits,F160W,12,129.0,0,11,2013-10-17,00:25:58,14.970785000000001,15.899398803710938,8.250595092773438,-0.09161376953125,-0.0595245361328125,129.13330078125,222.3858642578125,2.0,0.9900000095367432,-7.070287227630615,15.90208911895752,9702.935546875,143.98553466796875,1.4491357803344727,1.6924562454223633
icdg12yoq_myfits.fits,F160W,12,129.0,0,11,2013-10-17,00:26:31,14.970785000000001,16.023139953613278,8.390510559082031,0.03215789794921875,0.0802001953125,129.09706115722656,222.3103790283203,2.0,0.9900000095367432,-6.926738739013672,15.883379936218262,9463.0009765625,143.7657012939453,1.4010132551193237,1.580590844154358
icdg12ypq_myfits.fits,F160W,12,129.0,0,11,2013-10-17,00:27:04,14.970785000000001,16.020050048828125,8.375778198242188,0.02904510498046875,0.0654754638671875,129.11929321289062,222.32847595214844,2.0,0.9900000095367432,-6.959651947021484,15.526617050170898,9309.9609375,140.60003662109375,1.41586172580719,1.6208330392837524
icdg12yqq_myfits.fits,F160W,12,129.0,0,11,2013-10-17,00:27:37,14.970785000000001,16.01043701171875,8.366920471191406,0.01938629150390625,0.05666351318359375,129.11827087402344,222.34652709960938,2.0,0.9900000095367432,-6.769800662994385,15.54687213897705,9383.138671875,140.7950439453125,1.412040114402771,1.6374282836914062
icdg12yrq_myfits.fits,F160W,12,129.0,0,11,2013-10-17,00:28:10,14.970785000000001,16.035346984863278,8.389068603515625,0.044342041015625,0.0788116455078125,129.12831115722656,222.3636474609375,2.0,0.9900000095367432,-6.693782806396484,16.017152786254883,9374.4326171875,144.91921997070312,1.431388020515442,1.6536998748779297
icdg12ysq_myfits.fits,F125W,12,129.0,0,12,2013-10-17,00:28:49,29.663755,15.93120574951172,8.339912414550781,0.03331756591796875,0.074859619140625,129.21197509765625,222.16766357421875,0.0,0.9900000095367432,-7.491522312164307,17.57124137878418,9117.6201171875,157.57058715820312,1.5094249248504639,1.5078686475753784
icdg12ytq_myfits.fits,F125W,12,129.0,0,12,2013-10-17,00:29:37,29.663755,15.965530395507812,8.35479736328125,0.06751251220703125,0.0893707275390625,129.19544982910156,222.15493774414062,0.0,0.9900000095367432,-7.429187297821045,17.7464599609375,9077.953125,159.11830139160156,1.472733736038208,1.4798330068588257
icdg12yuq_myfits.fits,F125W,12,129.0,0,12,2013-10-17,00:30:25,29.663755,15.942497253417967,8.339813232421875,0.04456329345703125,0.074554443359375,129.1984405517578,222.16368103027344,0.0,0.9900000095367432,-7.4780378341674805,17.84137725830078,9130.3349609375,159.96461486816406,1.4817917346954346,1.4813717603683472
icdg12yvq_myfits.fits,F125W,12,129.0,0,12,2013-10-17,00:31:13,29.663755,15.961540222167967,8.351318359375,0.06354522705078125,0.0859222412109375,129.19601440429688,222.16346740722656,0.0,0.9900000095367432,-7.435361862182617,17.85505485534668,9141.314453125,160.08694458007812,1.4742605686187744,1.479689598083496
