FILENAME,FILTER,ORBIT,POSANG,DITHER,EXPOSURE_SET,OBS_DATE,OBS_TIME,EXPOSURE_TIME,XOFF,YOFF,XCENTER,YCENTER,PSF_ID,PSF_AMPLITUTE,SKY_LEVEL,SKY_SIGMA,FLUX_FIT,X_FIT,Y_FIT,SKYY_FIT
icdg07p3q_noramp.fits,F125W,7,101.0,0,0,2013-10-16,15:53:47,29.663755,0.0,0.0,94.7804946899414,208.07022094726562,70.0,0.9980239272117615,-0.1640336513519287,1.761175513267517,8541.0400390625,12.597733497619629,13.0679931640625,0.14297373592853546
icdg07p4q_noramp.fits,F125W,7,101.0,0,0,2013-10-16,15:54:35,29.663755,0.00420379638671875,-0.0383453369140625,94.77342987060547,208.0758056640625,70.0,1.0006659030914307,-0.13439494371414185,1.7568957805633545,8590.2646484375,12.592461585998535,13.074481964111328,0.12608776986598969
icdg07p5q_noramp.fits,F125W,7,101.0,0,0,2013-10-16,15:55:23,29.663755,-0.0057373046875,-0.0059814453125,94.77467346191406,208.0742950439453,70.0,1.0038670301437378,-0.18458789587020874,1.7755396366119385,8728.7412109375,12.596567153930664,13.070127487182617,0.004120402503758669
icdg07p6q_noramp.fits,F125W,7,101.0,0,0,2013-10-16,15:56:11,29.663755,-0.0041961669921875,-0.0323944091796875,94.77356719970703,208.0758819580078,70.0,1.0050625801086426,-0.1858358234167099,1.764588713645935,8607.2314453125,12.585392951965332,13.075335502624512,-0.21828487515449524
icdg07p7q_noramp.fits,F160W,7,101.0,0,1,2013-10-16,15:57:05,14.970785,0.0,0.0,94.6606216430664,208.22132873535156,101.0,1.0066848993301392,-0.2490900456905365,2.3722352981567383,8704.859375,12.513811111450195,13.251383781433105,0.9042087197303772
icdg07p8q_noramp.fits,F160W,7,101.0,0,1,2013-10-16,15:57:38,14.970785,-0.002227783203125,0.00160980224609375,94.65886688232422,208.2183074951172,98.0,0.999518871307373,-0.23220981657505035,2.4202001094818115,8783.0849609375,12.512782096862793,13.24587345123291,0.6257336735725403
icdg07p9q_noramp.fits,F160W,7,101.0,0,1,2013-10-16,15:58:11,14.970785,0.00696563720703125,0.00481414794921875,94.65066528320312,208.22409057617188,101.0,1.006860613822937,-0.2770446240901947,2.417689561843872,8686.34375,12.496369361877441,13.256697654724121,0.9426265358924866
icdg07paq_noramp.fits,F160W,7,101.0,0,1,2013-10-16,15:58:44,14.970785,0.00862884521484375,-0.007293701171875,94.64920806884766,208.22666931152344,101.0,1.006289005279541,-0.3205561339855194,2.4039909839630127,8719.8984375,12.505294799804688,13.251788139343262,0.942062258720398
icdg07pbq_noramp.fits,F160W,7,101.0,0,1,2013-10-16,15:59:17,14.970785,-0.0067291259765625,0.00621795654296875,94.6561050415039,208.22442626953125,99.0,1.0094977617263794,-0.2916480600833893,2.4269418716430664,8634.98828125,12.505969047546387,13.25288200378418,0.5858976244926453
icdg07pcq_noramp.fits,F125W,7,101.0,1,2,2013-10-16,16:00:32,29.663755,10.11962890625,-0.06610107421875,104.87751770019531,208.04376220703125,69.0,1.010140061378479,-0.272575706243515,1.677763819694519,8600.61328125,12.739093780517578,13.026833534240723,-0.09098374843597412
icdg07pdq_noramp.fits,F125W,7,101.0,1,2,2013-10-16,16:01:20,29.663755,10.107597351074219,-0.05615234375,104.8797378540039,208.0490264892578,70.0,1.0136064291000366,-0.302349716424942,1.6695330142974854,8666.8173828125,12.75007438659668,13.031231880187988,-0.269839346408844
icdg07peq_noramp.fits,F125W,7,101.0,1,2,2013-10-16,16:02:08,29.663755,10.119613647460938,-0.05419921875,104.8795394897461,208.05255126953125,69.0,1.0142033100128174,-0.25772058963775635,1.6601715087890625,8700.01171875,12.752750396728516,13.035201072692871,0.01386271696537733
icdg07pfq_noramp.fits,F125W,7,101.0,1,2,2013-10-16,16:02:56,29.663755,10.113983154296875,-0.068359375,104.88130187988281,208.04994201660156,69.0,1.0144941806793213,-0.2343626469373703,1.696919560432434,8555.5283203125,12.740067481994629,13.041135787963867,-0.16277927160263062
icdg07pgq_noramp.fits,F160W,7,101.0,1,3,2013-10-16,16:03:50,14.970785,10.144416809082031,-0.024505615234375,104.78904724121094,208.19822692871094,73.0,1.0063176155090332,-0.2147780805826187,2.4521706104278564,8230.068359375,12.635666847229004,13.218143463134766,1.1924972534179688
icdg07phq_noramp.fits,F160W,7,101.0,1,3,2013-10-16,16:04:23,14.970785,10.139541625976562,-0.0176239013671875,104.78975677490234,208.1964569091797,71.0,1.0075246095657349,-0.20537076890468597,2.379567861557007,8540.298828125,12.644885063171387,13.198176383972168,0.9049443602561951
icdg07piq_noramp.fits,F160W,7,101.0,1,3,2013-10-16,16:04:56,14.970785,10.138397216796875,-0.0179595947265625,104.79203796386719,208.1980743408203,73.0,1.0064998865127563,-0.1816835254430771,2.4062294960021973,8487.96875,12.651052474975586,13.206634521484375,1.1366822719573975
icdg07pjq_noramp.fits,F160W,7,101.0,1,3,2013-10-16,16:05:29,14.970785,10.153861999511719,-0.011566162109375,104.79515838623047,208.19503784179688,71.0,1.00904381275177,-0.26561394333839417,2.4229156970977783,8566.5732421875,12.655029296875,13.203702926635742,0.9953792095184326
icdg07pkq_noramp.fits,F160W,7,101.0,1,3,2013-10-16,16:06:02,14.970785,10.151718139648438,-0.011932373046875,104.79307556152344,208.20291137695312,73.0,1.0113260746002197,-0.24770629405975342,2.426283121109009,8520.2041015625,12.650714874267578,13.207772254943848,1.1417852640151978
icdg07plq_noramp.fits,F125W,7,101.0,2,4,2013-10-16,16:07:18,29.663755,0.0221099853515625,11.270233154296875,94.79002380371094,219.33944702148438,67.0,0.9902327656745911,0.026732023805379868,1.8532100915908813,8701.568359375,12.633143424987793,13.37678337097168,0.23197755217552185
icdg07pmq_noramp.fits,F125W,7,101.0,2,4,2013-10-16,16:08:06,29.663755,0.011322021484375,11.258354187011719,94.78410339355469,219.3201904296875,320.0,0.9942054748535156,-0.1801910251379013,1.7271580696105957,8777.685546875,12.629743576049805,13.35295295715332,0.016974234953522682
icdg07pnq_noramp.fits,F125W,7,101.0,2,4,2013-10-16,16:08:54,29.663755,-0.0052947998046875,11.263206481933594,94.78392791748047,219.32151794433594,320.0,0.9933913946151733,-0.1707070916891098,1.7002955675125122,8770.943359375,12.622293472290039,13.362308502197266,0.0013284635497257113
icdg07poq_noramp.fits,F125W,7,101.0,2,4,2013-10-16,16:09:42,29.663755,0.0462188720703125,11.244087219238281,94.7826919555664,219.31674194335938,70.0,0.9942773580551147,0.019044702872633934,1.8542797565460205,8713.5615234375,12.620580673217773,13.362638473510742,0.2487087845802307
icdg07ppq_noramp.fits,F160W,7,101.0,2,5,2013-10-16,16:10:36,14.970785,0.06877899169921875,11.244026184082031,94.67127990722656,219.5460662841797,316.0,0.9873900413513184,-0.09448537975549698,2.4921741485595703,8702.0029296875,12.514273643493652,13.49338436126709,0.7218387722969055
icdg07pqq_noramp.fits,F160W,7,101.0,2,5,2013-10-16,16:11:09,14.970785,0.055633544921875,11.241081237792969,94.6769027709961,219.56617736816406,316.0,0.9885389804840088,-0.1016535833477974,2.5203187465667725,8668.7158203125,12.518342971801758,13.50487232208252,0.7587766051292419
icdg07prq_noramp.fits,F160W,7,101.0,2,5,2013-10-16,16:11:42,14.970785,0.0507659912109375,11.241439819335938,94.68192291259766,219.56764221191406,316.0,0.9858804941177368,-0.11210758984088898,2.5196406841278076,8708.515625,12.522003173828125,13.496946334838867,0.6071615815162659
icdg07psq_noramp.fits,F160W,7,101.0,2,5,2013-10-16,16:12:15,14.970785,0.06116485595703125,11.241493225097656,94.68925476074219,219.54856872558594,316.0,0.9857698082923889,-0.08395683765411377,2.50736403465271,8660.9462890625,12.52782917022705,13.496053695678711,0.9154694676399231
icdg07ptq_noramp.fits,F160W,7,101.0,2,5,2013-10-16,16:12:48,14.970785,0.0489349365234375,11.261665344238281,94.66732788085938,219.59031677246094,71.0,0.9922513365745544,-0.033468279987573624,2.606722116470337,8587.556640625,12.49311637878418,13.525290489196777,0.9982852339744568
icdg07puq_noramp.fits,F125W,7,101.0,3,6,2013-10-16,16:14:03,29.663755,10.12689208984375,11.234001159667969,104.87284088134766,219.30935668945312,69.0,1.0014777183532715,-0.10898131877183914,1.7164541482925415,8852.08984375,12.745758056640625,13.348358154296875,0.12152202427387238
icdg07pvq_noramp.fits,F125W,7,101.0,3,6,2013-10-16,16:14:51,29.663755,10.1304931640625,11.2208251953125,104.88096618652344,219.28671264648438,69.0,1.003441333770752,-0.1264302134513855,1.6806464195251465,8747.431640625,12.75291919708252,13.332192420959473,0.25364863872528076
icdg07pwq_noramp.fits,F125W,7,101.0,3,6,2013-10-16,16:15:39,29.663755,10.118453979492188,11.237190246582031,104.88505554199219,219.28648376464844,70.0,1.0065560340881348,-0.20213188230991364,1.7106330394744873,8817.001953125,12.756001472473145,13.32916259765625,0.04781811684370041
icdg07pxq_noramp.fits,F125W,7,101.0,3,6,2013-10-16,16:16:27,29.663755,10.136016845703125,11.232269287109375,104.88707733154297,219.28717041015625,69.0,1.004613995552063,-0.09956655651330948,1.6874356269836426,8789.83203125,12.753249168395996,13.3311185836792,0.27242717146873474
icdg07pyq_noramp.fits,F160W,7,101.0,3,7,2013-10-16,16:17:21,14.970785,10.195693969726562,11.230842590332031,104.8142318725586,219.53700256347656,71.0,1.0056923627853394,-0.18606968224048615,2.536202907562256,8577.6796875,12.678098678588867,13.484341621398926,1.0782313346862793
icdg07pzq_noramp.fits,F160W,7,101.0,3,7,2013-10-16,16:17:54,14.970785,10.184951782226562,11.227890014648438,104.81065368652344,219.5364532470703,73.0,1.0051906108856201,-0.18167522549629211,2.499224901199341,8601.6201171875,12.674144744873047,13.479013442993164,1.452674150466919
icdg07q0q_noramp.fits,F160W,7,101.0,3,7,2013-10-16,16:18:27,14.970785,10.185310363769531,11.228858947753906,104.8136978149414,219.5361785888672,73.0,1.0037403106689453,-0.12088493257761002,2.522420644760132,8555.833984375,12.676374435424805,13.483702659606934,1.2851287126541138
icdg07q1q_noramp.fits,F160W,7,101.0,3,7,2013-10-16,16:19:00,14.970785,10.202651977539062,11.233863830566406,104.82006072998047,219.52896118164062,73.0,1.0067487955093384,-0.21096722781658173,2.4983041286468506,8621.9306640625,12.68510627746582,13.476417541503906,1.345759391784668
icdg07q2q_noramp.fits,F160W,7,101.0,3,7,2013-10-16,16:19:33,14.970785,10.174079895019531,11.267181396484375,104.81962585449219,219.53945922851562,73.0,1.0007383823394775,-0.13412854075431824,2.5620005130767822,8630.880859375,12.684625625610352,13.486207962036133,1.1339576244354248
icdg07q3q_noramp.fits,F125W,7,101.0,2,8,2013-10-16,16:20:48,29.663755,0.0649261474609375,11.250579833984375,94.81401824951172,219.33399963378906,70.0,0.9971168637275696,-0.08190181851387024,1.845575213432312,8735.10546875,12.665197372436523,13.382458686828613,0.2790050208568573
icdg07q4q_noramp.fits,F125W,7,101.0,2,8,2013-10-16,16:21:36,29.663755,0.09107208251953125,11.272315979003906,94.81675720214844,219.34136962890625,70.0,0.9998641610145569,0.003992544021457434,1.888454556465149,8818.013671875,12.671204566955566,13.37568187713623,0.166365385055542
icdg07q5q_noramp.fits,F125W,7,101.0,2,8,2013-10-16,16:22:24,29.663755,0.0220947265625,11.286087036132812,94.83091735839844,219.3768310546875,70.0,0.9969412684440613,0.0200418122112751,1.9040430784225464,8848.169921875,12.676324844360352,13.406734466552734,-0.025489510968327522
icdg07q6q_noramp.fits,F125W,7,101.0,2,8,2013-10-16,16:23:12,29.663755,0.083251953125,11.249946594238281,94.81632232666016,219.33445739746094,69.0,0.9960348606109619,0.02104625292122364,1.9023501873016357,8771.6611328125,12.669392585754395,13.377603530883789,0.33750662207603455
icdg07q7q_noramp.fits,F160W,7,101.0,2,9,2013-10-16,16:24:06,14.970785,0.1261749267578125,11.240730285644531,94.72457122802734,219.58299255371094,71.0,0.9965441823005676,-0.0633583664894104,2.529604196548462,8794.6025390625,12.561307907104492,13.517226219177246,0.8779362440109253
icdg07q8q_noramp.fits,F160W,7,101.0,2,9,2013-10-16,16:24:39,14.970785,0.10540008544921875,11.272750854492188,94.71841430664062,219.5885772705078,73.0,0.9963830709457397,-0.05915578082203865,2.5642571449279785,8624.4462890625,12.539306640625,13.493490219116211,1.0796465873718262
icdg07q9q_noramp.fits,F160W,7,101.0,2,9,2013-10-16,16:25:12,14.970785,0.10846710205078125,11.272369384765625,94.709228515625,219.56396484375,73.0,0.9897544384002686,-0.11657369881868362,2.561673879623413,8632.3271484375,12.539230346679688,13.480575561523438,1.1603012084960938
icdg07qaq_noramp.fits,F160W,7,101.0,2,9,2013-10-16,16:25:45,14.970785,0.107513427734375,11.306930541992188,94.72228240966797,219.58770751953125,73.0,1.0004467964172363,-0.13615012168884277,2.5733084678649902,8697.455078125,12.541603088378906,13.4935884475708,0.9649882316589355
icdg07qbq_noramp.fits,F160W,7,101.0,2,9,2013-10-16,16:26:18,14.970785,0.10772705078125,11.273521423339844,94.71565246582031,219.57888793945312,73.0,0.9942682981491089,-0.06003136560320854,2.5711658000946045,8782.2431640625,12.555419921875,13.518173217773438,1.058902382850647
icdg07qcq_noramp.fits,F125W,7,101.0,3,10,2013-10-16,16:27:33,29.663755,10.1612548828125,11.25152587890625,104.91743469238281,219.3081817626953,70.0,1.012597918510437,-0.18713459372520447,1.7108898162841797,8807.341796875,12.812424659729004,13.359857559204102,0.01897875964641571
icdg07qdq_noramp.fits,F125W,7,101.0,3,10,2013-10-16,16:28:21,29.663755,10.146804809570312,11.251640319824219,104.90880584716797,219.3076934814453,70.0,1.0112773180007935,-0.16744397580623627,1.7054290771484375,8741.970703125,12.801395416259766,13.35479736328125,0.018768375739455223
icdg07qeq_noramp.fits,F125W,7,101.0,3,10,2013-10-16,16:29:09,29.663755,10.198471069335938,11.272964477539062,104.91727447509766,219.31198120117188,70.0,1.0160776376724243,-0.20019792020320892,1.7247101068496704,8789.3720703125,12.816314697265625,13.364150047302246,0.0401977077126503
icdg07qfq_noramp.fits,F125W,7,101.0,3,10,2013-10-16,16:29:57,29.663755,10.174476623535156,11.248870849609375,104.91692352294922,219.3051300048828,69.0,1.0112168788909912,-0.09095404297113419,1.688256859779358,8765.8056640625,12.817538261413574,13.360696792602539,0.15487198531627655
icdg07qgq_noramp.fits,F160W,7,101.0,3,11,2013-10-16,16:30:51,14.970785,10.233604431152344,11.275550842285156,104.83589935302734,219.54896545410156,71.0,1.0111664533615112,-0.16392773389816284,2.548311471939087,8477.4306640625,12.709330558776855,13.50490665435791,1.4641934633255005
icdg07qhq_noramp.fits,F160W,7,101.0,3,11,2013-10-16,16:31:24,14.970785,10.221710205078125,11.276611328125,104.84408569335938,219.56126403808594,73.0,1.008581280708313,-0.18318650126457214,2.5293731689453125,8595.5390625,12.724470138549805,13.499030113220215,1.3575834035873413
icdg07qiq_noramp.fits,F160W,7,101.0,3,11,2013-10-16,16:31:57,14.970785,10.226913452148438,11.28497314453125,104.84176635742188,219.5581512451172,73.0,1.011562705039978,-0.20581617951393127,2.488875389099121,8596.017578125,12.718918800354004,13.497551918029785,1.344819188117981
icdg07qjq_noramp.fits,F160W,7,101.0,3,11,2013-10-16,16:32:30,14.970785,10.223136901855469,11.277000427246094,104.8440933227539,219.5575714111328,73.0,1.0110074281692505,-0.1627490073442459,2.5491323471069336,8605.107421875,12.723925590515137,13.495637893676758,1.4422023296356201
icdg07qkq_noramp.fits,F160W,7,101.0,3,11,2013-10-16,16:33:03,14.970785,10.230255126953125,11.240386962890625,104.8448257446289,219.55035400390625,73.0,1.0104058980941772,-0.2170121669769287,2.4996564388275146,8608.302734375,12.724642753601074,13.495132446289062,1.3192559480667114
icdg07qlq_noramp.fits,F125W,7,101.0,3,12,2013-10-16,16:33:42,29.663755,10.163803100585938,11.249588012695312,104.9243392944336,219.31211853027344,70.0,1.014400839805603,-0.15325012803077698,1.7024224996566772,8832.671875,12.832697868347168,13.364837646484375,0.2063307911157608
icdg07qmq_noramp.fits,F125W,7,101.0,3,12,2013-10-16,16:34:30,29.663755,10.162994384765625,11.253852844238281,104.92536163330078,219.3122100830078,70.0,1.014580249786377,-0.14831124246120453,1.7154536247253418,8788.08203125,12.829752922058105,13.362903594970703,0.06581538915634155
icdg07qnq_noramp.fits,F125W,7,101.0,3,12,2013-10-16,16:35:18,29.663755,10.214286804199219,11.273811340332031,104.92582702636719,219.31690979003906,69.0,1.0189284086227417,-0.1415548026561737,1.7230560779571533,8805.0546875,12.827383995056152,13.36746883392334,0.17437587678432465
icdg07qoq_noramp.fits,F125W,7,101.0,3,12,2013-10-16,16:36:06,29.663755,10.197059631347656,11.269020080566406,104.92430877685547,219.30831909179688,70.0,1.019652009010315,-0.1371135115623474,1.7424153089523315,8852.109375,12.823834419250488,13.356416702270508,-0.021770521998405457
icdg08qqq_noramp.fits,F125W,8,129.0,0,0,2013-10-16,17:29:24,29.663755,15.944572448730469,8.271263122558594,129.1839141845703,222.1158447265625,232.0,1.007132887840271,-0.29397648572921753,1.7511845827102661,8815.6064453125,13.15334701538086,13.110359191894531,-0.2918737828731537
icdg08qrq_noramp.fits,F125W,8,129.0,0,0,2013-10-16,17:30:12,29.663755,15.937591552734375,8.272857666015625,129.1811065673828,222.11685180664062,1.0,1.017800211906433,-0.1962624490261078,1.7196135520935059,8900.0859375,13.170454025268555,13.114255905151367,0.5140339136123657
icdg08qsq_noramp.fits,F125W,8,129.0,0,0,2013-10-16,17:31:00,29.663755,15.941093444824219,8.26702880859375,129.1790771484375,222.11721801757812,232.0,1.0105657577514648,-0.2756653428077698,1.7838033437728882,9004.5703125,13.152626037597656,13.112371444702148,-0.35394930839538574
icdg08qtq_noramp.fits,F125W,8,129.0,0,0,2013-10-16,17:31:48,29.663755,15.934127807617188,8.271858215332031,129.1672821044922,222.11424255371094,1.0,1.0198088884353638,-0.2288806438446045,1.7455748319625854,8964.091796875,13.147254943847656,13.108830451965332,0.02609800547361374
icdg08quq_noramp.fits,F160W,8,129.0,0,1,2013-10-16,17:32:42,14.970785,16.014236450195312,8.303207397460938,129.1052703857422,222.2878875732422,123.0,1.0050922632217407,-0.0918155238032341,2.432203531265259,8598.46484375,13.092082023620605,13.31578254699707,1.0347908735275269
icdg08qvq_noramp.fits,F160W,8,129.0,0,1,2013-10-16,17:33:15,14.970785,16.01074981689453,8.294303894042969,129.10025024414062,222.29275512695312,7.0,1.020611047744751,-0.060927584767341614,2.4397499561309814,8522.83984375,13.080879211425781,13.312976837158203,1.779232382774353
icdg08qwq_noramp.fits,F160W,8,129.0,0,1,2013-10-16,17:33:48,14.970785,16.020584106445312,8.289115905761719,129.1009521484375,222.29183959960938,123.0,1.004247784614563,-0.1602565199136734,2.4272422790527344,8563.177734375,13.085474967956543,13.315518379211426,1.4268954992294312
icdg08qxq_noramp.fits,F160W,8,129.0,0,1,2013-10-16,17:34:21,14.970785,15.998886108398438,8.289657592773438,129.09336853027344,222.29690551757812,7.0,1.0201643705368042,-0.08210989087820053,2.4234108924865723,8622.125,13.071213722229004,13.31335735321045,1.4429885149002075
icdg08qyq_noramp.fits,F160W,8,129.0,0,1,2013-10-16,17:34:54,14.970785,16.037979125976562,8.328544616699219,129.09617614746094,222.28785705566406,121.0,1.0113976001739502,-0.13358499109745026,2.4956870079040527,8532.50390625,13.075955390930176,13.308575630187988,1.036198377609253
icdg08qzq_noramp.fits,F125W,8,129.0,1,2,2013-10-16,17:36:09,29.663755,26.020050048828125,8.278327941894531,139.32350158691406,222.09707641601562,152.0,1.006955623626709,-0.26569950580596924,1.8413010835647583,8844.517578125,13.264215469360352,13.099398612976074,-0.3322153091430664
icdg08r0q_noramp.fits,F125W,8,129.0,1,2,2013-10-16,17:36:57,29.663755,26.034225463867188,8.284271240234375,139.32107543945312,222.09555053710938,152.0,1.0080456733703613,-0.26398828625679016,1.8579959869384766,8848.3779296875,13.260329246520996,13.09877872467041,-0.4583010673522949
icdg08r1q_noramp.fits,F125W,8,129.0,1,2,2013-10-16,17:37:45,29.663755,26.074020385742188,8.256446838378906,139.32257080078125,222.09359741210938,152.0,1.0027575492858887,-0.21440036594867706,1.8227732181549072,8890.033203125,13.262035369873047,13.09725570678711,-0.3489058315753937
icdg08r2q_noramp.fits,F125W,8,129.0,1,2,2013-10-16,17:38:33,29.663755,26.030372619628906,8.283111572265625,139.32106018066406,222.09591674804688,152.0,1.0099754333496094,-0.3063528537750244,1.8345664739608765,8858.5380859375,13.255226135253906,13.099987030029297,-0.3694866895675659
icdg08r3q_noramp.fits,F160W,8,129.0,1,3,2013-10-16,17:39:27,14.970785,26.084182739257812,8.2607421875,139.2185821533203,222.26617431640625,157.0,1.0007991790771484,-0.017439693212509155,2.465691566467285,8779.0546875,13.22402286529541,13.312984466552734,0.624729573726654
icdg08r4q_noramp.fits,F160W,8,129.0,1,3,2013-10-16,17:40:00,14.970785,26.096214294433594,8.274070739746094,139.21075439453125,222.26483154296875,157.0,1.0028878450393677,-0.06739580631256104,2.498241901397705,8713.720703125,13.217663764953613,13.305343627929688,0.44597673416137695
icdg08r5q_noramp.fits,F160W,8,129.0,1,3,2013-10-16,17:40:33,14.970785,26.07513427734375,8.260971069335938,139.21884155273438,222.26187133789062,157.0,1.0044523477554321,-0.09452328830957413,2.4553356170654297,8737.552734375,13.228562355041504,13.298016548156738,0.9662984013557434
icdg08r6q_noramp.fits,F160W,8,129.0,1,3,2013-10-16,17:41:06,14.970785,26.083526611328125,8.265464782714844,139.21279907226562,222.26364135742188,157.0,1.0030893087387085,-0.05370363965630531,2.453444480895996,8513.48828125,13.222229957580566,13.319047927856445,0.9324027299880981
icdg08r7q_noramp.fits,F160W,8,129.0,1,3,2013-10-16,17:41:39,14.970785,26.063201904296875,8.265830993652344,139.21414184570312,222.26876831054688,120.0,1.0088603496551514,-0.22228768467903137,2.4953043460845947,8730.6640625,13.222183227539062,13.301228523254395,0.6575308442115784
icdg08r8q_noramp.fits,F125W,8,129.0,2,4,2013-10-16,17:42:55,29.663755,15.924453735351562,19.528427124023438,129.12879943847656,233.46485900878906,280.0,1.0027302503585815,-0.3067155182361603,1.806532859802246,8750.6689453125,13.1131591796875,13.461224555969238,-0.595758855342865
icdg08r9q_noramp.fits,F125W,8,129.0,2,4,2013-10-16,17:43:43,29.663755,15.952667236328125,19.568199157714844,129.13455200195312,233.47305297851562,253.0,1.0060771703720093,-0.2762986421585083,1.8163602352142334,8682.623046875,13.121257781982422,13.465580940246582,-0.29446765780448914
icdg08raq_noramp.fits,F125W,8,129.0,2,4,2013-10-16,17:44:31,29.663755,15.933090209960938,19.545692443847656,129.1342010498047,233.47308349609375,280.0,1.0028196573257446,-0.2633451521396637,1.8420854806900024,8763.2353515625,13.119028091430664,13.46475887298584,-0.41555485129356384
icdg08rbq_noramp.fits,F125W,8,129.0,2,4,2013-10-16,17:45:19,29.663755,15.926033020019531,19.54962158203125,129.13526916503906,233.4733123779297,280.0,1.0024970769882202,-0.31090056896209717,1.8269765377044678,8746.365234375,13.118927955627441,13.464200973510742,-0.5821117162704468
icdg08rcq_noramp.fits,F160W,8,129.0,2,5,2013-10-16,17:46:13,14.970785,15.981048583984375,19.665863037109375,129.0802459716797,233.69717407226562,7.0,1.0270992517471313,-0.18158510327339172,2.4335687160491943,8259.4130859375,13.060368537902832,13.565862655639648,0.9237421154975891
icdg08rdq_noramp.fits,F160W,8,129.0,2,5,2013-10-16,17:46:46,14.970785,15.990188598632812,19.660377502441406,129.08697509765625,233.69390869140625,7.0,1.024987816810608,-0.24269676208496094,2.440828800201416,8280.61328125,13.069811820983887,13.570314407348633,0.9643991589546204
icdg08req_noramp.fits,F160W,8,129.0,2,5,2013-10-16,17:47:19,14.970785,15.989585876464844,19.673751831054688,129.08187866210938,233.69677734375,8.0,1.0213816165924072,-0.0986003503203392,2.3716068267822266,8363.0458984375,13.061393737792969,13.572159767150879,0.9514603614807129
icdg08rfq_noramp.fits,F160W,8,129.0,2,5,2013-10-16,17:47:52,14.970785,15.976715087890625,19.66838836669922,129.0867156982422,233.69570922851562,7.0,1.0257925987243652,-0.16577410697937012,2.370237112045288,8228.3359375,13.069483757019043,13.565497398376465,0.7949268817901611
icdg08rgq_noramp.fits,F160W,8,129.0,2,5,2013-10-16,17:48:25,14.970785,15.992660522460938,19.682350158691406,129.08570861816406,233.70619201660156,7.0,1.028209924697876,-0.2499479204416275,2.42085599899292,8274.896484375,13.068668365478516,13.570713996887207,1.1396000385284424
icdg08rhq_noramp.fits,F125W,8,129.0,3,6,2013-10-16,17:49:40,29.663755,26.04907989501953,19.563430786132812,139.2890625,233.45936584472656,280.0,1.001707673072815,-0.3841499388217926,1.7896308898925781,8684.4423828125,13.25745964050293,13.459149360656738,-0.2834742069244385
icdg08riq_noramp.fits,F125W,8,129.0,3,6,2013-10-16,17:50:28,29.663755,26.0712890625,19.52564239501953,139.32144165039062,233.4300079345703,280.0,1.0067274570465088,-0.4313845634460449,1.7880322933197021,8705.43359375,13.281882286071777,13.445271492004395,-0.37602707743644714
icdg08rjq_noramp.fits,F125W,8,129.0,3,6,2013-10-16,17:51:16,29.663755,26.062530517578125,19.560409545898438,139.3130340576172,233.4423828125,280.0,1.0092458724975586,-0.4200415015220642,1.7850921154022217,8660.251953125,13.271126747131348,13.459477424621582,-0.511381208896637
icdg08rkq_noramp.fits,F125W,8,129.0,3,6,2013-10-16,17:52:04,29.663755,26.05206298828125,19.556785583496094,139.31272888183594,233.44410705566406,280.0,1.0060944557189941,-0.3822929561138153,1.8086837530136108,8760.5087890625,13.261940956115723,13.460413932800293,-0.4326907992362976
icdg08rlq_noramp.fits,F160W,8,129.0,3,7,2013-10-16,17:52:58,14.970785,26.093582153320312,19.657989501953125,139.21080017089844,233.68023681640625,256.0,1.0075410604476929,-0.204624205827713,2.403980255126953,8614.673828125,13.237164497375488,13.58732795715332,0.6220685243606567
icdg08rmq_noramp.fits,F160W,8,129.0,3,7,2013-10-16,17:53:31,14.970785,26.094322204589844,19.658775329589844,139.21356201171875,233.67581176757812,13.0,1.0254459381103516,-0.2769666314125061,2.408482789993286,8564.2177734375,13.232160568237305,13.581061363220215,0.6783432364463806
icdg08rnq_noramp.fits,F160W,8,129.0,3,7,2013-10-16,17:54:04,14.970785,26.097984313964844,19.6512451171875,139.20404052734375,233.6793670654297,256.0,1.011595368385315,-0.24367371201515198,2.40887188911438,8581.3857421875,13.229283332824707,13.574809074401855,0.719365656375885
icdg08roq_noramp.fits,F160W,8,129.0,3,7,2013-10-16,17:54:37,14.970785,26.104957580566406,19.660873413085938,139.21163940429688,233.68460083007812,264.0,1.0128586292266846,-0.1783391237258911,2.4204201698303223,8570.62109375,13.23512077331543,13.58806037902832,0.9950594305992126
icdg08rpq_noramp.fits,F160W,8,129.0,3,7,2013-10-16,17:55:10,14.970785,26.09991455078125,19.657798767089844,139.21128845214844,233.6880340576172,256.0,1.009644627571106,-0.2681642174720764,2.452474355697632,8557.4375,13.239005088806152,13.576422691345215,0.37310487031936646
icdg08rqq_noramp.fits,F125W,8,129.0,2,8,2013-10-16,17:56:25,29.663755,15.971717834472656,19.6353759765625,129.15049743652344,233.52671813964844,253.0,1.0054432153701782,-0.2454536110162735,1.8058415651321411,8805.111328125,13.142735481262207,13.504843711853027,-0.48572808504104614
icdg08rrq_noramp.fits,F125W,8,129.0,2,8,2013-10-16,17:57:13,29.663755,15.963851928710938,19.646995544433594,129.14779663085938,233.52903747558594,253.0,1.0071344375610352,-0.26197001338005066,1.8204474449157715,8700.1787109375,13.143170356750488,13.506690979003906,-0.49561312794685364
icdg08rsq_noramp.fits,F125W,8,129.0,2,8,2013-10-16,17:58:01,29.663755,15.981864929199219,19.662551879882812,129.15098571777344,233.53005981445312,253.0,1.0082571506500244,-0.2441832423210144,1.8354356288909912,8771.578125,13.138940811157227,13.505010604858398,-0.6413332223892212
icdg08rtq_noramp.fits,F125W,8,129.0,2,8,2013-10-16,17:58:49,29.663755,15.961288452148438,19.653213500976562,129.1399688720703,233.52537536621094,253.0,1.0088326930999756,-0.2637452781200409,1.8084487915039062,8697.740234375,13.136259078979492,13.508148193359375,-0.4794432520866394
icdg08ruq_noramp.fits,F160W,8,129.0,2,9,2013-10-16,17:59:43,14.970785,16.001129150390625,19.748245239257812,129.10122680664062,233.7376708984375,7.0,1.025650143623352,-0.17849160730838776,2.4703543186187744,8321.912109375,13.096295356750488,13.607352256774902,0.9770539999008179
icdg08rvq_noramp.fits,F160W,8,129.0,2,9,2013-10-16,18:00:16,14.970785,15.996917724609375,19.716407775878906,129.09469604492188,233.72772216796875,7.0,1.0246682167053223,-0.2217414528131485,2.4615962505340576,8267.072265625,13.08484935760498,13.598318099975586,0.9825466275215149
icdg08rwq_noramp.fits,F160W,8,129.0,2,9,2013-10-16,18:00:49,14.970785,16.003921508789062,19.725196838378906,129.0615234375,233.69078063964844,7.0,1.02261483669281,-0.18426178395748138,2.4195525646209717,8437.552734375,13.018704414367676,13.572444915771484,1.2748887538909912
icdg08rxq_noramp.fits,F160W,8,129.0,2,9,2013-10-16,18:01:22,14.970785,16.026100158691406,19.720252990722656,129.09791564941406,233.7394561767578,7.0,1.025217056274414,-0.1992052048444748,2.448254346847534,8290.36328125,13.08761215209961,13.608773231506348,0.987072229385376
icdg08ryq_noramp.fits,F160W,8,129.0,2,9,2013-10-16,18:01:55,14.970785,16.010032653808594,19.702133178710938,129.0738525390625,233.70596313476562,7.0,1.0258026123046875,-0.16890652477741241,2.4136765003204346,8302.3701171875,13.045456886291504,13.586678504943848,1.2305370569229126
icdg08rzq_noramp.fits,F125W,8,129.0,3,10,2013-10-16,18:03:10,29.663755,26.088943481445312,19.620956420898438,139.33668518066406,233.48092651367188,253.0,1.0109424591064453,-0.3243749737739563,1.7497862577438354,8700.140625,13.282571792602539,13.474796295166016,-0.6055710315704346
icdg08s0q_noramp.fits,F125W,8,129.0,3,10,2013-10-16,18:03:58,29.663755,26.07396697998047,19.610946655273438,139.32931518554688,233.48753356933594,280.0,1.0068358182907104,-0.3198087811470032,1.8262628316879272,8646.1162109375,13.286495208740234,13.488130569458008,-0.2910507321357727
icdg08s1q_noramp.fits,F125W,8,129.0,3,10,2013-10-16,18:04:46,29.663755,25.963340759277344,19.386558532714844,139.3559112548828,233.50704956054688,280.0,1.0059093236923218,-0.28596624732017517,1.827097773551941,8793.0615234375,13.30318546295166,13.497875213623047,0.037745095789432526
icdg08s2q_noramp.fits,F125W,8,129.0,3,10,2013-10-16,18:05:34,29.663755,26.093826293945312,19.633499145507812,139.3414306640625,233.48947143554688,253.0,1.012325406074524,-0.3346055746078491,1.7938363552093506,8727.4189453125,13.305065155029297,13.484917640686035,-0.20191951096057892
icdg08s3q_noramp.fits,F160W,8,129.0,3,11,2013-10-16,18:06:28,14.970785,26.143569946289062,19.71691131591797,139.23046875,233.70751953125,13.0,1.0260552167892456,-0.2593732476234436,2.472486734390259,8583.9482421875,13.24952507019043,13.615608215332031,1.0857317447662354
icdg08s4q_noramp.fits,F160W,8,129.0,3,11,2013-10-16,18:07:01,14.970785,26.13995361328125,19.718612670898438,139.22927856445312,233.6939239501953,13.0,1.0232433080673218,-0.18928880989551544,2.4368791580200195,8555.1015625,13.247903823852539,13.603472709655762,0.7210690975189209
icdg08s5q_noramp.fits,F160W,8,129.0,3,11,2013-10-16,18:07:34,14.970785,26.135711669921875,19.71502685546875,139.21836853027344,233.6998291015625,13.0,1.0263445377349854,-0.2697613537311554,2.4879531860351562,8616.9853515625,13.242856979370117,13.607075691223145,0.7701684832572937
icdg08s6q_noramp.fits,F160W,8,129.0,3,11,2013-10-16,18:08:07,14.970785,26.139053344726562,19.718902587890625,139.22555541992188,233.70407104492188,13.0,1.0279748439788818,-0.3036307692527771,2.4702842235565186,8551.8671875,13.247159957885742,13.604818344116211,0.7046458125114441
icdg08s7q_noramp.fits,F160W,8,129.0,3,11,2013-10-16,18:08:40,14.970785,26.146514892578125,19.73328399658203,139.24142456054688,233.72360229492188,13.0,1.0260423421859741,-0.26698383688926697,2.4868199825286865,8591.8701171875,13.260025978088379,13.619399070739746,0.8667543530464172
icdg08s8q_noramp.fits,F125W,8,129.0,3,12,2013-10-16,18:09:19,29.663755,26.08501434326172,19.631431579589844,139.34530639648438,233.4945068359375,253.0,1.0118906497955322,-0.3066190183162689,1.781530737876892,8711.1484375,13.301992416381836,13.485976219177246,-0.14922726154327393
icdg08s9q_noramp.fits,F125W,8,129.0,3,12,2013-10-16,18:10:07,29.663755,26.098594665527344,19.625389099121094,139.33787536621094,233.49966430664062,253.0,1.0137494802474976,-0.31435713171958923,1.7819832563400269,8780.3330078125,13.287769317626953,13.497207641601562,-0.6686937808990479
icdg08saq_noramp.fits,F125W,8,129.0,3,12,2013-10-16,18:10:55,29.663755,26.08123016357422,19.627059936523438,139.33770751953125,233.50267028808594,253.0,1.0135011672973633,-0.2861890196800232,1.7830352783203125,8745.88671875,13.301606178283691,13.490937232971191,0.010644455440342426
icdg08sbq_noramp.fits,F125W,8,129.0,3,12,2013-10-16,18:11:43,29.663755,26.074745178222656,19.626914978027344,139.3405303955078,233.49681091308594,253.0,1.0109424591064453,-0.2517835199832916,1.7846550941467285,8694.9228515625,13.292895317077637,13.494009017944336,-0.14228519797325134
icdg09sdq_noramp.fits,F125W,9,101.0,0,0,2013-10-16,19:05:02,29.663755,-0.0029754638671875,0.06278228759765625,94.8122329711914,208.1144256591797,70.0,1.012869954109192,-0.11995016038417816,1.8358467817306519,8565.6484375,12.643850326538086,13.130203247070312,0.30333027243614197
icdg09seq_noramp.fits,F125W,9,101.0,0,0,2013-10-16,19:05:50,29.663755,0.01197052001953125,0.07038116455078125,94.81070709228516,208.1127471923828,70.0,1.013026237487793,-0.08596360683441162,1.7892367839813232,8654.1142578125,12.635014533996582,13.128576278686523,-0.015915434807538986
icdg09sfq_noramp.fits,F125W,9,101.0,0,0,2013-10-16,19:06:38,29.663755,0.02947998046875,0.0631103515625,94.81272888183594,208.11221313476562,70.0,1.011447787284851,-0.09807132929563522,1.7796554565429688,8562.1884765625,12.637075424194336,13.130803108215332,0.26090988516807556
icdg09sgq_noramp.fits,F125W,9,101.0,0,0,2013-10-16,19:07:26,29.663755,0.00302886962890625,0.078399658203125,94.80891418457031,208.1134490966797,70.0,1.0153731107711792,-0.11936423927545547,1.824173092842102,8652.77734375,12.63851547241211,13.129493713378906,0.10325455665588379
icdg09shq_noramp.fits,F160W,9,101.0,0,1,2013-10-16,19:08:20,14.970785,0.06305694580078125,0.08322906494140625,94.71659851074219,208.28114318847656,178.0,1.005765438079834,-0.2707030475139618,2.4252512454986572,8687.8134765625,12.557336807250977,13.309978485107422,0.7394256591796875
icdg09siq_noramp.fits,F160W,9,101.0,0,1,2013-10-16,19:08:53,14.970785,0.06949615478515625,0.08487701416015625,94.71139526367188,208.2752227783203,178.0,1.0070812702178955,-0.300963431596756,2.4183053970336914,8686.25,12.555709838867188,13.303593635559082,0.8200087547302246
icdg09sjq_noramp.fits,F160W,9,101.0,0,1,2013-10-16,19:09:26,14.970785,0.07007598876953125,0.07930755615234375,94.71429443359375,208.2829132080078,178.0,1.0062779188156128,-0.25305458903312683,2.424603223800659,8667.005859375,12.555160522460938,13.313078880310059,0.9434050917625427
icdg09skq_noramp.fits,F160W,9,101.0,0,1,2013-10-16,19:09:59,14.970785,0.056915283203125,0.0877227783203125,94.70757293701172,208.2801971435547,178.0,1.0074315071105957,-0.22153715789318085,2.4378912448883057,8670.5986328125,12.549589157104492,13.306279182434082,0.7238566875457764
icdg09slq_noramp.fits,F160W,9,101.0,0,1,2013-10-16,19:10:32,14.970785,0.05922698974609375,0.0976715087890625,94.71663665771484,208.2758331298828,178.0,1.0022140741348267,-0.28069546818733215,2.456836700439453,8688.404296875,12.558548927307129,13.297039031982422,1.1697132587432861
icdg09smq_noramp.fits,F125W,9,101.0,1,2,2013-10-16,19:11:47,29.663755,10.171127319335938,0.0157318115234375,104.91743469238281,208.0897979736328,69.0,1.0255109071731567,-0.3359493911266327,1.7217077016830444,8765.7158203125,12.805816650390625,13.073284149169922,-0.06503785401582718
icdg09snq_noramp.fits,F125W,9,101.0,1,2,2013-10-16,19:12:35,29.663755,10.158622741699219,0.0150909423828125,104.91707611083984,208.0873260498047,69.0,1.0270817279815674,-0.29805049300193787,1.7313576936721802,8702.3955078125,12.802395820617676,13.07493782043457,0.027252892032265663
icdg09soq_noramp.fits,F125W,9,101.0,1,2,2013-10-16,19:13:23,29.663755,10.168571472167969,0.028045654296875,104.91693115234375,208.08596801757812,69.0,1.028039574623108,-0.322268545627594,1.7494474649429321,8737.7412109375,12.804231643676758,13.079268455505371,0.03115285001695156
icdg09spq_noramp.fits,F125W,9,101.0,1,2,2013-10-16,19:14:11,29.663755,10.152786254882812,0.0210113525390625,104.91576385498047,208.08724975585938,70.0,1.0305742025375366,-0.3904268741607666,1.7606348991394043,8743.9794921875,12.804250717163086,13.077726364135742,-0.22348958253860474
icdg09sqq_noramp.fits,F160W,9,101.0,1,3,2013-10-16,19:15:05,14.970785,10.19378662109375,0.03102874755859375,104.83793640136719,208.2502899169922,71.0,1.0213193893432617,-0.23003225028514862,2.405179500579834,8522.380859375,12.697168350219727,13.264097213745117,1.5506688356399536
icdg09srq_noramp.fits,F160W,9,101.0,1,3,2013-10-16,19:15:38,14.970785,10.180343627929688,0.05239105224609375,104.83385467529297,208.25608825683594,73.0,1.016875147819519,-0.18733340501785278,2.414039134979248,8396.7265625,12.700532913208008,13.269104957580566,1.3830735683441162
icdg09ssq_noramp.fits,F160W,9,101.0,1,3,2013-10-16,19:16:11,14.970785,10.18707275390625,0.05265045166015625,104.8331069946289,208.25131225585938,73.0,1.01698899269104,-0.18016652762889862,2.4438648223876953,8560.0166015625,12.703629493713379,13.258194923400879,1.3048906326293945
icdg09stq_noramp.fits,F160W,9,101.0,1,3,2013-10-16,19:16:44,14.970785,10.178421020507812,-0.0012054443359375,104.83676147460938,208.24571228027344,71.0,1.0214903354644775,-0.2625664472579956,2.359149694442749,8549.9990234375,12.706684112548828,13.257743835449219,1.2202719449996948
icdg09suq_noramp.fits,F160W,9,101.0,1,3,2013-10-16,19:17:17,14.970785,10.193527221679688,0.0295867919921875,104.83843994140625,208.25267028808594,71.0,1.0214382410049438,-0.2612563967704773,2.38285756111145,8540.283203125,12.707730293273926,13.263293266296387,1.262103796005249
icdg09svq_noramp.fits,F125W,9,101.0,2,4,2013-10-16,19:18:33,29.663755,0.0437469482421875,11.297874450683594,94.82221221923828,219.40264892578125,70.0,1.003015160560608,-0.06885059922933578,1.8276755809783936,8826.28515625,12.678521156311035,13.401108741760254,0.03379547968506813
icdg09swq_noramp.fits,F125W,9,101.0,2,4,2013-10-16,19:19:21,29.663755,0.0687103271484375,11.262374877929688,94.82785034179688,219.4027862548828,69.0,1.0043320655822754,-0.05700185149908066,1.8477622270584106,8722.138671875,12.68389892578125,13.409184455871582,0.4303988814353943
icdg09sxq_noramp.fits,F125W,9,101.0,2,4,2013-10-16,19:20:09,29.663755,0.0759124755859375,11.264862060546875,94.82527160644531,219.40289306640625,69.0,1.0041394233703613,-0.0663280263543129,1.8461941480636597,8748.716796875,12.680912971496582,13.404804229736328,0.34716272354125977
icdg09syq_noramp.fits,F125W,9,101.0,2,4,2013-10-16,19:20:57,29.663755,0.0684661865234375,11.27410888671875,94.8267822265625,219.39939880371094,70.0,1.0040028095245361,-0.021799471229314804,1.8395633697509766,8789.03125,12.686322212219238,13.404553413391113,0.18453216552734375
icdg09szq_noramp.fits,F160W,9,101.0,2,5,2013-10-16,19:21:51,14.970785,0.08618927001953125,11.308784484863281,94.73997497558594,219.64468383789062,73.0,0.998169481754303,0.015069958753883839,2.528282403945923,8423.5087890625,12.580002784729004,13.533170700073242,1.609707236289978
icdg09t0q_noramp.fits,F160W,9,101.0,2,5,2013-10-16,19:22:24,14.970785,0.09686279296875,11.31964111328125,94.74522399902344,219.6468963623047,73.0,1.0021635293960571,-0.03504057973623276,2.5417425632476807,8657.755859375,12.595486640930176,13.544405937194824,1.2688878774642944
icdg09t1q_noramp.fits,F160W,9,101.0,2,5,2013-10-16,19:22:57,14.970785,0.0921630859375,11.308128356933594,94.73474884033203,219.6483154296875,71.0,1.0025922060012817,-0.02725955657660961,2.5529897212982178,8626.0283203125,12.587701797485352,13.552978515625,1.170997977256775
icdg09t2q_noramp.fits,F160W,9,101.0,2,5,2013-10-16,19:23:30,14.970785,0.093231201171875,11.31463623046875,94.73837280273438,219.65402221679688,71.0,1.0062286853790283,-0.0639471709728241,2.5610194206237793,8678.185546875,12.590621948242188,13.5585298538208,1.2499029636383057
icdg09t3q_noramp.fits,F160W,9,101.0,2,5,2013-10-16,19:24:03,14.970785,0.112579345703125,11.333290100097656,94.7337875366211,219.66555786132812,73.0,1.0068895816802979,-0.060402948409318924,2.5199317932128906,8627.0380859375,12.586546897888184,13.56246566772461,1.1870265007019043
icdg09t4q_noramp.fits,F125W,9,101.0,3,6,2013-10-16,19:25:18,29.663755,10.170761108398438,11.291946411132812,104.90906524658203,219.39773559570312,70.0,1.0195125341415405,-0.26798272132873535,1.7131015062332153,8777.4482421875,12.795841217041016,13.395599365234375,0.12249598652124405
icdg09t5q_noramp.fits,F125W,9,101.0,3,6,2013-10-16,19:26:06,29.663755,10.206512451171875,11.266448974609375,104.91889953613281,219.3655242919922,69.0,1.0207346677780151,-0.2216772437095642,1.6842082738876343,8800.3056640625,12.820093154907227,13.381937980651855,0.1598086655139923
icdg09t6q_noramp.fits,F125W,9,101.0,3,6,2013-10-16,19:26:54,29.663755,10.177993774414062,11.292640686035156,104.92102813720703,219.38369750976562,70.0,1.0174565315246582,-0.20860087871551514,1.7248235940933228,8787.3193359375,12.815780639648438,13.386824607849121,-0.01672050543129444
icdg09t7q_noramp.fits,F125W,9,101.0,3,6,2013-10-16,19:27:42,29.663755,10.164291381835938,11.291107177734375,104.91925811767578,219.38343811035156,70.0,1.0187238454818726,-0.226151242852211,1.7218315601348877,8850.2802734375,12.816436767578125,13.38826847076416,0.2074015736579895
icdg09t8q_noramp.fits,F160W,9,101.0,3,7,2013-10-16,19:28:36,14.970785,10.202377319335938,11.294662475585938,104.85155487060547,219.62930297851562,73.0,1.0119725465774536,-0.15187223255634308,2.468456983566284,8580.0361328125,12.738004684448242,13.538790702819824,1.259308099746704
icdg09t9q_noramp.fits,F160W,9,101.0,3,7,2013-10-16,19:29:09,14.970785,10.224632263183594,11.297378540039062,104.85356140136719,219.63438415527344,71.0,1.0159761905670166,-0.20166754722595215,2.4955732822418213,8552.51953125,12.729369163513184,13.540121078491211,1.9192893505096436
icdg09taq_noramp.fits,F160W,9,101.0,3,7,2013-10-16,19:29:42,14.970785,10.219764709472656,11.303230285644531,104.85588836669922,219.63067626953125,71.0,1.0163819789886475,-0.2195645421743393,2.445073127746582,8470.029296875,12.738325119018555,13.529927253723145,1.439536452293396
icdg09tbq_noramp.fits,F160W,9,101.0,3,7,2013-10-16,19:30:15,14.970785,10.212448120117188,11.307533264160156,104.85260772705078,219.62957763671875,73.0,1.021560788154602,-0.22478488087654114,2.485193967819214,8492.298828125,12.734522819519043,13.529560089111328,1.3588396310806274
icdg09tcq_noramp.fits,F160W,9,101.0,3,7,2013-10-16,19:30:48,14.970785,10.234207153320312,11.29547119140625,104.85551452636719,219.62850952148438,71.0,1.0186092853546143,-0.18503014743328094,2.5044968128204346,8519.4248046875,12.732529640197754,13.538960456848145,1.7130322456359863
icdg09tdq_noramp.fits,F125W,9,101.0,0,8,2013-10-16,19:32:04,29.663755,0.08054351806640625,0.04427337646484375,94.84839630126953,208.12486267089844,69.0,1.0195443630218506,-0.16815297305583954,1.8286203145980835,8671.5830078125,12.697232246398926,13.135061264038086,0.03288497030735016
icdg09teq_noramp.fits,F125W,9,101.0,0,8,2013-10-16,19:32:52,29.663755,0.0847015380859375,0.05721282958984375,94.8424301147461,208.1258544921875,69.0,1.0183154344558716,-0.151447594165802,1.8132710456848145,8714.1328125,12.69417953491211,13.143145561218262,0.05371992290019989
icdg09tfq_noramp.fits,F125W,9,101.0,0,8,2013-10-16,19:33:40,29.663755,0.086151123046875,0.05226898193359375,94.8456802368164,208.12608337402344,69.0,1.019357442855835,-0.13556945323944092,1.8348997831344604,8585.48046875,12.696765899658203,13.151222229003906,-0.07860702276229858
icdg09tgq_noramp.fits,F125W,9,101.0,0,8,2013-10-16,19:34:28,29.663755,0.08333587646484375,0.067291259765625,94.8468246459961,208.12899780273438,70.0,1.0213375091552734,-0.21571598947048187,1.8377093076705933,8696.9052734375,12.692798614501953,13.146373748779297,-0.002432008972391486
icdg09thq_noramp.fits,F160W,9,101.0,0,9,2013-10-16,19:35:22,14.970785,0.1128082275390625,0.10997772216796875,94.7542495727539,208.29530334472656,73.0,1.0103024244308472,-0.18679402768611908,2.4958622455596924,8665.5693359375,12.588732719421387,13.324968338012695,0.7159910202026367
icdg09tiq_noramp.fits,F160W,9,101.0,0,9,2013-10-16,19:35:55,14.970785,0.1110992431640625,0.10849761962890625,94.75607299804688,208.3006134033203,73.0,1.01105797290802,-0.18776828050613403,2.5326650142669678,8660.9921875,12.588672637939453,13.333297729492188,0.9509046077728271
icdg09tjq_noramp.fits,F160W,9,101.0,0,9,2013-10-16,19:36:28,14.970785,0.1503143310546875,0.14214324951171875,94.77191925048828,208.32461547851562,73.0,1.0109634399414062,-0.1307002305984497,2.514906167984009,8740.27734375,12.610228538513184,13.338475227355957,1.0776690244674683
icdg09tkq_noramp.fits,F160W,9,101.0,0,9,2013-10-16,19:37:01,14.970785,0.12706756591796875,0.101898193359375,94.74524688720703,208.2848663330078,73.0,1.011582374572754,-0.1618887037038803,2.486617088317871,8684.525390625,12.575837135314941,13.315828323364258,0.8600144386291504
icdg09tlq_noramp.fits,F160W,9,101.0,0,9,2013-10-16,19:37:34,14.970785,0.106048583984375,0.11423492431640625,94.7566909790039,208.300048828125,73.0,1.0092339515686035,-0.16506776213645935,2.5101611614227295,8658.6123046875,12.587871551513672,13.328100204467773,0.9383673667907715
icdg09tmq_noramp.fits,F125W,9,101.0,1,10,2013-10-16,19:38:49,29.663755,10.219039916992188,0.042633056640625,104.95362854003906,208.10958862304688,70.0,1.0316743850708008,-0.36748942732810974,1.7512218952178955,8814.4921875,12.865511894226074,13.108373641967773,-0.15958663821220398
icdg09tnq_noramp.fits,F125W,9,101.0,1,10,2013-10-16,19:39:37,29.663755,10.212203979492188,0.03644561767578125,104.95940399169922,208.10044860839844,70.0,1.0335986614227295,-0.379353791475296,1.7668267488479614,8832.107421875,12.871809005737305,13.103592872619629,-0.22865664958953857
icdg09toq_noramp.fits,F125W,9,101.0,1,10,2013-10-16,19:40:25,29.663755,10.21484375,0.05310821533203125,104.96036529541016,208.10635375976562,70.0,1.034733772277832,-0.3806236684322357,1.7600370645523071,8789.3896484375,12.874506950378418,13.10175895690918,-0.23638150095939636
icdg09tpq_noramp.fits,F125W,9,101.0,1,10,2013-10-16,19:41:13,29.663755,10.268753051757812,0.0733489990234375,104.96431732177734,208.10777282714844,69.0,1.0341506004333496,-0.3411785066127777,1.8168878555297852,8829.3740234375,12.892644882202148,13.110600471496582,-0.11758995801210403
icdg09tqq_noramp.fits,F160W,9,101.0,1,11,2013-10-16,19:42:07,14.970785,10.241424560546875,0.06805419921875,104.88520050048828,208.2898712158203,73.0,1.0199480056762695,-0.23737607896327972,2.379146099090576,8593.9912109375,12.780316352844238,13.308384895324707,1.4298629760742188
icdg09trq_noramp.fits,F160W,9,101.0,1,11,2013-10-16,19:42:40,14.970785,10.278244018554688,0.0709381103515625,104.88075256347656,208.27944946289062,71.0,1.025996446609497,-0.31296873092651367,2.426121950149536,8433.0068359375,12.769021034240723,13.303020477294922,1.6057510375976562
icdg09tsq_noramp.fits,F160W,9,101.0,1,11,2013-10-16,19:43:13,14.970785,10.263771057128906,0.0670013427734375,104.88349914550781,208.28436279296875,73.0,1.0242782831192017,-0.2801288664340973,2.3989126682281494,8559.0390625,12.776888847351074,13.300171852111816,1.4696273803710938
icdg09ttq_noramp.fits,F160W,9,101.0,1,11,2013-10-16,19:43:46,14.970785,10.245468139648438,0.08443450927734375,104.88644409179688,208.27761840820312,73.0,1.0222593545913696,-0.2863556742668152,2.4110238552093506,8539.0283203125,12.780861854553223,13.29989242553711,1.6361591815948486
icdg09tuq_noramp.fits,F160W,9,101.0,1,11,2013-10-16,19:44:19,14.970785,10.283470153808594,0.0677947998046875,104.88265991210938,208.28878784179688,71.0,1.0247647762298584,-0.2753831446170807,2.3583173751831055,8588.123046875,12.777775764465332,13.303945541381836,1.1328595876693726
icdg09tvq_noramp.fits,F125W,9,101.0,1,12,2013-10-16,19:44:58,29.663755,10.207939147949219,0.046539306640625,104.9652099609375,208.11181640625,70.0,1.034757375717163,-0.35035598278045654,1.7963780164718628,8792.49609375,12.883702278137207,13.11103343963623,-0.14289331436157227
icdg09twq_noramp.fits,F125W,9,101.0,1,12,2013-10-16,19:45:46,29.663755,10.260543823242188,0.07089996337890625,104.9689712524414,208.11143493652344,70.0,1.0347049236297607,-0.3435921370983124,1.8116909265518188,8763.2265625,12.899425506591797,13.116095542907715,-0.2328227013349533
icdg09txq_noramp.fits,F125W,9,101.0,1,12,2013-10-16,19:46:34,29.663755,10.241607666015625,0.0903167724609375,104.9651870727539,208.12118530273438,70.0,1.0342178344726562,-0.31628116965293884,1.8006789684295654,8754.779296875,12.895153045654297,13.140766143798828,-0.27375346422195435
icdg09tyq_noramp.fits,F125W,9,101.0,1,12,2013-10-16,19:47:22,29.663755,10.264305114746094,0.08342742919921875,104.97339630126953,208.1131134033203,70.0,1.0364196300506592,-0.28801167011260986,1.7506000995635986,8759.787109375,12.902155876159668,13.123002052307129,-0.31902867555618286
icdg10u0q_noramp.fits,F125W,10,129.0,0,0,2013-10-16,20:40:40,29.663755,15.936790466308594,8.246467590332031,129.1988983154297,222.09097290039062,118.0,1.0080556869506836,-0.18043778836727142,1.7480964660644531,8965.38671875,13.178357124328613,13.075504302978516,-0.010694143362343311
icdg10u1q_noramp.fits,F125W,10,129.0,0,0,2013-10-16,20:41:28,29.663755,15.942550659179688,8.251388549804688,129.1893310546875,222.09976196289062,1.0,1.0251272916793823,-0.19457945227622986,1.7586675882339478,8961.79296875,13.164194107055664,13.084818840026855,0.15055058896541595
icdg10u2q_noramp.fits,F125W,10,129.0,0,0,2013-10-16,20:42:16,29.663755,15.933944702148438,8.252227783203125,129.18801879882812,222.09567260742188,1.0,1.026304841041565,-0.2233014702796936,1.7045886516571045,9003.837890625,13.16215705871582,13.079116821289062,-0.08514725416898727
icdg10u3q_noramp.fits,F125W,10,129.0,0,0,2013-10-16,20:43:04,29.663755,15.935073852539062,8.241493225097656,129.18292236328125,222.09707641601562,1.0,1.0263766050338745,-0.2295801192522049,1.7431217432022095,8990.64453125,13.161362648010254,13.082230567932129,-0.11913172900676727
icdg10u4q_noramp.fits,F160W,10,129.0,0,1,2013-10-16,20:43:58,14.970785,16.031150817871094,8.287307739257812,129.11260986328125,222.27391052246094,123.0,1.008541464805603,-0.047553159296512604,2.471832275390625,8603.55078125,13.097925186157227,13.300556182861328,1.1089621782302856
icdg10u5q_noramp.fits,F160W,10,129.0,0,1,2013-10-16,20:44:31,14.970785,16.01660919189453,8.275283813476562,129.11148071289062,222.2744903564453,123.0,1.0089291334152222,-0.0889723002910614,2.460719347000122,8550.6943359375,13.092700004577637,13.303272247314453,1.1487462520599365
icdg10u6q_noramp.fits,F160W,10,129.0,0,1,2013-10-16,20:45:04,14.970785,16.01874542236328,8.281387329101562,129.10414123535156,222.2765655517578,123.0,1.0098230838775635,-0.1191537007689476,2.4182562828063965,8583.1044921875,13.086108207702637,13.30472183227539,1.006554126739502
icdg10u7q_noramp.fits,F160W,10,129.0,0,1,2013-10-16,20:45:37,14.970785,16.03436279296875,8.276466369628906,129.10968017578125,222.2774658203125,123.0,1.0094561576843262,-0.10571764409542084,2.4712765216827393,8547.0029296875,13.08957290649414,13.308478355407715,0.889595627784729
icdg10u8q_noramp.fits,F160W,10,129.0,0,1,2013-10-16,20:46:10,14.970785,16.00597381591797,8.270713806152344,129.10549926757812,222.27304077148438,7.0,1.0247230529785156,-0.09801731258630753,2.4807558059692383,8556.6201171875,13.08394718170166,13.287286758422852,1.6208361387252808
icdg10u9q_noramp.fits,F125W,10,129.0,0,2,2013-10-16,20:46:49,29.663755,15.924400329589844,8.246124267578125,129.1815643310547,222.1051025390625,152.0,1.0129454135894775,-0.2154373824596405,1.7751977443695068,8958.19921875,13.166351318359375,13.094039916992188,-0.06168906390666962
icdg10uaq_noramp.fits,F125W,10,129.0,0,2,2013-10-16,20:47:37,29.663755,15.940841674804688,8.258018493652344,129.171630859375,222.1015167236328,1.0,1.0270880460739136,-0.241884246468544,1.7476471662521362,8832.064453125,13.142440795898438,13.093667984008789,-0.11762231588363647
icdg10ubq_noramp.fits,F125W,10,129.0,0,2,2013-10-16,20:48:25,29.663755,15.93328857421875,8.260879516601562,129.1776885986328,222.10533142089844,1.0,1.0277589559555054,-0.2543571889400482,1.7508784532546997,8967.79296875,13.156678199768066,13.097790718078613,-0.0012679295614361763
icdg10ucq_noramp.fits,F125W,10,129.0,0,2,2013-10-16,20:49:13,29.663755,15.921905517578125,8.229896545410156,129.17784118652344,222.10198974609375,152.0,1.0119739770889282,-0.21597878634929657,1.7518141269683838,8881.80859375,13.151835441589355,13.088687896728516,-0.13523633778095245
icdg10udq_noramp.fits,F160W,10,129.0,0,3,2013-10-16,20:50:07,14.970785,16.03050994873047,8.290611267089844,129.1052703857422,222.2760009765625,123.0,1.0095418691635132,-0.15203586220741272,2.434903621673584,8596.509765625,13.086291313171387,13.306130409240723,0.8438768982887268
icdg10ueq_noramp.fits,F160W,10,129.0,0,3,2013-10-16,20:50:40,14.970785,16.012649536132812,8.275871276855469,129.09803771972656,222.28382873535156,7.0,1.028836727142334,-0.13059403002262115,2.4217031002044678,8593.0029296875,13.07819938659668,13.29955005645752,1.6752128601074219
icdg10ufq_noramp.fits,F160W,10,129.0,0,3,2013-10-16,20:51:13,14.970785,16.00983428955078,8.277687072753906,129.09915161132812,222.2809600830078,7.0,1.0284854173660278,-0.12821261584758759,2.4294073581695557,8602.8759765625,13.07760238647461,13.299956321716309,1.4968211650848389
icdg10ugq_noramp.fits,F160W,10,129.0,0,3,2013-10-16,20:51:46,14.970785,16.017669677734375,8.300376892089844,129.1006622314453,222.27719116210938,123.0,1.0132982730865479,-0.20103861391544342,2.481314182281494,8560.8759765625,13.082433700561523,13.309544563293457,0.8793913125991821
icdg10uhq_noramp.fits,F160W,10,129.0,0,3,2013-10-16,20:52:19,14.970785,15.997360229492188,8.306144714355469,129.10658264160156,222.28036499023438,6.0,1.030092477798462,-0.13350529968738556,2.4095468521118164,8646.068359375,13.086969375610352,13.297744750976562,1.3540657758712769
icdg10uiq_noramp.fits,F125W,10,129.0,0,4,2013-10-16,20:52:58,29.663755,15.966697692871094,8.284378051757812,129.17271423339844,222.10899353027344,1.0,1.0273717641830444,-0.25408512353897095,1.758976936340332,8910.0068359375,13.142396926879883,13.106229782104492,-0.050762563943862915
icdg10ujq_noramp.fits,F125W,10,129.0,0,4,2013-10-16,20:53:46,29.663755,15.95355224609375,8.282516479492188,129.17196655273438,222.10704040527344,1.0,1.0266062021255493,-0.24630655348300934,1.751942753791809,8925.625,13.149392127990723,13.099738121032715,-0.05692286044359207
icdg10ukq_noramp.fits,F125W,10,129.0,0,4,2013-10-16,20:54:34,29.663755,15.930801391601562,8.257667541503906,129.1748504638672,222.10775756835938,152.0,1.0139491558074951,-0.22379162907600403,1.7728357315063477,8914.509765625,13.151734352111816,13.100846290588379,-0.12603363394737244
icdg10ulq_noramp.fits,F125W,10,129.0,0,4,2013-10-16,20:55:22,29.663755,15.915885925292969,8.256111145019531,129.17385864257812,222.1080780029297,152.0,1.0145398378372192,-0.25103163719177246,1.7217482328414917,8970.7333984375,13.161368370056152,13.09997272491455,-0.1010453924536705
icdg10umq_noramp.fits,F160W,10,129.0,0,5,2013-10-16,20:56:16,14.970785,16.0230712890625,8.308074951171875,129.0983428955078,222.27996826171875,7.0,1.0296775102615356,-0.16584357619285583,2.416510581970215,8561.998046875,13.075887680053711,13.30050277709961,1.8775913715362549
icdg10unq_noramp.fits,F160W,10,129.0,0,5,2013-10-16,20:56:49,14.970785,16.021240234375,8.294441223144531,129.10313415527344,222.28057861328125,7.0,1.028468132019043,-0.14248840510845184,2.4630722999572754,8662.6591796875,13.084725379943848,13.296131134033203,1.441067099571228
icdg10uoq_noramp.fits,F160W,10,129.0,0,5,2013-10-16,20:57:22,14.970785,16.008468627929688,8.302375793457031,129.10430908203125,222.2830810546875,7.0,1.033130407333374,-0.22129672765731812,2.4996285438537598,8561.7119140625,13.086817741394043,13.301203727722168,1.944091796875
icdg10upq_noramp.fits,F160W,10,129.0,0,5,2013-10-16,20:57:55,14.970785,16.018402099609375,8.317268371582031,129.10623168945312,222.28990173339844,123.0,1.013777256011963,-0.247778981924057,2.4546172618865967,8582.40625,13.08615779876709,13.31965446472168,0.8804981708526611
icdg10uqq_noramp.fits,F160W,10,129.0,0,5,2013-10-16,20:58:28,14.970785,16.026046752929688,8.303428649902344,129.10247802734375,222.28733825683594,7.0,1.0287110805511475,-0.13338039815425873,2.4424922466278076,8597.501953125,13.083564758300781,13.30428695678711,1.628150463104248
icdg10urq_noramp.fits,F125W,10,129.0,0,6,2013-10-16,20:59:07,29.663755,15.960929870605469,8.275749206542969,129.1808319091797,222.1082305908203,152.0,1.0130705833435059,-0.21845586597919464,1.7545257806777954,8929.0126953125,13.163055419921875,13.099343299865723,-0.013787527568638325
icdg10usq_noramp.fits,F125W,10,129.0,0,6,2013-10-16,20:59:55,29.663755,15.944931030273438,8.290084838867188,129.1919708251953,222.09654235839844,152.0,1.016659140586853,-0.2710699737071991,1.727260708808899,8898.67578125,13.17145824432373,13.097295761108398,-0.15730245411396027
icdg10utq_noramp.fits,F125W,10,129.0,0,6,2013-10-16,21:00:43,29.663755,15.924018859863281,8.322341918945312,129.1490478515625,222.15414428710938,253.0,1.0151132345199585,-0.3288537859916687,1.7601982355117798,8787.048828125,13.12807559967041,13.169947624206543,-0.08692269772291183
icdg10uuq_noramp.fits,F125W,10,129.0,0,6,2013-10-16,21:01:31,29.663755,15.956504821777344,8.294387817382812,129.1951446533203,222.1090850830078,152.0,1.0161885023117065,-0.2713058292865753,1.750040888786316,8874.1708984375,13.181723594665527,13.110283851623535,-0.27480441331863403
icdg10uvq_noramp.fits,F160W,10,129.0,0,7,2013-10-16,21:02:25,14.970785,16.019798278808594,8.307846069335938,129.10313415527344,222.3126678466797,7.0,1.0267245769500732,-0.1869785636663437,2.447817087173462,8623.67578125,13.088252067565918,13.327377319335938,1.5239070653915405
icdg10uwq_noramp.fits,F160W,10,129.0,0,7,2013-10-16,21:02:58,14.970785,16.030189514160156,8.308479309082031,129.11306762695312,222.29953002929688,7.0,1.0290342569351196,-0.1930302083492279,2.4639573097229004,8644.169921875,13.100722312927246,13.319910049438477,1.5689163208007812
icdg10uxq_noramp.fits,F160W,10,129.0,0,7,2013-10-16,21:03:31,14.970785,16.03394317626953,8.333427429199219,129.1079559326172,222.30723571777344,7.0,1.0347394943237305,-0.2670195400714874,2.4018049240112305,8587.6513671875,13.095525741577148,13.327912330627441,1.5719488859176636
icdg10uyq_noramp.fits,F160W,10,129.0,0,7,2013-10-16,21:04:04,14.970785,16.019561767578125,8.331161499023438,129.107177734375,222.31080627441406,6.0,1.0304112434387207,-0.21981357038021088,2.369457244873047,8592.498046875,13.094049453735352,13.328423500061035,1.7149989604949951
icdg10uzq_noramp.fits,F160W,10,129.0,0,7,2013-10-16,21:04:37,14.970785,16.02692413330078,8.330291748046875,129.11181640625,222.304443359375,7.0,1.0339219570159912,-0.2533443868160248,2.452211380004883,8624.1357421875,13.100769996643066,13.321764945983887,1.6479030847549438
icdg10v0q_noramp.fits,F125W,10,129.0,0,8,2013-10-16,21:05:16,29.663755,15.94207763671875,8.298194885253906,129.18545532226562,222.1361083984375,259.0,1.0157456398010254,-0.30101847648620605,1.7525852918624878,8775.4287109375,13.173933029174805,13.151598930358887,-0.06522615998983383
icdg10v1q_noramp.fits,F125W,10,129.0,0,8,2013-10-16,21:06:04,29.663755,15.952461242675781,8.289604187011719,129.18551635742188,222.13294982910156,253.0,1.0154825448989868,-0.2972828447818756,1.7603864669799805,8870.509765625,13.168275833129883,13.140424728393555,-0.19550813734531403
icdg10v2q_noramp.fits,F125W,10,129.0,0,8,2013-10-16,21:06:52,29.663755,15.9659423828125,8.304267883300781,129.18588256835938,222.13746643066406,259.0,1.0160390138626099,-0.3181302547454834,1.7604964971542358,8812.5400390625,13.17506217956543,13.156139373779297,-0.0118943490087986
icdg10v3q_noramp.fits,F125W,10,129.0,0,8,2013-10-16,21:07:40,29.663755,15.9892578125,8.315910339355469,129.1854248046875,222.1321563720703,259.0,1.015427827835083,-0.26127269864082336,1.7673052549362183,8861.2275390625,13.169448852539062,13.147347450256348,-0.2335343062877655
icdg10v4q_noramp.fits,F160W,10,129.0,0,9,2013-10-16,21:08:34,14.970785,16.036102294921875,8.339683532714844,129.1105194091797,222.31678771972656,7.0,1.0310226678848267,-0.25393179059028625,2.3663928508758545,8550.0556640625,13.101866722106934,13.333222389221191,1.471563458442688
icdg10v5q_noramp.fits,F160W,10,129.0,0,9,2013-10-16,21:09:07,14.970785,16.021827697753906,8.31561279296875,129.10894775390625,222.3151397705078,7.0,1.028918743133545,-0.1564318984746933,2.426001787185669,8416.3779296875,13.102972984313965,13.346551895141602,1.9447963237762451
icdg10v6q_noramp.fits,F160W,10,129.0,0,9,2013-10-16,21:09:40,14.970785,16.05780029296875,8.353355407714844,129.11647033691406,222.33578491210938,121.0,1.015353798866272,-0.19228969514369965,2.4675042629241943,8595.353515625,13.112932205200195,13.363245964050293,0.895923912525177
icdg10v7q_noramp.fits,F160W,10,129.0,0,9,2013-10-16,21:10:13,14.970785,16.046096801757812,8.338722229003906,129.104248046875,222.32119750976562,123.0,1.0135797262191772,-0.2558150589466095,2.444610834121704,8551.4296875,13.094340324401855,13.355362892150879,1.1108477115631104
icdg10v8q_noramp.fits,F160W,10,129.0,0,9,2013-10-16,21:10:46,14.970785,16.047813415527344,8.340530395507812,129.12181091308594,222.32359313964844,123.0,1.0114219188690186,-0.1892804652452469,2.466644287109375,8570.849609375,13.119246482849121,13.363061904907227,0.988039493560791
icdg10v9q_noramp.fits,F125W,10,129.0,0,10,2013-10-16,21:11:25,29.663755,15.966278076171875,8.299354553222656,129.1894989013672,222.13931274414062,280.0,1.0141668319702148,-0.3215802013874054,1.7857272624969482,8835.1357421875,13.175080299377441,13.156224250793457,-0.1399381458759308
icdg10vaq_noramp.fits,F125W,10,129.0,0,10,2013-10-16,21:12:13,29.663755,16.000328063964844,8.332290649414062,129.18626403808594,222.1477508544922,259.0,1.0158430337905884,-0.28577858209609985,1.7346394062042236,8844.82421875,13.17760181427002,13.16928768157959,-0.13995975255966187
icdg10vbq_noramp.fits,F125W,10,129.0,0,10,2013-10-16,21:13:01,29.663755,15.982597351074219,8.315414428710938,129.18373107910156,222.14407348632812,280.0,1.0119901895523071,-0.2539604604244232,1.8195301294326782,8826.427734375,13.157539367675781,13.175283432006836,-0.021995140239596367
icdg10vcq_noramp.fits,F125W,10,129.0,0,10,2013-10-16,21:13:49,29.663755,15.974472045898438,8.314216613769531,129.18661499023438,222.14111328125,253.0,1.0157980918884277,-0.25881218910217285,1.7825372219085693,8606.0859375,13.170360565185547,13.176013946533203,-0.13579446077346802
icdg10vdq_noramp.fits,F160W,10,129.0,0,11,2013-10-16,21:14:43,14.970785,16.007232666015625,8.306915283203125,129.1127166748047,222.33709716796875,7.0,1.0279453992843628,-0.17882435023784637,2.4754576683044434,8496.564453125,13.125214576721191,13.387434959411621,1.8065553903579712
icdg10veq_noramp.fits,F160W,10,129.0,0,11,2013-10-16,21:15:16,14.970785,16.059288024902344,8.348991394042969,129.11834716796875,222.34091186523438,7.0,1.03622305393219,-0.22703514993190765,2.48707914352417,8543.787109375,13.108609199523926,13.360970497131348,2.2916979789733887
icdg10vfq_noramp.fits,F160W,10,129.0,0,11,2013-10-16,21:15:49,14.970785,16.055252075195312,8.351493835449219,129.11972045898438,222.3446044921875,7.0,1.0344619750976562,-0.249222069978714,2.4034781455993652,8634.9091796875,13.11193561553955,13.36734390258789,1.283024787902832
icdg10vgq_noramp.fits,F160W,10,129.0,0,11,2013-10-16,21:16:22,14.970785,16.051292419433594,8.36114501953125,129.09759521484375,222.3108673095703,7.0,1.033766269683838,-0.17778053879737854,2.422522783279419,8746.9775390625,13.091142654418945,13.329719543457031,1.5045363903045654
icdg10vhq_noramp.fits,F160W,10,129.0,0,11,2013-10-16,21:16:55,14.970785,16.035926818847656,8.364593505859375,129.108154296875,222.34288024902344,7.0,1.0333112478256226,-0.2251327484846115,2.4288833141326904,8794.068359375,13.102763175964355,13.358186721801758,1.3089549541473389
icdg10viq_noramp.fits,F125W,10,129.0,0,12,2013-10-16,21:17:34,29.663755,15.959648132324219,8.291412353515625,129.18002319335938,222.15257263183594,280.0,1.014055609703064,-0.304922878742218,1.78864324092865,8766.1357421875,13.164175033569336,13.181105613708496,-0.19682444632053375
icdg10vjq_noramp.fits,F125W,10,129.0,0,12,2013-10-16,21:18:22,29.663755,15.957565307617188,8.315444946289062,129.18350219726562,222.15220642089844,259.0,1.0150867700576782,-0.23807506263256073,1.7701728343963623,8863.6630859375,13.167795181274414,13.176054954528809,-0.13167057931423187
icdg10vkq_noramp.fits,F125W,10,129.0,0,12,2013-10-16,21:19:10,29.663755,16.00470733642578,8.331680297851562,129.1901397705078,222.15492248535156,253.0,1.013371229171753,-0.23356956243515015,1.7513264417648315,8805.1591796875,13.170059204101562,13.184942245483398,-0.24475035071372986
icdg10vlq_noramp.fits,F125W,10,129.0,0,12,2013-10-16,21:19:58,29.663755,15.985954284667969,8.337532043457031,129.19235229492188,222.16539001464844,259.0,1.0149532556533813,-0.20056502521038055,1.7841650247573853,8699.3330078125,13.18610954284668,13.199934959411621,0.05188821628689766
icdg11vnq_noramp.fits,F125W,11,101.0,0,0,2013-10-16,22:16:17,29.663755,0.04080963134765625,-0.0735626220703125,94.81181335449219,208.05712890625,70.0,1.0176767110824585,-0.14164872467517853,1.8052867650985718,8563.2578125,12.640966415405273,13.046671867370605,0.3328918516635895
icdg11voq_noramp.fits,F125W,11,101.0,0,0,2013-10-16,22:17:05,29.663755,0.0398101806640625,-0.0626068115234375,94.81262969970703,208.06195068359375,70.0,1.0192161798477173,-0.14647553861141205,1.790209174156189,8514.4697265625,12.649378776550293,13.047327995300293,0.1353813111782074
icdg11vpq_noramp.fits,F125W,11,101.0,0,0,2013-10-16,22:17:53,29.663755,0.01751708984375,-0.070831298828125,94.81555938720703,208.05502319335938,70.0,1.018479347229004,-0.12058237940073013,1.7950434684753418,8627.361328125,12.647002220153809,13.04244327545166,0.2360222041606903
icdg11vqq_noramp.fits,F125W,11,101.0,0,0,2013-10-16,22:18:41,29.663755,0.0338134765625,-0.065338134765625,94.81523132324219,208.0581512451172,70.0,1.0208749771118164,-0.1410658061504364,1.7848140001296997,8559.0498046875,12.647515296936035,13.047389030456543,0.26507052779197693
icdg11vrq_noramp.fits,F160W,11,101.0,0,1,2013-10-16,22:19:35,14.970785,0.0682373046875,-0.0108489990234375,94.70881652832031,208.2096405029297,73.0,1.0133544206619263,-0.06662341952323914,2.444094657897949,8600.2392578125,12.535865783691406,13.238073348999023,1.0629087686538696
icdg11vsq_noramp.fits,F160W,11,101.0,0,1,2013-10-16,22:20:08,14.970785,0.06982421875,-0.015960693359375,94.71219635009766,208.2171173095703,73.0,1.0127757787704468,-0.12062245607376099,2.4373064041137695,8607.0126953125,12.545121192932129,13.234522819519043,0.9035502672195435
icdg11vtq_noramp.fits,F160W,11,101.0,0,1,2013-10-16,22:20:41,14.970785,0.06822967529296875,-0.0030059814453125,94.71084594726562,208.21121215820312,73.0,1.0146037340164185,-0.11586181819438934,2.5026907920837402,8639.830078125,12.537508010864258,13.236251831054688,0.9271840453147888
icdg11vuq_noramp.fits,F160W,11,101.0,0,1,2013-10-16,22:21:14,14.970785,0.07745361328125,-0.0194549560546875,94.7049789428711,208.20579528808594,73.0,1.0124510526657104,-0.1797366440296173,2.3863749504089355,8613.287109375,12.528860092163086,13.23084831237793,1.169589877128601
icdg11vvq_noramp.fits,F160W,11,101.0,0,1,2013-10-16,22:21:47,14.970785,0.0731353759765625,-0.015960693359375,94.7186050415039,208.20481872558594,73.0,1.0151424407958984,-0.17123229801654816,2.452191114425659,8622.1552734375,12.55588150024414,13.216421127319336,0.854949951171875
icdg11vwq_noramp.fits,F125W,11,101.0,0,2,2013-10-16,22:22:26,29.663755,0.04209136962890625,-0.0713348388671875,94.81329345703125,208.05897521972656,70.0,1.0206818580627441,-0.1699744015932083,1.759993553161621,8437.2744140625,12.642183303833008,13.047250747680664,0.03165387362241745
icdg11vxq_noramp.fits,F125W,11,101.0,0,2,2013-10-16,22:23:14,29.663755,0.04819488525390625,-0.0413818359375,94.81439971923828,208.06051635742188,70.0,1.0213688611984253,-0.17152009904384613,1.7734999656677246,8675.365234375,12.65225887298584,13.04992389678955,0.028853019699454308
icdg11vyq_noramp.fits,F125W,11,101.0,0,2,2013-10-16,22:24:02,29.663755,0.043182373046875,-0.0615997314453125,94.81771850585938,208.0544891357422,70.0,1.0208141803741455,-0.19182835519313812,1.8026875257492065,8699.787109375,12.66001033782959,13.03983211517334,-0.028964977711439133
icdg11vzq_noramp.fits,F125W,11,101.0,0,2,2013-10-16,22:24:50,29.663755,0.038482666015625,-0.066131591796875,94.819580078125,208.05809020996094,70.0,1.022687315940857,-0.18385367095470428,1.7934414148330688,8667.26171875,12.658149719238281,13.048909187316895,0.10504702478647232
icdg11w0q_noramp.fits,F160W,11,101.0,0,3,2013-10-16,22:25:44,14.970785,0.076812744140625,-0.014892578125,94.72047424316406,208.21238708496094,73.0,1.0160987377166748,-0.21294255554676056,2.485805034637451,8605.1181640625,12.545032501220703,13.237452507019043,0.9210025668144226
icdg11w1q_noramp.fits,F160W,11,101.0,0,3,2013-10-16,22:26:17,14.970785,0.05937957763671875,-0.0107879638671875,94.71866607666016,208.21121215820312,73.0,1.0168554782867432,-0.21820074319839478,2.430450439453125,8611.58984375,12.543642044067383,13.235418319702148,1.0538934469223022
icdg11w2q_noramp.fits,F160W,11,101.0,0,3,2013-10-16,22:26:50,14.970785,0.07454681396484375,-0.0093841552734375,94.7264175415039,208.2109375,73.0,1.0130537748336792,-0.17294421792030334,2.394867181777954,8652.7314453125,12.563020706176758,13.227134704589844,1.1119070053100586
icdg11w3q_noramp.fits,F160W,11,101.0,0,3,2013-10-16,22:27:23,14.970785,0.07492828369140625,-0.01580810546875,94.71381378173828,208.21063232421875,73.0,1.0165365934371948,-0.18898482620716095,2.4155118465423584,8637.0546875,12.543302536010742,13.234115600585938,0.8436599969863892
icdg11w4q_noramp.fits,F160W,11,101.0,0,3,2013-10-16,22:27:56,14.970785,0.06707000732421875,0.00617218017578125,94.71744537353516,208.21197509765625,73.0,1.011271357536316,-0.18607231974601746,2.4850106239318848,8617.4951171875,12.545918464660645,13.235502243041992,0.8788479566574097
icdg11w5q_noramp.fits,F125W,11,101.0,0,4,2013-10-16,22:28:35,29.663755,0.0403594970703125,-0.05865478515625,94.82196807861328,208.05848693847656,70.0,1.022098183631897,-0.18995577096939087,1.808439016342163,8562.9658203125,12.655854225158691,13.034750938415527,0.1733582317829132
icdg11w6q_noramp.fits,F125W,11,101.0,0,4,2013-10-16,22:29:23,29.663755,0.0615692138671875,-0.0715789794921875,94.82101440429688,208.0583038330078,69.0,1.0235888957977295,-0.1587829291820526,1.806294560432434,8629.8486328125,12.663211822509766,13.037862777709961,0.15720535814762115
icdg11w7q_noramp.fits,F125W,11,101.0,0,4,2013-10-16,22:30:11,29.663755,0.02850341796875,-0.0734405517578125,94.82190704345703,208.05294799804688,70.0,1.0216847658157349,-0.18760798871517181,1.8252854347229004,8635.8974609375,12.658906936645508,13.030574798583984,0.11957834661006927
icdg11w8q_noramp.fits,F125W,11,101.0,0,4,2013-10-16,22:30:59,29.663755,0.0446929931640625,-0.0915679931640625,94.82411193847656,208.05276489257812,70.0,1.024205207824707,-0.22332680225372314,1.7711719274520874,8650.41015625,12.670902252197266,13.028838157653809,-0.012318682856857777
icdg11w9q_noramp.fits,F160W,11,101.0,0,5,2013-10-16,22:31:53,14.970785,0.077484130859375,-0.0186004638671875,94.7276840209961,208.21041870117188,73.0,1.017353892326355,-0.23213988542556763,2.4449546337127686,8672.6962890625,12.550431251525879,13.221875190734863,1.1406712532043457
icdg11waq_noramp.fits,F160W,11,101.0,0,5,2013-10-16,22:32:26,14.970785,0.075103759765625,-0.004486083984375,94.72823333740234,208.2148895263672,73.0,1.0151963233947754,-0.18715770542621613,2.4544806480407715,8663.10546875,12.563069343566895,13.228443145751953,1.1340923309326172
icdg11wbq_noramp.fits,F160W,11,101.0,0,5,2013-10-16,22:32:59,14.970785,0.0922088623046875,-0.023956298828125,94.7245864868164,208.21383666992188,71.0,1.0201056003570557,-0.22187528014183044,2.4217376708984375,8629.2275390625,12.550870895385742,13.234675407409668,0.5796006917953491
icdg11wcq_noramp.fits,F160W,11,101.0,0,5,2013-10-16,22:33:32,14.970785,0.0760345458984375,-0.015228271484375,94.7286605834961,208.21095275878906,73.0,1.0171443223953247,-0.20677456259727478,2.4744443893432617,8662.6787109375,12.566039085388184,13.22419548034668,0.9362481236457825
icdg11wdq_noramp.fits,F160W,11,101.0,0,5,2013-10-16,22:34:05,14.970785,0.08223724365234375,-0.0330810546875,94.7265396118164,208.2118682861328,71.0,1.018173098564148,-0.21048977971076965,2.4843552112579346,8669.2529296875,12.558736801147461,13.224125862121582,0.9263827800750732
icdg11weq_noramp.fits,F125W,11,101.0,0,6,2013-10-16,22:34:44,29.663755,0.0560302734375,-0.072784423828125,94.82477569580078,208.05792236328125,70.0,1.0235025882720947,-0.20695073902606964,1.7806755304336548,8660.8310546875,12.666863441467285,13.035350799560547,0.14103808999061584
icdg11wfq_noramp.fits,F125W,11,101.0,0,6,2013-10-16,22:35:32,29.663755,0.05013275146484375,-0.054290771484375,94.83513641357422,208.052734375,70.0,1.0227079391479492,-0.18028515577316284,1.8290681838989258,8722.7685546875,12.677141189575195,13.023362159729004,0.004732230678200722
icdg11wgq_noramp.fits,F125W,11,101.0,0,6,2013-10-16,22:36:20,29.663755,0.0386505126953125,0.017303466796875,94.8107681274414,208.0892791748047,70.0,1.0213541984558105,-0.19581106305122375,1.82741117477417,8537.6376953125,12.640676498413086,13.089228630065918,-0.0646134465932846
icdg11whq_noramp.fits,F125W,11,101.0,0,6,2013-10-16,22:37:08,29.663755,0.06360626220703125,-0.053619384765625,94.84521484375,208.05184936523438,70.0,1.0241191387176514,-0.23498883843421936,1.8154720067977905,8734.029296875,12.702134132385254,13.027088165283203,-0.06269407272338867
icdg11wiq_noramp.fits,F160W,11,101.0,0,7,2013-10-16,22:38:02,14.970785,0.082672119140625,0.02017974853515625,94.73219299316406,208.2232208251953,73.0,1.0160739421844482,-0.2227490395307541,2.506864547729492,8585.171875,12.561290740966797,13.251152992248535,0.7383999228477478
icdg11wjq_noramp.fits,F160W,11,101.0,0,7,2013-10-16,22:38:35,14.970785,0.1085662841796875,0.0023040771484375,94.740234375,208.22610473632812,73.0,1.0179754495620728,-0.27847522497177124,2.4507617950439453,8696.46484375,12.580368995666504,13.243291854858398,0.967962920665741
icdg11wkq_noramp.fits,F160W,11,101.0,0,7,2013-10-16,22:39:08,14.970785,0.09156036376953125,0.0050811767578125,94.73916625976562,208.23117065429688,73.0,1.0171080827713013,-0.268583208322525,2.4407520294189453,8598.94140625,12.573253631591797,13.26108455657959,1.0107420682907104
icdg11wlq_noramp.fits,F160W,11,101.0,0,7,2013-10-16,22:39:41,14.970785,0.10894775390625,0.012725830078125,94.74227142333984,208.23104858398438,73.0,1.0146247148513794,-0.23841820657253265,2.465315818786621,8678.513671875,12.582074165344238,13.253190040588379,0.965081512928009
icdg11wmq_noramp.fits,F160W,11,101.0,0,7,2013-10-16,22:40:14,14.970785,0.0974578857421875,0.0167694091796875,94.74161529541016,208.23171997070312,73.0,1.014857292175293,-0.2526912987232208,2.476548433303833,8658.01953125,12.574752807617188,13.258378982543945,0.7955142259597778
icdg11wnq_noramp.fits,F125W,11,101.0,0,8,2013-10-16,22:40:53,29.663755,0.0885009765625,-0.0380096435546875,94.8488998413086,208.0732421875,69.0,1.0235379934310913,-0.20262961089611053,1.8309849500656128,8694.8916015625,12.701075553894043,13.065726280212402,0.16550342738628387
icdg11woq_noramp.fits,F125W,11,101.0,0,8,2013-10-16,22:41:41,29.663755,0.08638763427734375,0.005828857421875,94.84134674072266,208.076904296875,70.0,1.0243940353393555,-0.23773448169231415,1.8357890844345093,8703.2841796875,12.689165115356445,13.064294815063477,0.09024970978498459
icdg11wpq_noramp.fits,F125W,11,101.0,0,8,2013-10-16,22:42:29,29.663755,0.08232879638671875,-0.0354766845703125,94.84526824951172,208.08224487304688,69.0,1.0246150493621826,-0.17631573975086212,1.7929449081420898,8714.71875,12.694924354553223,13.081138610839844,-0.005223574582487345
icdg11wqq_noramp.fits,F125W,11,101.0,0,8,2013-10-16,22:43:17,29.663755,0.087554931640625,-0.0341033935546875,94.84811401367188,208.07522583007812,69.0,1.0247102975845337,-0.17637315392494202,1.8129022121429443,8655.4560546875,12.704548835754395,13.071208000183105,0.23026371002197266
icdg11wrq_noramp.fits,F160W,11,101.0,0,9,2013-10-16,22:44:11,14.970785,0.10120391845703125,0.02684783935546875,94.74983978271484,208.23483276367188,71.0,1.0192747116088867,-0.22175480425357819,2.458986282348633,8579.482421875,12.5848970413208,13.272747039794922,0.8595452904701233
icdg11wsq_noramp.fits,F160W,11,101.0,0,9,2013-10-16,22:44:44,14.970785,0.1179962158203125,0.0308074951171875,94.7527847290039,208.2391815185547,73.0,1.018966555595398,-0.2063906490802765,2.4765563011169434,8712.447265625,12.588207244873047,13.269021034240723,1.079940915107727
icdg11wtq_noramp.fits,F160W,11,101.0,0,9,2013-10-16,22:45:17,14.970785,0.13018035888671875,0.02338409423828125,94.75196075439453,208.23016357421875,73.0,1.0187931060791016,-0.2093174308538437,2.456088066101074,8458.9658203125,12.582498550415039,13.265975952148438,1.265866994857788
icdg11wuq_noramp.fits,F160W,11,101.0,0,9,2013-10-16,22:45:50,14.970785,0.1013946533203125,0.02548980712890625,94.74943542480469,208.23397827148438,73.0,1.0181323289871216,-0.19497719407081604,2.449429512023926,8429.47265625,12.580381393432617,13.269381523132324,1.1258623600006104
icdg11wvq_noramp.fits,F160W,11,101.0,0,9,2013-10-16,22:46:23,14.970785,0.12469482421875,0.07016754150390625,94.750244140625,208.2259521484375,71.0,1.0347591638565063,-0.3810025751590729,2.4719009399414062,8714.802734375,12.597593307495117,13.24962043762207,0.6932935118675232
icdg11wwq_noramp.fits,F125W,11,101.0,0,10,2013-10-16,22:47:02,29.663755,0.08856201171875,-0.029022216796875,94.86170959472656,208.0755157470703,69.0,1.0248544216156006,-0.14295333623886108,1.8245501518249512,8700.84765625,12.720513343811035,13.074554443359375,-0.010256117209792137
icdg11wxq_noramp.fits,F125W,11,101.0,0,10,2013-10-16,22:47:50,29.663755,0.09102630615234375,0.02014923095703125,94.85563659667969,208.08335876464844,70.0,1.0269914865493774,-0.23740583658218384,1.8362336158752441,8720.9609375,12.70480728149414,13.0859956741333,-0.015266663394868374
icdg11wyq_noramp.fits,F125W,11,101.0,0,10,2013-10-16,22:48:38,29.663755,0.08705902099609375,0.01572418212890625,94.85740661621094,208.08106994628906,70.0,1.0272703170776367,-0.2037624716758728,1.8376944065093994,8763.4345703125,12.716299057006836,13.076031684875488,-0.2124771773815155
icdg11wzq_noramp.fits,F125W,11,101.0,0,10,2013-10-16,22:49:26,29.663755,0.025848388671875,-0.1473236083984375,94.8623046875,208.08139038085938,70.0,1.0249594449996948,-0.17294490337371826,1.8133032321929932,8784.0966796875,12.725611686706543,13.07038402557373,0.013696965761482716
icdg11x0q_noramp.fits,F160W,11,101.0,0,11,2013-10-16,22:50:20,14.970785,0.133056640625,0.0222930908203125,94.76331329345703,208.24887084960938,73.0,1.017862319946289,-0.17234984040260315,2.465773820877075,8659.3037109375,12.60961627960205,13.278055191040039,0.693282961845398
icdg11x1q_noramp.fits,F160W,11,101.0,0,11,2013-10-16,22:50:53,14.970785,0.13048553466796875,0.03780364990234375,94.76394653320312,208.2408905029297,71.0,1.0221824645996094,-0.2440750151872635,2.457822799682617,8644.5751953125,12.606433868408203,13.282569885253906,0.9690027236938477
icdg11x2q_noramp.fits,F160W,11,101.0,0,11,2013-10-16,22:51:26,14.970785,0.15350341796875,0.07344818115234375,94.77574157714844,208.254150390625,73.0,1.0181052684783936,-0.2142288088798523,2.4858551025390625,8648.615234375,12.629981994628906,13.280152320861816,1.1069928407669067
icdg11x3q_noramp.fits,F160W,11,101.0,0,11,2013-10-16,22:51:59,14.970785,0.147552490234375,0.03814697265625,94.75212860107422,208.2374267578125,71.0,1.0224289894104004,-0.2438512146472931,2.4668445587158203,8654.0322265625,12.58760929107666,13.257185935974121,0.9339637160301208
icdg11x4q_noramp.fits,F160W,11,101.0,0,11,2013-10-16,22:52:32,14.970785,0.11907958984375,0.0697021484375,94.7614974975586,208.23912048339844,73.0,1.0150787830352783,-0.14679284393787384,2.5140531063079834,8669.201171875,12.615291595458984,13.259052276611328,1.0038331747055054
icdg11x5q_noramp.fits,F125W,11,101.0,0,12,2013-10-16,22:53:11,29.663755,0.1051788330078125,0.012939453125,94.86579132080078,208.08493041992188,70.0,1.029194712638855,-0.2310575544834137,1.8242601156234741,8637.3056640625,12.729785919189453,13.083939552307129,-0.09406929463148117
icdg11x6q_noramp.fits,F125W,11,101.0,0,12,2013-10-16,22:53:59,29.663755,0.11859130859375,0.0022735595703125,94.86760711669922,208.08399963378906,69.0,1.027278184890747,-0.13851298391819,1.8272382020950317,8694.4501953125,12.734843254089355,13.078143119812012,0.19612114131450653
icdg11x7q_noramp.fits,F125W,11,101.0,0,12,2013-10-16,22:54:47,29.663755,0.09462738037109375,0.01836395263671875,94.86711883544922,208.0914764404297,70.0,1.0272648334503174,-0.18351571261882782,1.8105977773666382,8715.0791015625,12.729218482971191,13.09194564819336,0.005154955666512251
icdg11x8q_noramp.fits,F125W,11,101.0,0,12,2013-10-16,22:55:35,29.663755,0.09499359130859375,0.03508758544921875,94.8668441772461,208.08810424804688,70.0,1.0297112464904785,-0.17563079297542572,1.8544435501098633,8731.6552734375,12.736050605773926,13.088993072509766,-0.10779231786727905
icdg12xaq_noramp.fits,F125W,12,129.0,0,0,2013-10-16,23:51:55,29.663755,15.960594177246094,8.256294250488281,129.20809936523438,222.0984649658203,118.0,1.0082776546478271,-0.14556357264518738,1.7723137140274048,8962.02734375,13.190104484558105,13.081392288208008,-0.09598433971405029
icdg12xbq_noramp.fits,F125W,12,129.0,0,0,2013-10-16,23:52:43,29.663755,15.985885620117188,8.280082702636719,129.1961669921875,222.1041259765625,118.0,1.0113414525985718,-0.1333245486021042,1.7614696025848389,8953.3134765625,13.179123878479004,13.09044361114502,-0.13768063485622406
icdg12xcq_noramp.fits,F125W,12,129.0,0,0,2013-10-16,23:53:31,29.663755,15.985977172851562,8.282646179199219,129.20887756347656,222.1113739013672,232.0,1.0161876678466797,-0.24474318325519562,1.7563005685806274,8882.263671875,13.184040069580078,13.106511116027832,0.02892686054110527
icdg12xdq_noramp.fits,F125W,12,129.0,0,0,2013-10-16,23:54:19,29.663755,15.950782775878906,8.261528015136719,129.19491577148438,222.1004180908203,1.0,1.0274959802627563,-0.20336511731147766,1.733435869216919,8916.716796875,13.167481422424316,13.092508316040039,0.02810504660010338
icdg12xeq_noramp.fits,F160W,12,129.0,0,1,2013-10-16,23:55:13,14.970785,16.03620147705078,8.283546447753906,129.120849609375,222.27291870117188,123.0,1.008900761604309,-0.06803444027900696,2.4547314643859863,8503.5,13.10975170135498,13.305493354797363,0.97612464427948
icdg12xfq_noramp.fits,F160W,12,129.0,0,1,2013-10-16,23:55:46,14.970785,16.01959228515625,8.282150268554688,129.1231689453125,222.2767791748047,123.0,1.0098795890808105,-0.06960779428482056,2.429900646209717,8529.1591796875,13.109792709350586,13.307366371154785,1.0499924421310425
icdg12xgq_noramp.fits,F160W,12,129.0,0,1,2013-10-16,23:56:19,14.970785,16.036651611328125,8.290443420410156,129.11639404296875,222.27816772460938,123.0,1.0106143951416016,-0.09695850312709808,2.478835105895996,8546.828125,13.104930877685547,13.310638427734375,1.2562445402145386
icdg12xhq_noramp.fits,F160W,12,129.0,0,1,2013-10-16,23:56:52,14.970785,16.036048889160156,8.284835815429688,129.114990234375,222.28369140625,123.0,1.0122251510620117,-0.05593531206250191,2.475132703781128,8570.271484375,13.098542213439941,13.30731201171875,0.8765497803688049
icdg12xiq_noramp.fits,F160W,12,129.0,0,1,2013-10-16,23:57:25,14.970785,16.035354614257812,8.283737182617188,129.11419677734375,222.2785186767578,123.0,1.0078272819519043,-0.09291398525238037,2.4543418884277344,8537.5390625,13.100831985473633,13.311371803283691,1.333411693572998
icdg12xjq_noramp.fits,F125W,12,129.0,0,2,2013-10-16,23:58:04,29.663755,15.981491088867188,8.279823303222656,129.19187927246094,222.1080322265625,1.0,1.0284206867218018,-0.2262614220380783,1.7745198011398315,8854.994140625,13.170690536499023,13.102766036987305,-0.2891267240047455
icdg12xkq_noramp.fits,F125W,12,129.0,0,2,2013-10-16,23:58:52,29.663755,15.942184448242188,8.266426086425781,129.1892547607422,222.10528564453125,152.0,1.0160340070724487,-0.19368179142475128,1.7378149032592773,8847.30859375,13.169614791870117,13.101797103881836,-0.11255405098199844
icdg12xlq_noramp.fits,F125W,12,129.0,0,2,2013-10-16,23:59:40,29.663755,15.990242004394531,8.28790283203125,129.1919403076172,222.1038055419922,1.0,1.0282694101333618,-0.20714899897575378,1.7678676843643188,8979.3359375,13.171217918395996,13.09642505645752,-0.09393816441297531
icdg12xmq_noramp.fits,F125W,12,129.0,0,2,2013-10-17,00:00:28,29.663755,15.983299255371094,8.285133361816406,129.18716430664062,222.11087036132812,1.0,1.0287483930587769,-0.22276520729064941,1.7487883567810059,8775.283203125,13.167393684387207,13.106151580810547,-0.19779103994369507
icdg12xnq_noramp.fits,F160W,12,129.0,0,3,2013-10-17,00:01:22,14.970785,16.031036376953125,8.274810791015625,129.12283325195312,222.28390502929688,123.0,1.010676622390747,-0.12072209268808365,2.4699814319610596,8360.7138671875,13.118795394897461,13.326135635375977,1.1634966135025024
icdg12xoq_noramp.fits,F160W,12,129.0,0,3,2013-10-17,00:01:55,14.970785,16.02654266357422,8.290855407714844,129.10733032226562,222.2854461669922,123.0,1.0114072561264038,-0.136302649974823,2.427563190460205,8525.076171875,13.093362808227539,13.322285652160645,0.7979301810264587
icdg12xpq_noramp.fits,F160W,12,129.0,0,3,2013-10-17,00:02:28,14.970785,16.017799377441406,8.293617248535156,129.11907958984375,222.29747009277344,7.0,1.0287518501281738,-0.14489465951919556,2.449833631515503,8491.376953125,13.128244400024414,13.344964981079102,1.3594567775726318
icdg12xqq_noramp.fits,F160W,12,129.0,0,3,2013-10-17,00:03:01,14.970785,16.022903442382812,8.290458679199219,129.11065673828125,222.28024291992188,123.0,1.0116441249847412,-0.13566374778747559,2.4042422771453857,8561.0791015625,13.098341941833496,13.31228256225586,1.0122544765472412
icdg12xrq_noramp.fits,F160W,12,129.0,0,3,2013-10-17,00:03:34,14.970785,16.028610229492188,8.295318603515625,129.10826110839844,222.28724670410156,123.0,1.0117405652999878,-0.14373120665550232,2.454355239868164,8529.7265625,13.093990325927734,13.31457805633545,0.9171972274780273
icdg12xsq_noramp.fits,F125W,12,129.0,0,4,2013-10-17,00:04:13,29.663755,15.98382568359375,8.282981872558594,129.19151306152344,222.11038208007812,1.0,1.0298866033554077,-0.24280104041099548,1.7680184841156006,8844.912109375,13.171832084655762,13.104990005493164,0.01097248774021864
icdg12xtq_noramp.fits,F125W,12,129.0,0,4,2013-10-17,00:05:01,29.663755,15.971176147460938,8.281707763671875,129.1831512451172,222.11521911621094,1.0,1.031557321548462,-0.25588458776474,1.7638596296310425,8892.599609375,13.164241790771484,13.10443115234375,-0.1316811591386795
icdg12xuq_noramp.fits,F125W,12,129.0,0,4,2013-10-17,00:05:49,29.663755,15.964202880859375,8.281333923339844,129.18385314941406,222.11685180664062,152.0,1.0158337354660034,-0.23300117254257202,1.7450584173202515,8828.6376953125,13.175355911254883,13.112433433532715,-0.17238052189350128
icdg12xvq_noramp.fits,F125W,12,129.0,0,4,2013-10-17,00:06:37,29.663755,15.962753295898438,8.285690307617188,129.1857452392578,222.11744689941406,152.0,1.015662670135498,-0.20306269824504852,1.7469066381454468,8933.8583984375,13.175741195678711,13.115943908691406,-0.29117217659950256
icdg12xwq_noramp.fits,F160W,12,129.0,0,5,2013-10-17,00:07:31,14.970785,16.019943237304688,8.300514221191406,129.11070251464844,222.28424072265625,7.0,1.0312894582748413,-0.1344064623117447,2.444113254547119,8395.990234375,13.101941108703613,13.313106536865234,1.6924666166305542
icdg12xxq_noramp.fits,F160W,12,129.0,0,5,2013-10-17,00:08:04,14.970785,16.039962768554688,8.292861938476562,129.11300659179688,222.288330078125,123.0,1.0115396976470947,-0.1537255495786667,2.5088613033294678,8535.482421875,13.099112510681152,13.324777603149414,1.1195459365844727
icdg12xyq_noramp.fits,F160W,12,129.0,0,5,2013-10-17,00:08:37,14.970785,16.031112670898438,8.300422668457031,129.10887145996094,222.2940216064453,7.0,1.0309911966323853,-0.15021926164627075,2.4024863243103027,8577.4150390625,13.093619346618652,13.311777114868164,1.5309184789657593
icdg12xzq_noramp.fits,F160W,12,129.0,0,5,2013-10-17,00:09:10,14.970785,16.035751342773438,8.295127868652344,129.11260986328125,222.29678344726562,123.0,1.0105879306793213,-0.1590544581413269,2.460338830947876,8531.578125,13.097040176391602,13.333745002746582,0.982131838798523
icdg12y0q_noramp.fits,F160W,12,129.0,0,5,2013-10-17,00:09:43,14.970785,16.023223876953125,8.289718627929688,129.1090545654297,222.29571533203125,7.0,1.0304431915283203,-0.19300836324691772,2.4513797760009766,8544.1748046875,13.095749855041504,13.31524658203125,1.5707728862762451
icdg12y1q_noramp.fits,F125W,12,129.0,0,6,2013-10-17,00:10:22,29.663755,15.968605041503906,8.288360595703125,129.19398498535156,222.11314392089844,152.0,1.0135440826416016,-0.23918142914772034,1.7900062799453735,8798.6240234375,13.177360534667969,13.10242748260498,-0.05732372775673866
icdg12y2q_noramp.fits,F125W,12,129.0,0,6,2013-10-17,00:11:10,29.663755,15.966270446777344,8.292121887207031,129.1919708251953,222.1072235107422,152.0,1.016481876373291,-0.23451155424118042,1.7854161262512207,8832.740234375,13.18070125579834,13.102771759033203,-0.23407256603240967
icdg12y3q_noramp.fits,F125W,12,129.0,0,6,2013-10-17,00:11:58,29.663755,15.977836608886719,8.274253845214844,129.15899658203125,222.1541290283203,253.0,1.0123038291931152,-0.25059255957603455,1.7906924486160278,8819.384765625,13.14176082611084,13.166223526000977,0.1157354861497879
icdg12y4q_noramp.fits,F125W,12,129.0,0,6,2013-10-17,00:12:46,29.663755,15.960693359375,8.292068481445312,129.20269775390625,222.1180877685547,152.0,1.0185554027557373,-0.25796225666999817,1.7667871713638306,8768.107421875,13.183929443359375,13.121525764465332,0.08032215386629105
icdg12y5q_noramp.fits,F160W,12,129.0,0,7,2013-10-17,00:13:40,14.970785,16.034942626953125,8.313034057617188,129.107666015625,222.31094360351562,7.0,1.0327529907226562,-0.28200268745422363,2.436230421066284,8588.03125,13.094544410705566,13.329975128173828,1.6212369203567505
icdg12y6q_noramp.fits,F160W,12,129.0,0,7,2013-10-17,00:14:13,14.970785,16.046600341796875,8.320167541503906,129.1171875,222.30197143554688,16.0,1.0336902141571045,-0.2202446013689041,2.3487331867218018,8393.48828125,13.116851806640625,13.336766242980957,1.576645016670227
icdg12y7q_noramp.fits,F160W,12,129.0,0,7,2013-10-17,00:14:46,14.970785,16.03265380859375,8.324783325195312,129.11373901367188,222.3123779296875,7.0,1.0313506126403809,-0.16429731249809265,2.4108810424804688,8531.169921875,13.103018760681152,13.330071449279785,1.6400279998779297
icdg12y8q_noramp.fits,F160W,12,129.0,0,7,2013-10-17,00:15:19,14.970785,16.03752899169922,8.314399719238281,129.11532592773438,222.30589294433594,7.0,1.0329514741897583,-0.18672239780426025,2.438173294067383,8571.3447265625,13.10301685333252,13.325234413146973,1.6268638372421265
icdg12y9q_noramp.fits,F160W,12,129.0,0,7,2013-10-17,00:15:52,14.970785,16.038124084472656,8.323936462402344,129.1140899658203,222.31202697753906,123.0,1.0126457214355469,-0.19325043261051178,2.468736171722412,8499.73828125,13.111150741577148,13.340113639831543,1.4870530366897583
icdg12yaq_noramp.fits,F125W,12,129.0,0,8,2013-10-17,00:16:31,29.663755,15.978652954101562,8.307937622070312,129.19573974609375,222.13119506835938,253.0,1.0147769451141357,-0.2721816599369049,1.7935045957565308,8821.6982421875,13.189352989196777,13.13677978515625,-0.07607988268136978
icdg12ybq_noramp.fits,F125W,12,129.0,0,8,2013-10-17,00:17:19,29.663755,15.988288879394531,8.302764892578125,129.1949005126953,222.13742065429688,259.0,1.0154041051864624,-0.26400476694107056,1.7523472309112549,8864.9580078125,13.190092086791992,13.14339828491211,-0.10049519687891006
icdg12ycq_noramp.fits,F125W,12,129.0,0,8,2013-10-17,00:18:07,29.663755,15.97100830078125,8.315589904785156,129.1871337890625,222.14016723632812,253.0,1.0173555612564087,-0.3101206421852112,1.8061352968215942,8773.349609375,13.179933547973633,13.150920867919922,0.0782540887594223
icdg12ydq_noramp.fits,F125W,12,129.0,0,8,2013-10-17,00:18:55,29.663755,15.988372802734375,8.31317138671875,129.1992950439453,222.13446044921875,253.0,1.01808500289917,-0.29017263650894165,1.8001432418823242,8782.287109375,13.196569442749023,13.1412935256958,-0.004317788872867823
icdg12yeq_noramp.fits,F160W,12,129.0,0,9,2013-10-17,00:19:49,14.970785,16.04290008544922,8.33489990234375,129.11851501464844,222.3297119140625,7.0,1.0368375778198242,-0.19015821814537048,2.4106240272521973,8600.8095703125,13.11159896850586,13.345122337341309,1.3174335956573486
icdg12yfq_noramp.fits,F160W,12,129.0,0,9,2013-10-17,00:20:22,14.970785,16.0526123046875,8.339012145996094,129.1152801513672,222.3299102783203,7.0,1.0384777784347534,-0.2384149432182312,2.4512434005737305,8421.896484375,13.114051818847656,13.354469299316406,1.8228849172592163
icdg12ygq_noramp.fits,F160W,12,129.0,0,9,2013-10-17,00:20:55,14.970785,16.04474639892578,8.32275390625,129.14234924316406,222.3624725341797,7.0,1.0360549688339233,-0.18990947306156158,2.44307804107666,8452.7451171875,13.164223670959473,13.401666641235352,1.5915895700454712
icdg12yhq_noramp.fits,F160W,12,129.0,0,9,2013-10-17,00:21:28,14.970785,16.06036376953125,8.350517272949219,129.1167755126953,222.33352661132812,123.0,1.0145493745803833,-0.16186906397342682,2.4621877670288086,8412.244140625,13.121709823608398,13.374007225036621,1.2639530897140503
icdg12yiq_noramp.fits,F160W,12,129.0,0,9,2013-10-17,00:22:01,14.970785,16.05474090576172,8.341140747070312,129.10960388183594,222.33828735351562,123.0,1.0137172937393188,-0.18902866542339325,2.458159923553467,8545.9951171875,13.108404159545898,13.36734676361084,1.217413067817688
icdg12yjq_noramp.fits,F125W,12,129.0,0,10,2013-10-17,00:22:40,29.663755,15.925247192382812,8.254379272460938,129.22567749023438,222.1635284423828,280.0,1.0184153318405151,-0.3265283405780792,1.7851526737213135,8744.3466796875,13.208534240722656,13.19320011138916,-0.13862836360931396
icdg12ykq_noramp.fits,F125W,12,129.0,0,10,2013-10-17,00:23:28,29.663755,15.827705383300781,8.19964599609375,129.21092224121094,222.1636505126953,280.0,1.0183802843093872,-0.312341570854187,1.7219547033309937,8831.2109375,13.19617748260498,13.191023826599121,-0.13780176639556885
icdg12ylq_noramp.fits,F125W,12,129.0,0,10,2013-10-17,00:24:16,29.663755,15.985725402832031,8.312225341796875,129.194580078125,222.14422607421875,253.0,1.0169099569320679,-0.2564142346382141,1.7480233907699585,8809.591796875,13.1954984664917,13.158884048461914,-0.10246959328651428
icdg12ymq_noramp.fits,F125W,12,129.0,0,10,2013-10-17,00:25:04,29.663755,16.00054168701172,8.328765869140625,129.1990203857422,222.15167236328125,259.0,1.019383430480957,-0.2469884157180786,1.7685432434082031,8795.228515625,13.195718765258789,13.164629936218262,-0.2514721751213074
icdg12ynq_noramp.fits,F160W,12,129.0,0,11,2013-10-17,00:25:58,14.970785,15.935272216796875,8.226669311523438,129.11058044433594,222.3415985107422,7.0,1.0269787311553955,-0.11124473065137863,2.4938395023345947,8655.125,13.097835540771484,13.378579139709473,1.3940870761871338
icdg12yoq_noramp.fits,F160W,12,129.0,0,11,2013-10-17,00:26:31,14.970785,16.064117431640625,8.36981201171875,129.10902404785156,222.3311767578125,123.0,1.0157564878463745,-0.17051158845424652,2.4456827640533447,8502.65234375,13.104750633239746,13.37158489227295,1.2438541650772095
icdg12ypq_noramp.fits,F160W,12,129.0,0,11,2013-10-17,00:27:04,14.970785,16.061172485351562,8.354629516601562,129.12095642089844,222.33836364746094,121.0,1.0154848098754883,-0.17838138341903687,2.4903318881988525,8545.958984375,13.119600296020508,13.369000434875488,0.7214712500572205
icdg12yqq_noramp.fits,F160W,12,129.0,0,11,2013-10-17,00:27:37,14.970785,16.051223754882812,8.345588684082031,129.12071228027344,222.3467254638672,123.0,1.0138113498687744,-0.20434698462486267,2.4765303134918213,8533.1318359375,13.120805740356445,13.372450828552246,1.0877212285995483
icdg12yrq_noramp.fits,F160W,12,129.0,0,11,2013-10-17,00:28:10,14.970785,16.076736450195312,8.36834716796875,129.1305389404297,222.3639678955078,239.0,1.0208650827407837,-0.18152353167533875,2.3971734046936035,8558.51953125,13.128310203552246,13.372050285339355,1.5337392091751099
icdg12ysq_noramp.fits,F125W,12,129.0,0,12,2013-10-17,00:28:49,29.663755,15.970748901367188,8.323745727539062,129.20782470703125,222.16122436523438,280.0,1.0134382247924805,-0.24762937426567078,1.8178503513336182,8745.8232421875,13.202779769897461,13.186115264892578,0.10245431959629059
icdg12ytq_noramp.fits,F125W,12,129.0,0,12,2013-10-17,00:29:37,29.663755,16.005836486816406,8.339103698730469,129.2061767578125,222.1591339111328,259.0,1.0182230472564697,-0.21052926778793335,1.7623786926269531,8763.9208984375,13.206650733947754,13.1821870803833,0.0009650345891714096
icdg12yuq_noramp.fits,F125W,12,129.0,0,12,2013-10-17,00:30:25,29.663755,15.982162475585938,8.32366943359375,129.1953887939453,222.16366577148438,280.0,1.0165650844573975,-0.2695639133453369,1.7603249549865723,8771.14453125,13.192959785461426,13.197334289550781,-0.11754568666219711
icdg12yvq_noramp.fits,F125W,12,129.0,0,12,2013-10-17,00:31:13,29.663755,16.001792907714844,8.335502624511719,129.20030212402344,222.16445922851562,253.0,1.0173346996307373,-0.1852051317691803,1.7740777730941772,8761.109375,13.204373359680176,13.186702728271484,0.2708521783351898
