target,Jmag,ejmag,Hmag,eHmag,J2mag,eJ2mag,H2mag,eH2mag
SDSS_J000013.54+255418.6,14.73, 0.030 0,14.74, 0.030 0,15.063,  0.041 0,14.731, 0.074 0
2MASSI_J0003422-$282241,13.017, 0.024 1,12.41, 0.028 1,13.068,  0.024 0,12.376, 0.028 0
GJ_1001B,13.764, 0.038 0,12.82, 0.035 0,13.813,  0.034 1,12.735, 0.032 1
GJ_1001C,13.864, 0.040 0,12.97, 0.037 0,13.913,  0.036 1,12.885, 0.034 1
LSR_J0011+5908,    NaN,   NaN 9,    NaN,   NaN 9,9.945,  0.023 0,9.393, 0.026 0
HD_1160B,    NaN,   NaN 9,    NaN,   NaN 9,15.83,  0.100 0,14.65, 0.080 0
BRI_0021-$0214,11.73, 0.030 0,11.1, 0.030 0,11.992,  0.035 0,11.084, 0.022 0
LHS_1070A,9.94, 0.038 0,9.341, 0.039 0,9.982,  0.038 0,9.312, 0.039 0
LHS_1070B,10.588, 0.038 0,9.92, 0.039 0,10.628,  0.039 1,9.892, 0.040 1
LHS_1070C,10.923, 0.038 0,10.243, 0.039 0,10.968,  0.040 1,10.212, 0.041 1
2MASS_J00250365+4759191A,    NaN,   NaN 9,    NaN,   NaN 9,    NaN,    NaN 9,    NaN,   NaN 9
2MASS_J00250365+4759191B,    NaN,   NaN 9,    NaN,   NaN 9,    NaN,    NaN 9,    NaN,   NaN 9
PC_0025+0447,    NaN,   NaN 9,    NaN,   NaN 9,16.189,  0.093 0,15.288, 0.099 0
LP_349-25A,11.155, 0.025 1,10.607, 0.023 1,11.202,  0.025 1,10.559, 0.026 1
LP_349-25B,11.505, 0.028 1,10.933, 0.024 1,11.562,  0.028 1,10.908, 0.029 1
2MASSW_J0030300-$145033,16.39, 0.030 0,15.37, 0.030 0,16.278,  0.111 0,15.273, 0.100 0
EROS-MP_J0032-$4405,    NaN,   NaN 9,    NaN,   NaN 9,14.776,  0.035 0,13.857, 0.034 0
SDSSp_J003259.36+141036.6,16.58, 0.050 0,15.66, 0.050 0,16.83,  0.169 0,15.648, 0.143 0
ULAS_J003402.77-$005206.7,18.15, 0.030 0,18.49, 0.040 0,    NaN,    NaN 9,    NaN,   NaN 9
2MASS_J00345157+0523050,15.11, 0.030 0,15.55, 0.030 0,15.535,  0.045 0,15.443, 0.082 0
2MASSW_J0036159+182110,12.3, 0.030 0,11.64, 0.030 0,12.466,  0.027 0,11.588, 0.030 0
HD_3651B,16.31, 0.030 0,16.72, 0.030 0,16.595,  0.030 1,16.661, 0.030 1
2MASS_J00501994-$3322402,15.65, 0.100 0,16.04, 0.100 0,15.928,  0.070 0,15.838, 0.191 0
RG_0050-$2722,    NaN,   NaN 9,    NaN,   NaN 9,13.611,  0.026 0,12.984, 0.032 0
CFBDS_J005910.90-$011401.3,18.06, 0.030 0,18.27, 0.050 0,18.339,  0.030 1,18.201, 0.050 1
2MASSW_J0103320+193536,16.199, 0.080 1,14.959, 0.056 1,16.288,  0.080 0,14.897, 0.056 0
SDSSp_J010752.33+004156.1,15.75, 0.030 0,14.56, 0.030 0,15.824,  0.058 0,14.512, 0.039 0
CTI_012657.5+280202,    NaN,   NaN 9,    NaN,   NaN 9,14.044,  0.029 0,13.357, 0.030 0
L_726-8A,    NaN,   NaN 9,    NaN,   NaN 9,6.862,  0.023 0,6.303, 0.030 0
L_726-8B,    NaN,   NaN 9,    NaN,   NaN 9,7.242,  0.026 0,6.603, 0.031 0
WISEP_J014807.25-$720258.8,18.96, 0.070 0,19.22, 0.040 0,    NaN,    NaN 9,    NaN,   NaN 9
2MASS_J01490895+2956131,    NaN,   NaN 9,    NaN,   NaN 9,13.449,  0.023 0,12.584, 0.026 0
SDSS_J015141.69+124429.6,16.25, 0.050 0,15.54, 0.050 0,16.566,  0.129 0,15.603, 0.112 0
DENIS-P_J020529.0-$115925A,15.149, 0.080 1,14.304, 0.053 1,15.316,  0.079 1,14.258, 0.042 1
DENIS-P_J020529.0-$115925B,15.219, 0.084 1,14.424, 0.054 1,15.365,  0.083 1,14.388, 0.042 1
SDSS_J020742.48+000056.2,16.63, 0.050 0,16.66, 0.050 0,16.799,  0.156 0,16.599, 0.050 1
2MASS_J02212859-$6831400,    NaN,   NaN 9,    NaN,   NaN 9,13.965,  0.033 0,13.275, 0.032 0
GJ_1048B,    NaN,   NaN 9,12.772, 0.202 1,    NaN,    NaN 9,12.725, 0.202 0
2MASSI_J0243137-$245329,15.13, 0.030 0,15.39, 0.030 0,15.381,  0.050 0,15.137, 0.109 0
BRI_B0246-$1703,12.5, 0.030 0,11.81, 0.030 0,12.551,  0.022 0,11.872, 0.022 0
TVLM_831-154910,    NaN,   NaN 9,    NaN,   NaN 9,12.886,  0.028 0,12.278, 0.023 0
TVLM_831-161058,    NaN,   NaN 9,    NaN,   NaN 9,13.773,  0.026 0,13.104, 0.024 0
TVLM_831-165166,    NaN,   NaN 9,    NaN,   NaN 9,14.222,  0.026 0,13.662, 0.040 0
TVLM_832-10443,    NaN,   NaN 9,    NaN,   NaN 9,13.126,  0.023 0,12.441, 0.024 0
Teegarden's_star,8.344, 0.027 1,7.919, 0.040 1,8.394,  0.027 0,7.883, 0.040 0
PSO_J043.5395+02.3995,16.14, 0.120 0,16.51, 0.120 0,16.43,  0.120 0,16.47, 0.120 0
DENIS-P_J0255.0-$4700,13.123, 0.027 1,12.261, 0.024 1,13.246,  0.027 0,12.204, 0.024 0
TVLM_832-42500,    NaN,   NaN 9,    NaN,   NaN 9,13.595,  0.029 0,13.091, 0.028 0
2MASSI_J0318540-$342129,15.47, 0.055 1,14.406, 0.044 1,15.569,  0.055 0,14.346, 0.044 0
LP_412-31,    NaN,   NaN 9,    NaN,   NaN 9,11.759,  0.021 0,11.066, 0.022 0
SDSS_J032553.17+042540.1,15.9, 0.030 0,16.25, 0.030 0,16.254,  0.137 0,16.193, 0.030 1
2MASSW_J0326137+295015,    NaN,   NaN 9,    NaN,   NaN 9,15.481,  0.052 0,14.395, 0.050 0
2MASSI_J0328426+230205,16.35, 0.030 0,15.47, 0.030 0,16.693,  0.140 0,15.547, 0.124 0
LSPM_J0330+5413,    NaN,   NaN 9,    NaN,   NaN 9,10.173,  0.021 0,9.595, 0.016 0
LEHPM_3396,    NaN,   NaN 9,    NaN,   NaN 9,11.376,  0.023 0,10.823, 0.026 0
2MASSI_J0335020+234235,    NaN,   NaN 9,    NaN,   NaN 9,12.25,  0.021 0,11.655, 0.022 0
LP_944-20,10.68, 0.030 0,9.98, 0.030 0,10.725,  0.021 0,10.017, 0.021 0
2MASP_J0345432+254023,13.84, 0.050 0,13.2, 0.050 0,13.997,  0.027 0,13.211, 0.030 0
WISE_J035000.32-$565830.2,    NaN,   NaN 9,    NaN,   NaN 9,    NaN,    NaN 9,    NaN,   NaN 9
LHS_1604,11.24, 0.030 0,10.53, 0.030 0,11.302,  0.024 0,10.609, 0.022 0
2MASS_J03552337+1133437,13.9, 0.030 0,12.6, 0.030 0,14.05,  0.024 0,12.53, 0.031 0
WISE_J035934.06-$540154.6,21.56, 0.240 0,22.2, 0.430 0,    NaN,    NaN 9,    NaN,   NaN 9
WISEP_J041022.71+150248.5,19.44, 0.030 0,20.02, 0.050 0,    NaN,    NaN 9,    NaN,   NaN 9
2MASSI_J0415195-$093506,15.32, 0.030 0,15.7, 0.030 0,15.695,  0.058 0,15.537, 0.113 0
SDSSp_J042348.57-$041403.5A,14.863, 0.039 1,13.962, 0.034 1,15.008,  0.031 1,13.918, 0.039 1
SDSSp_J042348.57-$041403.5B,15.283, 0.047 1,14.681, 0.045 1,15.478,  0.036 1,14.628, 0.048 1
LHS_191,    NaN,   NaN 9,    NaN,   NaN 9,11.623,  0.024 0,11.072, 0.022 0
2MASSI_J0439010-$235308,14.318, 0.029 1,13.465, 0.029 1,14.408,  0.029 0,13.409, 0.029 0
NLTT_13728,    NaN,   NaN 9,    NaN,   NaN 9,10.658,  0.024 0,9.986, 0.022 0
2MASSI_J0445538-$304820,    NaN,   NaN 9,    NaN,   NaN 9,13.393,  0.026 0,12.58, 0.024 0
LHS_197,    NaN,   NaN 9,    NaN,   NaN 9,11.559,  0.024 0,11.056, 0.035 0
2MASS_J04465175-$1116476B,    NaN,   NaN 9,    NaN,   NaN 9,    NaN,    NaN 9,    NaN,   NaN 9
WISEP_J045853.90+643452.,17.501, 0.070 0,17.807, 0.110 0,    NaN,    NaN 9,    NaN,   NaN 9
WISEP_J045853.90+6434526,18.481, 0.071 0,18.827, 0.110 0,    NaN,    NaN 9,    NaN,   NaN 9
LSR_J0510+2713,    NaN,   NaN 9,    NaN,   NaN 9,10.698,  0.020 0,9.965, 0.022 0
LHS_1742a,14.65, 0.050 0,14.21, 0.050 0,14.641,  0.034 0,14.232, 0.054 0
LSR_J0515+5911,    NaN,   NaN 9,    NaN,   NaN 9,11.32,  0.025 0,10.661, 0.019 0
2MASS_J05160945-$0445499,15.752, 0.079 1,15.774, 0.165 1,15.984,  0.079 0,15.721, 0.165 0
2MASS_J05185995-$2828372A,16.377, 0.139 1,15.265, 0.096 1,16.502,  0.133 1,15.211, 0.096 1
2MASS_J05185995-$2828372B,16.837, 0.179 1,16.215, 0.165 1,17.029,  0.178 1,16.159, 0.166 1
2MASS_J05325346+8246465,    NaN,   NaN 9,    NaN,   NaN 9,15.179,  0.059 0,14.904, 0.092 0
WISE_J053516.80-$750024.9,    NaN,   NaN 9,    NaN,   NaN 9,    NaN,    NaN 9,    NaN,   NaN 9
2MASSI_J0536199-$192039,    NaN,   NaN 9,    NaN,   NaN 9,15.768,  0.075 0,14.693, 0.071 0
LHS_207,    NaN,   NaN 9,    NaN,   NaN 9,12.137,  0.019 0,11.638, 0.028 0
SDSSp_J053951.99-$005902.0,13.85, 0.030 0,13.04, 0.030 0,14.033,  0.031 0,13.104, 0.026 0
\beta$_Pic~b,    NaN,   NaN 9,    NaN,   NaN 9,    NaN,    NaN 9,    NaN,   NaN 9
2MASS_J05575096-$1359503,    NaN,   NaN 9,    NaN,   NaN 9,12.871,  0.023 0,12.145, 0.027 0
2MASSI_J0559191-$140448,13.57, 0.030 0,13.64, 0.030 0,13.802,  0.024 0,13.679, 0.044 0
WISEP_J060738.65+242953.4,    NaN,   NaN 9,    NaN,   NaN 9,14.218,  0.026 0,13.038, 0.025 0
CD-35_2722~B,13.63, 0.110 0,12.78, 0.120 0,    NaN,    NaN 9,    NaN,   NaN 9
Gl_229B,14.01, 0.050 0,14.36, 0.050 0,    NaN,    NaN 9,    NaN,   NaN 9
2MASS_J06164006-$6407194,    NaN,   NaN 9,    NaN,   NaN 9,16.403,  0.113 0,16.275, 0.228 0
AB_Pic~b,16.088, 0.100 1,14.739, 0.100 1,16.18,  0.100 0,14.69, 0.100 0
2MASS_J06244595-$4521548,14.383, 0.029 1,13.393, 0.028 1,14.48,  0.029 0,13.335, 0.028 0
2MASS_J06411840-$4322329,    NaN,   NaN 9,    NaN,   NaN 9,13.751,  0.026 0,12.941, 0.034 0
HD_46588B,    NaN,   NaN 9,    NaN,   NaN 9,16.261,  0.093 0,15.08, 0.074 0
WISE_J064723.23-$623235.5,22.65, 0.270 0,23.4, 0.290 0,    NaN,    NaN 9,    NaN,   NaN 9
HD_49197B,    NaN,   NaN 9,    NaN,   NaN 9,15.92,  1.200 0,14.62, 0.120 0
2MASS_J06524851-$574137,    NaN,   NaN 9,    NaN,   NaN 9,    NaN,    NaN 9,    NaN,   NaN 9
2MASS_J06524851-$574136,    NaN,   NaN 9,    NaN,   NaN 9,    NaN,    NaN 9,    NaN,   NaN 9
2MASS_J07003664+3157266A,13.088, 0.023 1,12.26, 0.016 1,13.162,  0.025 1,12.211, 0.019 1
2MASS_J07003664+3157266B,14.579, 0.028 1,13.664, 0.021 1,14.682,  0.046 1,13.611, 0.042 1
ESO_207-61,    NaN,   NaN 9,    NaN,   NaN 9,13.228,  0.026 0,12.538, 0.030 0
LHS_1901A,10.631, 0.020 1,10.197, 0.017 1,10.678,  0.020 1,10.164, 0.019 1
LHS_1901B,10.743, 0.020 1,10.312, 0.017 1,10.789,  0.021 1,10.279, 0.019 1
2MASS_J07123786-$6155528,    NaN,   NaN 9,    NaN,   NaN 9,15.296,  0.063 0,14.392, 0.043 0
2MASS_J07193188-$5051410,    NaN,   NaN 9,    NaN,   NaN 9,14.094,  0.032 0,13.282, 0.035 0
UGPS_J072227.51-$054031.2,16.52, 0.020 0,16.9, 0.020 0,16.489,  0.128 0,    NaN,   NaN 9
2MASSI_J0727182+171001,15.19, 0.030 0,15.67, 0.030 0,15.6,  0.061 0,15.756, 0.171 0
2MASS_J07290002-$3954043,15.644, 0.077 1,16.047, 0.183 1,15.92,  0.077 0,15.979, 0.183 0
LHS_234,10.17, 0.030 0,9.58, 0.030 0,10.155,  0.022 0,9.628, 0.023 0
SDSS_J074201.41+205520.5,15.6, 0.030 0,15.95, 0.030 0,16.193,  0.091 0,15.911, 0.181 0
2MASSI_J0746425+200032A,12.167, 0.030 0,11.565, 0.032 0,    NaN,    NaN 9,    NaN,   NaN 9
2MASSI_J0746425+200032B,12.677, 0.031 0,12.005, 0.035 0,    NaN,    NaN 9,    NaN,   NaN 9
LP_423-31,    NaN,   NaN 9,    NaN,   NaN 9,10.879,  0.022 0,10.197, 0.022 0
HD_65216B,    NaN,   NaN 9,    NaN,   NaN 9,    NaN,    NaN 9,    NaN,   NaN 9
HD_65216C,    NaN,   NaN 9,    NaN,   NaN 9,    NaN,    NaN 9,    NaN,   NaN 9
HIP_38939B,15.9, 0.080 0,16.03, 0.080 0,16.124,  0.078 0,15.796, 0.125 0
SDSS_J080531.84+481233.0A,14.884, 0.060 3,14.159, 0.059 3,14.98,  0.061 3,14.068, 0.066 3
SDSS_J080531.84+481233.0B,16.244, 0.181 3,16.257, 0.332 3,16.472,  0.194 3,16.157, 0.333 3
WD_0806-$661B,    NaN,   NaN 9,    NaN,   NaN 9,    NaN,    NaN 9,    NaN,   NaN 9
DENIS_J081730.0-$615520,    NaN,   NaN 9,    NaN,   NaN 9,13.613,  0.024 0,13.526, 0.031 0
2MASSI_J0825196+211552,14.89, 0.030 0,13.81, 0.030 0,15.1,  0.034 0,13.792, 0.032 0
ULAS_J082707.67-$020408.2,17.19, 0.020 0,17.44, 0.050 0,    NaN,    NaN 9,    NaN,   NaN 9
LHS_248,    NaN,   NaN 9,    NaN,   NaN 9,8.235,  0.021 0,7.617, 0.018 0
SDSSp_J083008.12+482847.4,15.22, 0.030 0,14.4, 0.030 0,15.444,  0.048 0,14.343, 0.037 0
LHS_2021,    NaN,   NaN 9,    NaN,   NaN 9,11.89,  0.022 0,11.165, 0.021 0
SDSS_J083048.80+012831.1,15.99, 0.030 0,16.17, 0.030 0,16.289,  0.111 0,16.14, 0.213 0
LHS_2026,    NaN,   NaN 9,    NaN,   NaN 9,12.035,  0.023 0,11.477, 0.021 0
2MASS_J08354256-$0819237,13.078, 0.024 1,11.998, 0.024 1,13.169,  0.024 0,11.938, 0.024 0
SDSSp_J083717.22-$000018.3,16.9, 0.050 0,16.21, 0.050 0,17.042,  0.050 1,16.144, 0.050 1
eta_Pyx~B,    NaN,   NaN 9,    NaN,   NaN 9,    NaN,    NaN 9,    NaN,   NaN 9
LHS_2034,    NaN,   NaN 9,    NaN,   NaN 9,11.053,  0.022 0,10.419, 0.023 0
2MASSI_J0847287-$153237,13.445, 0.026 1,12.675, 0.027 1,13.513,  0.026 0,12.629, 0.027 0
2MASSs_J0850359+105716A,16.619, 0.049 0,15.635, 0.040 0,16.881,  0.120 1,15.643, 0.097 1
2MASSs_J0850359+105716B,17.438, 0.087 0,16.435, 0.062 0,17.711,  0.140 1,16.453, 0.108 1
LHS_2065,11.18, 0.050 0,10.48, 0.050 0,11.212,  0.026 0,10.469, 0.026 0
2MASSI_J0856479+223518A,    NaN,   NaN 9,    NaN,   NaN 9,    NaN,    NaN 9,    NaN,   NaN 9
2MASSI_J0856479+223518B,    NaN,   NaN 9,    NaN,   NaN 9,    NaN,    NaN 9,    NaN,   NaN 9
2MASSI_J0859254-$194926,15.418, 0.054 1,14.496, 0.042 1,15.527,  0.054 0,14.436, 0.042 0
LP_368-128,    NaN,   NaN 9,    NaN,   NaN 9,9.436,  0.020 0,8.836, 0.023 0
ULAS_J090116.23-$030635.0,17.9, 0.040 0,18.46, 0.130 0,    NaN,    NaN 9,    NaN,   NaN 9
DENIS-P_J0909.9-$0658,    NaN,   NaN 9,    NaN,   NaN 9,13.89,  0.024 0,13.09, 0.021 0
Gl_337C,16.072, 0.079 1,15.331, 0.082 1,16.183,  0.079 1,15.278, 0.082 1
Gl_337D,16.251, 0.079 1,15.531, 0.083 1,16.353,  0.079 1,15.478, 0.082 1
2MASSW_J0920122+351742A,16.156, 0.070 1,15.361, 0.060 1,16.269,  0.070 1,15.299, 0.060 1
2MASSW_J0920122+351742B,16.406, 0.074 1,15.621, 0.061 1,16.499,  0.074 1,15.569, 0.061 1
SDSS_J092615.38+584720.9A,16.355, 0.087 1,15.853, 0.104 1,16.524,  0.084 1,15.79, 0.104 1
SDSS_J092615.38+584720.9B,16.564, 0.097 1,16.483, 0.122 1,16.794,  0.094 1,16.42, 0.122 1
2MASSI_J0937347+293142,14.29, 0.030 0,14.67, 0.030 0,14.648,  0.036 0,14.703, 0.068 0
2MASS_J09393548-$2448279,15.61, 0.090 0,15.96, 0.090 0,15.98,  0.106 0,15.797, 0.150 0
TVLM_262-111511,    NaN,   NaN 9,    NaN,   NaN 9,14.197,  0.029 0,13.512, 0.030 0
ULAS_J094806.06+064805.0,18.85, 0.070 0,19.46, 0.220 0,    NaN,    NaN 9,    NaN,   NaN 9
2MASS_J09490860-$1545485,16.004, 0.117 1,15.31, 0.114 1,16.149,  0.117 0,15.262, 0.114 0
LHS_6176B,18.02, 0.030 0,18.4, 0.050 0,    NaN,    NaN 9,    NaN,   NaN 9
LP_261-75B,    NaN,   NaN 9,    NaN,   NaN 9,17.225,  0.210 0,15.895, 0.138 0
TVLM_262-70502,    NaN,   NaN 9,    NaN,   NaN 9,14.183,  0.029 0,13.473, 0.027 0
2MASS_J09522188-$1924319A,    NaN,   NaN 9,    NaN,   NaN 9,    NaN,    NaN 9,    NaN,   NaN 9
2MASS_J09522188-$1924319B,    NaN,   NaN 9,    NaN,   NaN 9,    NaN,    NaN 9,    NaN,   NaN 9
2MASS_J10043929-$3335189,    NaN,   NaN 9,    NaN,   NaN 9,14.48,  0.035 0,13.49, 0.036 0
2MASS_J10073369-$4555147,15.416, 0.068 1,15.736, 0.122 1,15.653,  0.068 0,15.686, 0.122 0
2MASSI_J1010148-$040649,15.421, 0.059 1,14.441, 0.037 1,15.508,  0.059 0,14.385, 0.037 0
TVLM_263-71765,    NaN,   NaN 9,    NaN,   NaN 9,13.363,  0.025 0,12.723, 0.024 0
SSSPM_J1013-$1356,14.574, 0.032 1,14.394, 0.049 1,14.621,  0.032 0,14.382, 0.049 0
2MASSI_J1017075+130839A,14.535, 0.086 2,13.94, 0.055 2,14.593,  0.088 2,13.897, 0.055 2
2MASSI_J1017075+130839B,15.095, 0.140 2,14.249, 0.069 2,15.184,  0.147 2,14.198, 0.068 2
ULAS_J101821.78+072547.1,17.71, 0.040 0,17.87, 0.070 0,    NaN,    NaN 9,    NaN,   NaN 9
2MASS_J10185879-$2909535,    NaN,   NaN 9,    NaN,   NaN 9,14.213,  0.030 0,13.418, 0.024 0
G_44-9,10.854, 0.000 0,10.508, 0.001 0,10.354,  0.022 0,9.764, 0.021 0
SDSS_J102109.69-$030420.1A,16.684, 0.034 0,15.858, 0.032 0,17.022,  0.102 1,15.791, 0.101 1
SDSS_J102109.69-$030420.1B,16.584, 0.033 0,16.588, 0.036 0,16.991,  0.102 1,16.531, 0.103 1
TVLM_213-2005,    NaN,   NaN 9,    NaN,   NaN 9,13.393,  0.023 0,12.739, 0.023 0
HD_89744B,14.846, 0.037 1,14.064, 0.033 1,14.901,  0.037 0,14.022, 0.033 0
SDSS_J103026.78+021306.4,17.1, 0.050 0,16.27, 0.050 0,17.219,  0.050 1,16.208, 0.050 1
HD_91324B,    NaN,   NaN 9,    NaN,   NaN 9,11.837,  0.023 0,11.313, 0.024 0
2MASSW_J1036530-$344138,15.515, 0.048 1,14.501, 0.035 1,15.622,  0.048 0,14.446, 0.035 0
SDSS_J104335.08+121314.1,15.82, 0.030 0,14.87, 0.030 0,15.997,  0.088 0,14.969, 0.077 0
SDSS_J104409.43+042937.6,15.84, 0.030 0,14.97, 0.030 0,15.881,  0.077 0,14.95, 0.074 0
2MASSI_J1047538+212423,15.46, 0.030 0,15.83, 0.030 0,15.819,  0.059 0,15.797, 0.120 0
LHS_292,8.92, 0.050 0,8.39, 0.050 0,8.857,  0.021 0,8.263, 0.036 0
LHS_2314,12.42, 0.030 0,11.82, 0.030 0,12.535,  0.024 0,11.97, 0.024 0
WISE_J104915.57-$531906.,11.532, 0.041 0,10.39, 0.041 0,    NaN,    NaN 9,    NaN,   NaN 9
WISE_J104915.57-$5319061,11.222, 0.036 0,10.37, 0.041 0,    NaN,    NaN 9,    NaN,   NaN 9
Wolf_359,7.03, 0.050 0,6.49, 0.050 0,7.085,  0.024 0,6.482, 0.042 0
HD_95086b,    NaN,   NaN 9,    NaN,   NaN 9,    NaN,    NaN 9,    NaN,   NaN 9
DENIS-P_J1058.7-$1548,14.12, 0.050 0,13.29, 0.050 0,14.155,  0.035 0,13.226, 0.025 0
SSSPM_J1102-$3431,12.976, 0.024 1,12.402, 0.022 1,13.034,  0.024 0,12.356, 0.022 0
LHS_2351,    NaN,   NaN 9,    NaN,   NaN 9,12.329,  0.022 0,11.716, 0.027 0
SDSS_J111010.01+011613.1,16.12, 0.050 0,16.22, 0.050 0,16.343,  0.115 0,15.924, 0.144 0
Gl_417B,15.123, 0.155 2,14.165, 0.071 2,15.229,  0.162 2,14.104, 0.072 2
Gl_417C,15.384, 0.194 2,14.484, 0.091 2,15.457,  0.197 2,14.423, 0.092 2
2MASS_J11145133-$2618235,15.52, 0.050 0,15.82, 0.050 0,15.858,  0.083 0,15.734, 0.123 0
WISE_J111838.70+312537.9,17.792, 0.053 0,18.15, 0.060 0,18.22,  0.160 0,18.13, 0.230 0
LHS_2397aA,11.89, 0.030 0,11.329, 0.030 0,    NaN,    NaN 9,    NaN,   NaN 9
LHS_2397aB,15.01, 0.081 0,14.289, 0.056 0,    NaN,    NaN 9,    NaN,   NaN 9
2MASSW_J1146345+223053A,    NaN,   NaN 9,    NaN,   NaN 9,    NaN,    NaN 9,    NaN,   NaN 9
2MASSW_J1146345+223053B,    NaN,   NaN 9,    NaN,   NaN 9,    NaN,    NaN 9,    NaN,   NaN 9
ULAS_J115038.79+094942.9,18.68, 0.040 0,19.23, 0.060 0,    NaN,    NaN 9,    NaN,   NaN 9
LHS_2471,    NaN,   NaN 9,    NaN,   NaN 9,11.256,  0.022 0,10.66, 0.027 0
2MASSW_J1155395-$372735,    NaN,   NaN 9,    NaN,   NaN 9,12.811,  0.024 0,12.04, 0.026 0
SDSS_J115553.86+055957.5,15.552, 0.077 1,14.761, 0.070 1,15.66,  0.077 0,14.703, 0.070 0
SDSS_J115700.50+061105.2,17.09, 0.050 0,16.45, 0.050 0,    NaN,    NaN 9,    NaN,   NaN 9
2MASSW_J1200329+204851,    NaN,   NaN 9,    NaN,   NaN 9,12.862,  0.021 0,12.261, 0.023 0
2MASSW_J1207334-$393254b,19.91, 0.200 1,18.15, 0.210 1,20,  0.200 0,18.09, 0.210 0
2MASSW_J1207334-$393254,12.941, 0.030 1,12.434, 0.030 1,13,  0.030 0,12.39, 0.030 0
SDSS_J120747.17+024424.8,15.38, 0.030 0,14.63, 0.030 0,15.58,  0.071 0,14.561, 0.065 0
2MASS_J12095613-$1004008A,15.815, 0.053 0,15.321, 0.037 0,16.16,  0.085 1,15.41, 0.096 1
2MASS_J12095613-$1004008B,17.214, 0.159 0,18.12, 0.279 0,17.658,  0.177 1,18.208, 0.293 1
2MASS_J12154430-$3420594,16.038, 0.134 1,15.859, 0.187 1,16.236,  0.134 0,15.809, 0.187 0
2MASSI_J1217110-$031113,15.56, 0.030 0,15.98, 0.030 0,15.86,  0.061 0,15.748, 0.119 0
WISEP_J121756.91+162640.,17.736, 0.030 0,18.184, 0.030 0,    NaN,    NaN 9,    NaN,   NaN 9
WISEP_J121756.91+1626402,19.836, 0.035 0,20.385, 0.046 0,    NaN,    NaN 9,    NaN,   NaN 9
BRI_B1222-$1222,    NaN,   NaN 9,    NaN,   NaN 9,12.571,  0.024 0,11.822, 0.026 0
2MASS_J12255432-$2739466A,15.163, 0.030 0,15.415, 0.030 0,15.529,  0.047 1,15.343, 0.081 1
2MASS_J12255432-$2739466B,16.48, 0.031 0,16.906, 0.033 0,16.909,  0.053 1,16.833, 0.082 1
DENIS-P_J1228.2-$1547A,14.868, 0.148 2,14.058, 0.092 2,14.97,  0.139 2,14.005, 0.080 2
DENIS-P_J1228.2-$1547B,15.228, 0.199 2,14.258, 0.106 2,15.32,  0.189 2,14.205, 0.093 2
LHS_330,    NaN,   NaN 9,    NaN,   NaN 9,12.202,  0.022 0,11.697, 0.021 0
2MASS_J12373919+6526148,15.56, 0.100 0,15.94, 0.100 0,16.053,  0.087 0,15.739, 0.145 0
2MASSW_J1239272+551537A,    NaN,   NaN 9,    NaN,   NaN 9,    NaN,    NaN 9,    NaN,   NaN 9
2MASSW_J1239272+551537B,    NaN,   NaN 9,    NaN,   NaN 9,    NaN,    NaN 9,    NaN,   NaN 9
SDSSp_J125453.90-$012247.4,14.66, 0.030 0,14.13, 0.030 0,14.891,  0.035 0,14.09, 0.025 0
SSSPM_J1256-$1408,    NaN,   NaN 9,    NaN,   NaN 9,14.011,  0.027 0,13.618, 0.033 0
SDSS_J125637.13-$022452.4,16.05, 0.105 1,15.789, 0.148 1,16.099,  0.105 0,15.792, 0.148 0
Ross_458C,16.69, 0.010 0,17.01, 0.040 0,    NaN,    NaN 9,    NaN,   NaN 9
Kelu-1A,13.698, 0.052 0,12.974, 0.051 0,13.883,  0.030 1,12.916, 0.028 1
Kelu-1B,14.368, 0.056 0,13.494, 0.053 0,14.553,  0.037 1,13.435, 0.031 1
Gl_499C,    NaN,   NaN 9,    NaN,   NaN 9,15.201,  0.053 0,14.04, 0.042 0
HD_114762B,13.67, 0.100 1,13.437, 0.100 1,13.74,  0.100 0,13.39, 0.100 0
LSPM_J1314+1320A,    NaN,   NaN 9,    NaN,   NaN 9,    NaN,    NaN 9,    NaN,   NaN 9
LSPM_J1314+1320B,    NaN,   NaN 9,    NaN,   NaN 9,    NaN,    NaN 9,    NaN,   NaN 9
ULAS_J131508.42+082627.4,18.86, 0.040 0,19.5, 0.100 0,    NaN,    NaN 9,    NaN,   NaN 9
2MASS_J13204159+0957506,    NaN,   NaN 9,    NaN,   NaN 9,13.726,  0.026 0,13.082, 0.031 0
2MASS_J13204427+0409045,    NaN,   NaN 9,    NaN,   NaN 9,15.246,  0.046 0,14.302, 0.029 0
HIP_65423B,    NaN,   NaN 9,    NaN,   NaN 9,    NaN,    NaN 9,12.93, 0.060 0
HIP_65517B,    NaN,   NaN 9,    NaN,   NaN 9,    NaN,    NaN 9,12.85, 0.030 0
SDSSp_J132629.82-$003831.5,16.21, 0.030 0,15.1, 0.030 0,16.103,  0.071 0,15.05, 0.060 0
2MASSW_J1328550+211449,    NaN,   NaN 9,    NaN,   NaN 9,16.192,  0.105 0,15.002, 0.081 0
G_255-34B,    NaN,   NaN 9,    NaN,   NaN 9,15.103,  0.043 0,14.116, 0.035 0
ULAS_J133553.45+113005.2,17.9, 0.010 0,18.25, 0.010 0,    NaN,    NaN 9,    NaN,   NaN 9
HD_118865B,18.08, 0.040 0,18.39, 0.146 0,    NaN,    NaN 9,    NaN,   NaN 9
SDSSp_J134646.45-$003150.4,15.49, 0.050 0,15.84, 0.050 0,16,  0.102 0,15.459, 0.118 0
2MASS_J13595510-$4034582,    NaN,   NaN 9,    NaN,   NaN 9,13.645,  0.026 0,13.034, 0.028 0
2MASS_J14044948-$3159330A,16.465, 0.080 1,15.539, 0.069 1,16.584,  0.079 1,15.482, 0.069 1
2MASS_J14044948-$3159330B,15.925, 0.070 1,16.049, 0.071 1,16.124,  0.070 1,15.992, 0.071 1
WISEP_J140518.40+553421.5,21.06, 0.060 0,21.41, 0.080 0,    NaN,    NaN 9,    NaN,   NaN 9
ULAS_J141623.94+134836.3,17.35, 0.020 0,17.62, 0.020 0,17.633,  0.020 1,17.553, 0.020 1
SDSS_J141624.08+134826.7,13.04, 0.010 0,12.49, 0.010 0,13.148,  0.025 0,12.456, 0.028 0
SDSS_J141659.78+500626.4,16.79, 0.030 0,16.03, 0.030 0,16.95,  0.171 0,15.955, 0.168 0
BD_+01~2920B,18.71, 0.050 0,19.14, 0.200 0,    NaN,    NaN 9,    NaN,   NaN 9
GD_165B,15.64, 0.050 0,14.75, 0.050 0,15.687,  0.078 0,14.781, 0.070 0
LSR_J1425+7102,    NaN,   NaN 9,    NaN,   NaN 9,14.775,  0.037 0,14.405, 0.054 0
LHS_2919,    NaN,   NaN 9,    NaN,   NaN 9,11.014,  0.021 0,10.39, 0.015 0
LHS_2924,11.91, 0.030 0,11.27, 0.030 0,11.99,  0.021 0,11.225, 0.029 0
Proxima_Cen,    NaN,   NaN 9,    NaN,   NaN 9,5.357,  0.023 0,4.835, 0.057 0
LHS_2930,    NaN,   NaN 9,    NaN,   NaN 9,10.79,  0.018 0,10.14, 0.020 0
SDSS_J143517.20-$004612.9,    NaN,   NaN 9,    NaN,   NaN 9,16.484,  0.097 0,15.613, 0.115 0
SDSS_J143535.72-$004347.0,16.41, 0.030 0,15.68, 0.030 0,16.488,  0.116 0,15.664, 0.116 0
LHS_377,13.27, 0.030 0,12.77, 0.030 0,13.194,  0.029 0,12.733, 0.030 0
2MASSW_J1439284+192915,12.66, 0.030 0,12.05, 0.030 0,12.759,  0.019 0,12.041, 0.019 0
DENIS-P_J144137.3-$094559A,    NaN,   NaN 9,    NaN,   NaN 9,    NaN,    NaN 9,    NaN,   NaN 9
DENIS-P_J144137.3-$094559B,    NaN,   NaN 9,    NaN,   NaN 9,    NaN,    NaN 9,    NaN,   NaN 9
G_239-25B,    NaN,   NaN 9,    NaN,   NaN 9,    NaN,    NaN 9,    NaN,   NaN 9
SSSPM_J1444-$2019,    NaN,   NaN 9,    NaN,   NaN 9,12.546,  0.026 0,12.142, 0.026 0
HIP_72099B,    NaN,   NaN 9,    NaN,   NaN 9,    NaN,    NaN 9,12.89, 0.020 0
SDSSp_J144600.60+002452.0,15.56, 0.050 0,14.59, 0.050 0,15.894,  0.082 0,14.514, 0.035 0
HD_130948B,13.812, 0.085 0,13.04, 0.149 0,    NaN,    NaN 9,    NaN,   NaN 9
HD_130948C,14.117, 0.085 0,13.33, 0.149 0,    NaN,    NaN 9,    NaN,   NaN 9
Gl_569Ba,11.277, 0.061 0,10.666, 0.041 0,11.334,  0.061 1,10.628, 0.042 1
Gl_569Bb,11.788, 0.061 0,11.206, 0.042 0,11.845,  0.063 1,11.168, 0.044 1
LHS_3003,9.94, 0.050 0,9.43, 0.050 0,9.965,  0.026 0,9.315, 0.022 0
Gl_570D,14.82, 0.050 0,15.28, 0.050 0,15.324,  0.048 0,15.268, 0.089 0
CFBDS_J145829+10134A,19.817, 0.022 0,20.243, 0.131 0,    NaN,    NaN 9,    NaN,   NaN 9
CFBDS_J145829+10134B,21.837, 0.064 0,22.552, 0.158 0,    NaN,    NaN 9,    NaN,   NaN 9
TVLM_513-46546,11.76, 0.050 0,11.18, 0.050 0,11.866,  0.022 0,11.181, 0.030 0
TVLM_513-42404,14.31, 0.050 0,13.75, 0.030 0,14.413,  0.033 0,13.76, 0.037 0
TVLM_513-42404B,15.35, 0.050 0,14.67, 0.050 0,15.419,  0.057 0,14.635, 0.058 0
2MASSW_J1503196+252519,13.55, 0.030 0,13.9, 0.030 0,13.937,  0.024 0,13.856, 0.031 0
SDSS_J150411.63+102718.3,16.49, 0.030 0,16.92, 0.030 0,    NaN,    NaN 9,    NaN,   NaN 9
ULAS_J150457.65+053800.8,16.59, 0.020 0,17.05, 0.040 0,    NaN,    NaN 9,    NaN,   NaN 9
WISEP_J150649.97+702736.0,13.56, 0.050 0,13.91, 0.040 0,14.328,  0.095 0,14.15, 0.203 0
2MASSW_J1507476-$162738,12.7, 0.030 0,11.9, 0.030 0,12.83,  0.027 0,11.895, 0.024 0
TVLM_868-110639,12.53, 0.030 0,11.79, 0.030 0,12.614,  0.023 0,11.842, 0.022 0
SDSS_J151114.66+060742.9,15.83, 0.030 0,15.16, 0.030 0,16.016,  0.079 0,14.955, 0.075 0
TVLM_513-8328,14, 0.030 0,13.31, 0.030 0,14.087,  0.028 0,13.422, 0.025 0
SDSS_J152103.24+013142.7,16.06, 0.030 0,15.63, 0.030 0,16.399,  0.102 0,15.576, 0.099 0
Gl_584C,15.95, 0.050 0,15.05, 0.050 0,16.056,  0.099 0,14.928, 0.081 0
2MASSW_J1526140+204341,15.494, 0.055 1,14.552, 0.044 1,15.586,  0.055 0,14.497, 0.044 0
SDSS_J153417.05+161546.1A,17.461, 0.037 0,16.828, 0.033 0,17.542,  0.135 1,16.537, 0.159 1
SDSS_J153417.05+161546.1B,17.291, 0.035 0,17.528, 0.040 0,17.472,  0.135 1,17.237, 0.161 1
2MASSI_J1534498-$295227A,15.274, 0.031 0,15.359, 0.030 0,15.571,  0.055 1,15.483, 0.102 1
2MASSI_J1534498-$295227B,15.437, 0.031 0,15.645, 0.031 0,15.741,  0.055 1,15.773, 0.103 1
DENIS-P_J153941.9-$052042,    NaN,   NaN 9,    NaN,   NaN 9,13.922,  0.029 0,13.06, 0.026 0
WISEP_J154151.65-$225025.2,21.12, 0.060 0,22.17, 0.250 0,    NaN,    NaN 9,    NaN,   NaN 9
2MASS_J15462718-$3325111,15.405, 0.051 1,15.502, 0.092 1,15.631,  0.051 0,15.446, 0.092 0
2MASSW_J1553022+153236A,15.928, 0.034 0,16.341, 0.031 0,16.417,  0.073 1,16.519, 0.164 1
2MASSW_J1553022+153236B,16.288, 0.038 0,16.716, 0.033 0,16.767,  0.074 1,16.899, 0.164 1
LSR_J1610-$0040A,    NaN,   NaN 9,    NaN,   NaN 9,    NaN,    NaN 9,    NaN,   NaN 9
LSR_J1610-$0040B,    NaN,   NaN 9,    NaN,   NaN 9,    NaN,    NaN 9,    NaN,   NaN 9
2MASS_J16150413+1340079,16.107, 0.092 1,16.536, 0.254 1,16.35,  0.092 0,16.489, 0.254 0
HR_6037B,    NaN,   NaN 9,    NaN,   NaN 9,    NaN,    NaN 9,    NaN,   NaN 9
GJ_618.1B,    NaN,   NaN 9,    NaN,   NaN 9,15.283,  0.049 0,14.348, 0.040 0
SDSSp_J162414.37+002915.6,15.2, 0.050 0,15.48, 0.050 0,15.494,  0.054 0,15.524, 0.100 0
2MASS_J16262034+3925190,14.388, 0.029 1,14.531, 0.050 1,14.435,  0.029 0,14.533, 0.050 0
SDSS_J162838.77+230821.1,16.25, 0.030 0,16.63, 0.030 0,16.458,  0.102 0,16.107, 0.149 0
SDSS_J163022.92+081822.0,16.18, 0.030 0,16.35, 0.030 0,16.396,  0.113 0,16.332, 0.291 0
2MASSW_J1632291+190441,15.77, 0.050 0,14.68, 0.050 0,15.867,  0.070 0,14.612, 0.038 0
WISE_J163940.83-$684738.6,20.76, 0.080 0,    NaN,   NaN 9,    NaN,    NaN 9,    NaN,   NaN 9
2MASSW_J1645221-$131951,12.385, 0.028 1,11.733, 0.025 1,12.451,  0.028 0,11.685, 0.025 0
LHS_3241,    NaN,   NaN 9,    NaN,   NaN 9,10.533,  0.018 0,9.968, 0.017 0
WISE_J164715.57+563208.3,    NaN,   NaN 9,    NaN,   NaN 9,16.59,  0.060 0,15.34, 0.060 0
vB_8,9.731, 0.029 1,9.236, 0.024 1,9.776,  0.029 0,9.201, 0.024 0
2MASSW_J1658037+702701,    NaN,   NaN 9,    NaN,   NaN 9,13.288,  0.024 0,12.47, 0.032 0
DENIS-P_J170548.3-$051645,13.239, 0.030 1,12.6, 0.024 1,13.309,  0.030 0,12.552, 0.024 0
2MASSI_J1711457+223204,16.953, 0.178 1,15.858, 0.109 1,17.089,  0.178 0,15.797, 0.109 0
GJ_660.1B,    NaN,   NaN 9,    NaN,   NaN 9,13.052,  0.045 0,12.565, 0.023 0
VVV_BD001,    NaN,   NaN 9,    NaN,   NaN 9,13.403,  0.029 0,12.659, 0.029 0
2MASSW_J1728114+394859A,16.533, 0.078 1,15.382, 0.067 1,16.623,  0.078 1,15.323, 0.068 1
2MASSW_J1728114+394859B,16.763, 0.079 1,15.792, 0.068 1,16.873,  0.079 1,15.733, 0.070 1
LSPM_J1735+2634A,11.703, 0.028 1,11.138, 0.031 1,11.757,  0.028 1,11.099, 0.031 1
LSPM_J1735+2634B,12.272, 0.032 1,11.695, 0.031 1,12.327,  0.032 1,11.659, 0.032 1
WISEP_J173835.52+273258.9,20.05, 0.090 0,20.45, 0.090 0,    NaN,    NaN 9,    NaN,   NaN 9
WISEP_J174124.26+255319.5,16.18, 0.020 0,16.31, 0.040 0,16.48,  0.020 0,16.24, 0.040 0
2MASSW_J1750129+442404A,13.126, 0.023 1,12.633, 0.045 1,13.172,  0.024 1,12.601, 0.045 1
2MASSW_J1750129+442404B,14.081, 0.026 1,13.402, 0.083 1,14.141,  0.027 1,13.36, 0.083 1
2MASS_J17502484-$0016151,13.2, 0.023 1,12.471, 0.022 1,13.294,  0.023 0,12.411, 0.022 0
SDSSp_J175032.96+175903.9,16.14, 0.050 0,15.94, 0.050 0,16.34,  0.101 0,15.952, 0.132 0
2MASS_J17545447+1649196,15.576, 0.069 1,15.712, 0.134 1,15.808,  0.069 0,15.65, 0.134 0
LP_44-162,    NaN,   NaN 9,    NaN,   NaN 9,11.452,  0.021 0,10.835, 0.019 0
SDSS_J175805.46+463311.9,15.86, 0.030 0,16.2, 0.030 0,16.152,  0.088 0,16.254, 0.218 0
WISEP_J180435.40+311706.1,18.7, 0.050 0,19.21, 0.110 0,    NaN,    NaN 9,    NaN,   NaN 9
WISEP_J182831.08+265037.8,23.48, 0.230 0,22.85, 0.240 0,    NaN,    NaN 9,    NaN,   NaN 9
2MASS_J18283572-$4849046,14.938, 0.056 1,14.967, 0.067 1,15.175,  0.056 0,14.908, 0.067 0
2MASSI_J1835379+325954,    NaN,   NaN 9,    NaN,   NaN 9,10.27,  0.022 0,9.617, 0.021 0
LP_335-12,    NaN,   NaN 9,    NaN,   NaN 9,11.011,  0.023 0,10.383, 0.028 0
LP_44-334,    NaN,   NaN 9,    NaN,   NaN 9,10.974,  0.020 0,10.379, 0.017 0
2MASSW_J1841086+311727,    NaN,   NaN 9,    NaN,   NaN 9,16.158,  0.091 0,14.971, 0.066 0
CE_507,    NaN,   NaN 9,    NaN,   NaN 9,10.732,  0.032 0,10.14, 0.030 0
LHS_3406,11.31, 0.030 0,10.7, 0.030 0,11.313,  0.022 0,10.688, 0.021 0
SCR_J1845-$6357A,    NaN,   NaN 9,    NaN,   NaN 9,9.58,  0.023 0,8.989, 0.027 0
SCR_J1845-$6357B,    NaN,   NaN 9,    NaN,   NaN 9,13.26,  0.025 0,13.189, 0.029 0
2MASSI_J1847034+552243A,12.513, 0.045 1,11.927, 0.077 1,12.559,  0.045 1,11.897, 0.076 1
2MASSI_J1847034+552243B,12.753, 0.054 1,12.207, 0.098 1,12.799,  0.054 1,12.178, 0.098 1
LHS_3421B,    NaN,   NaN 9,    NaN,   NaN 9,12.028,  0.024 0,11.425, 0.022 0
PZ_Tel~B,12.26, 0.140 0,11.87, 0.100 0,12.26,  0.140 0,11.87, 0.100 0
vB_10,9.864, 0.025 1,9.261, 0.026 1,9.908,  0.025 0,9.226, 0.026 0
HR_7329B,    NaN,   NaN 9,11.93, 0.060 0,    NaN,    NaN 9,    NaN,   NaN 9
Gl_758B,18.568, 0.200 0,19.148, 0.200 0,    NaN,    NaN 9,    NaN,   NaN 9
2MASS_J19303829-$1335083,    NaN,   NaN 9,    NaN,   NaN 9,11.53,  0.022 0,10.989, 0.022 0
SIPS_J1936-$5502,    NaN,   NaN 9,    NaN,   NaN 9,14.486,  0.039 0,13.628, 0.035 0
GJ_1245B,    NaN,   NaN 9,    NaN,   NaN 9,8.275,  0.026 0,7.728, 0.031 0
HR_7672B,    NaN,   NaN 9,    NaN,   NaN 9,    NaN,    NaN 9,14.04, 0.140 0
LSR_J2036+5059,13.562, 0.029 1,13.185, 0.036 1,13.611,  0.029 0,13.16, 0.036 0
Gl_802B,    NaN,   NaN 9,    NaN,   NaN 9,14.75,  0.270 0,14.13, 0.090 0
SDSS_J204749.61-$071818.3,16.7, 0.030 0,15.88, 0.030 0,16.82,  0.030 1,15.825, 0.030 1
SDSS_J205235.31-$160929.8A,16.793, 0.036 0,16.05, 0.042 0,17.062,  0.119 1,16.014, 0.119 1
SDSS_J205235.31-$160929.8B,16.793, 0.036 0,16.38, 0.050 0,17.112,  0.120 1,16.345, 0.122 1
2MASS_J20530910-$0133039,    NaN,   NaN 9,    NaN,   NaN 9,10.659,  0.022 0,10.108, 0.023 0
WISEP_J205628.90+145953.3,19.43, 0.040 0,19.96, 0.040 0,    NaN,    NaN 9,    NaN,   NaN 9
DENIS-P_J205754.1-$025229,13.049, 0.024 1,12.319, 0.024 1,13.121,  0.024 0,12.268, 0.024 0
2MASS_J21011544+1756586A,17.419, 0.095 2,16.503, 0.056 2,17.479,  0.193 2,16.471, 0.188 2
2MASS_J21011544+1756586B,17.729, 0.124 2,16.803, 0.069 2,17.759,  0.206 2,16.781, 0.192 2
chi_Cap~D,    NaN,   NaN 9,    NaN,   NaN 9,    NaN,    NaN 9,12.7, 0.100 0
chi_Cap~E,    NaN,   NaN 9,    NaN,   NaN 9,    NaN,    NaN 9,12.7, 0.100 0
LP_397-10,    NaN,   NaN 9,    NaN,   NaN 9,11.783,  0.021 0,11.297, 0.021 0
[$HB88$]$_M18,    NaN,   NaN 9,    NaN,   NaN 9,13.425,  0.025 0,12.768, 0.027 0
HD_203030B,18.13, 0.550 0,16.85, 0.120 0,    NaN,    NaN 9,    NaN,   NaN 9
LSPM_J2124+4003,    NaN,   NaN 9,    NaN,   NaN 9,10.339,  0.022 0,9.74, 0.028 0
HB_2124-$4228,    NaN,   NaN 9,    NaN,   NaN 9,13.321,  0.023 0,12.665, 0.025 0
[$HB88$]$_M20,    NaN,   NaN 9,    NaN,   NaN 9,14.315,  0.030 0,13.604, 0.023 0
2MASSI_J2132114+134158A,16.117, 0.063 1,15.049, 0.057 1,16.198,  0.069 1,14.995, 0.057 1
2MASSI_J2132114+134158B,16.966, 0.068 1,15.96, 0.065 1,17.068,  0.093 1,15.905, 0.065 1
2MASSW_J2140293+162518A,13.264, 0.057 1,12.695, 0.068 1,13.317,  0.058 1,12.66, 0.068 1
2MASSW_J2140293+162518B,14.213, 0.117 1,13.602, 0.131 1,14.275,  0.118 1,13.56, 0.131 1
HN_Peg~B,15.86, 0.030 0,15.4, 0.030 0,16.704,  0.163 0,15.551, 0.111 0
Wolf_940B,18.18, 0.030 0,18.77, 0.030 0,    NaN,    NaN 9,    NaN,   NaN 9
2MASS_J21513839-$4853542,15.531, 0.075 1,15.233, 0.096 1,15.73,  0.075 0,15.168, 0.096 0
LSPM_J2158+6117,    NaN,   NaN 9,    NaN,   NaN 9,11.292,  0.027 0,10.785, 0.031 0
\epsilon$_Ind~Ba,12.157, 0.022 0,11.599, 0.017 0,12.289,  0.024 0,11.514, 0.025 0
\epsilon$_Ind~Bb,13.052, 0.023 0,13.404, 0.020 0,13.229,  0.031 0,13.204, 0.035 0
2MASSW_J2206228-$204705A,13.044, 0.024 1,12.441, 0.024 1,13.093,  0.024 1,12.402, 0.024 1
2MASSW_J2206228-$204705B,13.104, 0.024 1,12.506, 0.024 1,13.153,  0.024 1,12.472, 0.024 1
GRH_2208-$20,    NaN,   NaN 9,    NaN,   NaN 9,14,  0.033 0,13.498, 0.033 0
TVLM_890-60235,    NaN,   NaN 9,    NaN,   NaN 9,14.117,  0.030 0,13.522, 0.026 0
2MASSW_J2224438-$015852,13.89, 0.030 0,12.84, 0.030 0,14.073,  0.027 0,12.818, 0.026 0
2MASS_J22282889-$4310262,15.422, 0.073 1,15.412, 0.117 1,15.662,  0.073 0,15.363, 0.117 0
LHS_523,    NaN,   NaN 9,    NaN,   NaN 9,10.768,  0.023 0,10.217, 0.025 0
2MASS_J22344161+4041387A,13.25, 0.026 1,12.577, 0.022 1,13.296,  0.026 1,12.537, 0.022 1
2MASS_J22344161+4041387B,13.31, 0.027 1,12.673, 0.022 1,13.356,  0.027 1,12.637, 0.022 1
LP_460-44,    NaN,   NaN 9,    NaN,   NaN 9,12.393,  0.020 0,11.773, 0.022 0
G_216-7B,    NaN,   NaN 9,    NaN,   NaN 9,13.343,  0.022 0,12.691, 0.021 0
ULAS_J223955.76+003252.6,18.86, 0.090 0,    NaN,   NaN 9,    NaN,    NaN 9,    NaN,   NaN 9
DENIS-P_J225210.73-$173013.4A,14.658, 0.040 1,13.732, 0.036 1,14.741,  0.037 1,13.684, 0.036 1
DENIS-P_J225210.73-$173013.4B,15.358, 0.060 1,14.901, 0.067 1,15.531,  0.055 1,14.833, 0.066 1
SDSSp_J225529.09-$003433.4,15.5, 0.050 0,14.8, 0.050 0,15.65,  0.056 0,14.756, 0.058 0
2MASS_J23062928-$0502285,    NaN,   NaN 9,    NaN,   NaN 9,11.354,  0.022 0,10.718, 0.021 0
HR_8799c,17.63, 0.170 0,16.88, 0.100 0,    NaN,    NaN 9,    NaN,   NaN 9
HR_8799b,19.28, 0.160 0,17.88, 0.050 0,    NaN,    NaN 9,    NaN,   NaN 9
HR_8799e,    NaN,   NaN 9,16.51, 0.430 0,    NaN,    NaN 9,    NaN,   NaN 9
HR_8799d,18.24, 0.430 0,17.16, 0.160 0,    NaN,    NaN 9,    NaN,   NaN 9
APMPM_J2330-$4737,    NaN,   NaN 9,    NaN,   NaN 9,11.229,  0.024 0,10.641, 0.025 0
2MASS_J23310161-$0406193A,    NaN,   NaN 9,    NaN,   NaN 9,    NaN,    NaN 9,    NaN,   NaN 9
2MASS_J23310161-$0406193B,    NaN,   NaN 9,    NaN,   NaN 9,    NaN,    NaN 9,    NaN,   NaN 9
APMPM_J2331-$2750,    NaN,   NaN 9,    NaN,   NaN 9,11.646,  0.023 0,11.055, 0.026 0
HD_221356D,    NaN,   NaN 9,    NaN,   NaN 9,13.763,  0.038 0,13.209, 0.026 0
Ross_248,6.832, 0.026 0,6.272, 0.027 0,6.884,  0.026 0,6.247, 0.027 0
APMPM_J2344-$2906,    NaN,   NaN 9,    NaN,   NaN 9,13.256,  0.028 0,12.754, 0.024 0
APMPM_J2354-$3316C,12.999, 0.024 1,12.406, 0.027 1,13.051,  0.024 0,12.365, 0.027 0
2MASSI_J2356547-$155310,15.48, 0.030 0,15.7, 0.030 0,15.824,  0.057 0,15.63, 0.100 0
APMPM_J2359-$6246,    NaN,   NaN 9,    NaN,   NaN 9,11.387,  0.026 0,10.827, 0.023 0
WISEP_J235941.07-$733504.8,    NaN,   NaN 9,    NaN,   NaN 9,16.16,  0.105 0,15.912, 0.194 0
