datetime,FILENAME,FILTER,ORBIT,POSANG,DITHER,EXPOSURE_SET,EXPOSURE_TIME,XOFF,YOFF,XCENTER,YCENTER,PSF_ID,PSF_AMPLITUTE,SKY_LEVEL,SKY_SIGMA,FLUX,FLUXERR,XFWHM,YFWHM,HEADERX,HEADERY
2013-10-16 20:40:40,icdg10u0q_flt.fits,F125W,10,129.0,0,0,29.663755,15.8975830078125,8.265274047851562,129.19755554199222,222.0925445556641,2.0,1.0016599893569946,0.01887350715696812,1.4725664854049685,8149.2080078125,21.14095687866211,1.4769312143325806,1.4179617166519165,128.998354321,222.003303869
2013-10-16 20:41:28,icdg10u1q_flt.fits,F125W,10,129.0,0,0,29.663755,15.903305053710938,8.269996643066406,129.18698120117188,222.10025024414062,2.0,1.00177001953125,0.05472538247704506,1.4736509323120115,8138.1435546875,21.13813591003418,1.4602329730987549,1.4090063571929932,128.998353286,222.003313524
2013-10-16 20:42:16,icdg10u2q_flt.fits,F125W,10,129.0,0,0,29.663755,15.895004272460938,8.270843505859375,129.18606567382812,222.09625244140625,2.0,1.0009999275207522,0.04434890300035477,1.4753135442733765,8172.5712890625,21.174768447875977,1.4648926258087158,1.420951247215271,128.99835171,222.003328237
2013-10-16 20:43:04,icdg10u3q_flt.fits,F125W,10,129.0,0,0,29.663755,15.895721435546875,8.260429382324219,129.18264770507812,222.09788513183597,2.0,1.0009999275207522,0.051511816680431366,1.472704529762268,8170.96875,21.159061431884766,1.4553508758544922,1.408658504486084,128.998349595,222.003347969
2013-10-16 20:43:58,icdg10u4q_flt.fits,F160W,10,129.0,0,1,14.970785000000001,15.991004943847654,8.310165405273438,129.11076354980472,222.27322387695312,10.0,1.0041900873184204,0.1120154932141304,2.111419439315796,8385.2177734375,30.235271453857425,1.3918431997299194,1.5208646059036257,128.996635209,222.000336923
2013-10-16 20:44:31,icdg10u5q_flt.fits,F160W,10,129.0,0,1,14.970785000000001,15.977294921875,8.298324584960938,129.10966491699222,222.2737274169922,10.0,1.0046300888061523,0.09474729746580124,2.1222777366638184,8352.0908203125,30.25904655456543,1.3988035917282104,1.5284152030944824,128.996633095,222.000356645
2013-10-16 20:45:04,icdg10u6q_flt.fits,F160W,10,129.0,0,1,14.970785000000001,15.97906494140625,8.304336547851562,129.10209655761722,222.27659606933597,10.0,1.0012199878692627,0.0890214741230011,2.0748934745788574,8348.98828125,29.99345779418945,1.3984650373458862,1.5268352031707764,128.996630736,222.000378655
2013-10-16 20:45:37,icdg10u7q_flt.fits,F160W,10,129.0,0,1,14.970785000000001,15.993927001953125,8.299659729003906,129.10629272460938,222.2769775390625,10.0,1.004520058631897,0.09086525440216063,2.0697774887084956,8324.748046875,29.93834114074707,1.4031293392181396,1.5340173244476318,128.996628134,222.000402935
2013-10-16 20:46:10,icdg10u8q_flt.fits,F160W,10,129.0,0,1,14.970785000000001,15.967140197753904,8.293815612792969,129.10331726074222,222.27256774902344,10.0,1.001439929008484,0.09445847570896147,2.082653522491455,8366.103515625,30.05516624450684,1.400146722793579,1.526650309562683,128.996625293,222.000429443
2013-10-16 20:46:49,icdg10u9q_flt.fits,F125W,10,129.0,0,2,29.663755,15.88555145263672,8.264884948730469,129.18185424804688,222.1064910888672,2.0,1.0012199878692627,0.041295669972896576,1.4919267892837524,8164.35107421875,21.260498046875,1.4641478061676023,1.425944447517395,128.99833273,222.003505357
2013-10-16 20:47:37,icdg10uaq_flt.fits,F125W,10,129.0,0,2,29.663755,15.901611328125,8.276473999023438,129.17790222167972,222.10235595703125,2.0,1.001439929008484,0.05006905645132065,1.480541110038757,8153.91064453125,21.188888549804688,1.4595694541931152,1.4243810176849363,128.998327712,222.00355218
2013-10-16 20:48:25,icdg10ubq_flt.fits,F125W,10,129.0,0,2,29.663755,15.89434051513672,8.279220581054688,129.17544555664062,222.1065368652344,2.0,1.0012199878692627,0.002558747073635459,1.4998379945755005,8202.8388671875,21.33509063720703,1.45220148563385,1.42553973197937,128.998322224,222.003603397
2013-10-16 20:49:13,icdg10ucq_flt.fits,F125W,10,129.0,0,2,29.663755,15.882339477539062,8.249313354492188,129.17768859863278,222.1005096435547,2.0,0.999459981918335,0.051490522921085365,1.4663392305374146,8181.3232421875,21.13218307495117,1.4533530473709106,1.4243485927581787,128.99831628,222.003658867
2013-10-16 20:50:07,icdg10udq_flt.fits,F160W,10,129.0,0,3,14.970785000000001,15.990684509277346,8.313217163085938,129.1031494140625,222.2756500244141,10.0,1.0016599893569946,0.058796554803848274,2.049259185791016,8373.84765625,29.88096046447754,1.3938226699829102,1.5273429155349731,128.996598256,222.000681692
2013-10-16 20:50:40,icdg10ueq_flt.fits,F160W,10,129.0,0,3,14.970785000000001,15.973236083984375,8.298835754394531,129.09683227539062,222.28419494628903,10.0,1.0030900239944458,0.03475181758403778,2.007281541824341,8365.1279296875,29.643970489501953,1.3935348987579346,1.5449368953704834,128.99659363,222.00072485
2013-10-16 20:51:13,icdg10ufq_flt.fits,F160W,10,129.0,0,3,14.970785000000001,15.97064971923828,8.300605773925781,129.09791564941406,222.28121948242188,10.0,1.0035300254821775,0.059012595564126975,2.064659118652344,8357.6396484375,29.946962356567386,1.389307737350464,1.5298810005187988,128.996588808,222.000769836
2013-10-16 20:51:46,icdg10ugq_flt.fits,F160W,10,129.0,0,3,14.970785000000001,15.97809600830078,8.322868347167969,129.09877014160156,222.27626037597656,10.0,1.0027600526809692,0.028758853673934937,2.0810225009918213,8345.0078125,30.02273368835449,1.3957147598266602,1.5386523008346558,128.996583799,222.000816569
2013-10-16 20:52:19,icdg10uhq_flt.fits,F160W,10,129.0,0,3,14.970785000000001,15.958839416503904,8.32830810546875,129.10629272460938,222.2790679931641,10.0,1.0006699562072754,0.08772774785757065,2.0827608108520512,8365.01171875,30.05454444885254,1.3925153017044067,1.540354609489441,128.996578612,222.000864964
2013-10-16 20:52:58,icdg10uiq_flt.fits,F125W,10,129.0,0,4,29.663755,15.926910400390625,8.301719665527344,129.17449951171878,222.107421875,2.0,0.9996799826622008,0.05087796971201897,1.434647798538208,8165.962890625,20.946352005004886,1.4543505907058716,1.4330389499664309,128.998282865,222.003970693
2013-10-16 20:53:46,icdg10ujq_flt.fits,F125W,10,129.0,0,4,29.663755,15.914390563964846,8.299842834472656,129.17280578613278,222.10708618164062,2.0,1.000890016555786,0.02676775120198727,1.4644498825073242,8190.986328125,21.12948608398437,1.448444128036499,1.4309335947036743,128.998274677,222.004047106
2013-10-16 20:54:34,icdg10ukq_flt.fits,F125W,10,129.0,0,4,29.663755,15.891448974609375,8.276161193847656,129.174072265625,222.1094665527344,2.0,1.00177001953125,0.026957707479596138,1.4674460887908936,8201.4111328125,21.154296875,1.4500877857208252,1.4280617237091064,128.998266165,222.004126543
2013-10-16 20:55:22,icdg10ulq_flt.fits,F125W,10,129.0,0,4,29.663755,15.87738037109375,8.274551391601562,129.17250061035156,222.11019897460938,2.0,1.0012199878692627,0.039308127015829086,1.4639723300933838,8198.5205078125,21.13286781311035,1.4481762647628784,1.4306802749633791,128.998257352,222.004208785
2013-10-16 20:56:16,icdg10umq_flt.fits,F160W,10,129.0,0,5,14.970785000000001,15.983802795410154,8.330253601074219,129.09571838378906,222.2804412841797,10.0,1.0016599893569946,0.03446965292096138,2.0987806320190434,8350.83203125,30.1272087097168,1.386897087097168,1.5289791822433472,128.996536685,222.001256145
2013-10-16 20:56:49,icdg10unq_flt.fits,F160W,10,129.0,0,5,14.970785000000001,15.981582641601562,8.316978454589844,129.10108947753906,222.28094482421875,10.0,1.0015499591827393,0.07771410048007965,2.062772512435913,8424.1259765625,30.01071929931641,1.3950226306915283,1.5455787181854248,128.996530291,222.0013158
2013-10-16 20:57:22,icdg10uoq_flt.fits,F160W,10,129.0,0,5,14.970785000000001,15.969131469726562,8.324722290039062,129.102783203125,222.2832489013672,10.0,1.0002299547195437,0.03736208751797676,2.132415771484375,8372.0859375,30.33762168884277,1.3883860111236572,1.545931100845337,128.996523786,222.00137649
2013-10-16 20:57:55,icdg10upq_flt.fits,F160W,10,129.0,0,5,14.970785000000001,15.978713989257812,8.339302062988281,129.10345458984378,222.29034423828125,10.0,1.0025399923324585,0.014705424197018147,2.03005599975586,8380.5244140625,29.78415870666504,1.3944774866104126,1.5556374788284302,128.996517182,222.001438102
2013-10-16 20:58:28,icdg10uqq_flt.fits,F160W,10,129.0,0,5,14.970785000000001,15.986068725585938,8.325775146484375,129.10099792480472,222.286376953125,10.0,1.0037500858306885,0.05594292283058167,2.08089017868042,8400.8828125,30.0841007232666,1.4007192850112915,1.5621453523635864,128.996510485,222.001500588
2013-10-16 20:59:07,icdg10urq_flt.fits,F125W,10,129.0,0,6,29.663755,15.921310424804688,8.293296813964844,129.17787170410156,222.1102600097656,2.0,1.0012199878692627,0.056654028594493866,1.4479960203170776,8121.2451171875,20.98328399658203,1.459547758102417,1.4440008401870728,128.99821278,222.004624731
2013-10-16 20:59:55,icdg10usq_flt.fits,F125W,10,129.0,0,6,29.663755,15.906082153320312,8.307205200195312,129.19976806640622,222.08712768554688,2.0,1.0015499591827393,0.048655211925506585,1.4738903045654297,8191.3984375,21.181882858276367,1.478720784187317,1.4325727224349976,128.998202741,222.004718411
2013-10-16 21:00:43,icdg10utq_flt.fits,F125W,10,129.0,0,6,29.663755,15.885467529296875,8.338638305664062,129.15975952148438,222.14495849609372,2.0,0.999459981918335,-0.0010602570837363599,1.4786878824234009,8160.89306640625,21.18416404724121,1.4375324249267578,1.4505703449249268,128.998192577,222.004813262
2013-10-16 21:01:31,icdg10uuq_flt.fits,F125W,10,129.0,0,6,29.663755,15.917465209960938,8.311454772949219,129.20652770996094,222.1024932861328,2.0,1.0012199878692627,0.02643642760813236,1.4698565006256104,8156.31201171875,21.131643295288086,1.484835505485535,1.4423606395721436,128.998182316,222.004909021
2013-10-16 21:02:25,icdg10uvq_flt.fits,F160W,10,129.0,0,7,14.970785000000001,15.979957580566404,8.330078125,129.10102844238278,222.3131866455078,10.0,0.9996799826622008,0.001551860012114048,2.038533926010132,8385.21875,29.83536720275879,1.3958901166915894,1.5870767831802368,128.996460422,222.00196767
2013-10-16 21:02:58,icdg10uwq_flt.fits,F160W,10,129.0,0,7,14.970785000000001,15.99005126953125,8.3306884765625,129.11123657226562,222.30088806152344,10.0,1.0037500858306885,0.003543032566085458,2.094187498092652,8387.708984375,30.1427001953125,1.397969365119934,1.5646854639053345,128.996453292,222.002034191
2013-10-16 21:03:31,icdg10uxq_flt.fits,F160W,10,129.0,0,7,14.970785000000001,15.993659973144533,8.3551025390625,129.10554504394528,222.3068084716797,10.0,1.001109957695007,0.008945816196501255,2.061596632003784,8350.0068359375,29.92168426513672,1.397015929222107,1.5794820785522459,128.996446155,222.002100776
2013-10-16 21:04:04,icdg10uyq_flt.fits,F160W,10,129.0,0,7,14.970785000000001,15.980148315429688,8.352798461914062,129.10606384277344,222.3113250732422,10.0,1.0023199319839478,-0.0010969786671921609,2.0353262424468994,8331.35546875,29.757577896118164,1.400571584701538,1.5754635334014893,128.996439017,222.002167369
2013-10-16 21:04:37,icdg10uzq_flt.fits,F160W,10,129.0,0,7,14.970785000000001,15.98711395263672,8.351982116699219,129.11064147949222,222.30398559570312,10.0,1.0016050338745115,0.020700477063655853,2.087111234664917,8405.833984375,30.123798370361328,1.4010605812072754,1.5724776983261108,128.996431885,222.002233916
2013-10-16 21:05:16,icdg10v0q_flt.fits,F125W,10,129.0,0,8,29.663755,15.903083801269533,8.315185546875,129.18563842773438,222.13331604003903,2.0,1.0022100210189822,0.026056725531816486,1.4673740863800049,8147.51318359375,21.110910415649414,1.4627554416656494,1.4575746059417725,128.998133764,222.0053621
2013-10-16 21:06:04,icdg10v1q_flt.fits,F125W,10,129.0,0,8,29.663755,15.913345336914062,8.306831359863281,129.18145751953122,222.13311767578125,2.0,1.0005600452423096,0.02785938605666161,1.4452660083770752,8178.58203125,21.01436996459961,1.4589664936065674,1.4531461000442505,128.998123491,222.005457971
2013-10-16 21:06:52,icdg10v2q_flt.fits,F125W,10,129.0,0,8,29.663755,15.926383972167967,8.321037292480469,129.18121337890622,222.13699340820312,2.0,0.9988000392913818,0.04234600439667702,1.465660810470581,8198.697265625,21.14230155944824,1.4452998638153076,1.4402729272842407,128.998113311,222.005552973
2013-10-16 21:07:40,icdg10v3q_flt.fits,F125W,10,129.0,0,8,29.663755,15.94921875,8.332260131835938,129.18144226074222,222.13233947753903,2.0,1.0029799938201904,0.0632782131433487,1.4437395334243774,8164.5146484375,20.9947452545166,1.4631658792495728,1.4539905786514282,128.998103252,222.005646843
2013-10-16 21:08:34,icdg10v4q_flt.fits,F160W,10,129.0,0,9,14.970785000000001,15.995834350585938,8.361198425292969,129.10868835449222,222.31773376464844,10.0,1.000890016555786,-0.0011521960841491818,2.0414745807647705,8329.5673828125,29.789003372192386,1.3954623937606812,1.5927852392196655,128.996381745,222.002701711
2013-10-16 21:09:07,icdg10v5q_flt.fits,F160W,10,129.0,0,9,14.970785000000001,15.98223114013672,8.337577819824219,129.10836791992188,222.3236389160156,10.0,1.0012199878692627,0.057691872119903564,2.0502481460571294,8266.4765625,29.766115188598636,1.4072264432907104,1.6081693172454834,128.996375029,222.002764369
2013-10-16 21:09:40,icdg10v6q_flt.fits,F160W,10,129.0,0,9,14.970785000000001,16.016975402832028,8.374443054199219,129.11383056640622,222.3371124267578,10.0,1.0037500858306885,0.02090555801987648,2.0823373794555664,8398.8203125,30.089763641357425,1.4111865758895874,1.6153398752212524,128.996368405,222.002826171
2013-10-16 21:10:13,icdg10v7q_flt.fits,F160W,10,129.0,0,9,14.970785000000001,16.005844116210938,8.360183715820312,129.10067749023438,222.3213195800781,10.0,1.0013300180435178,-0.005102969706058502,2.1182336807250977,8352.505859375,30.23699188232422,1.3924401998519895,1.5961662530899048,128.996361878,222.002887066
2013-10-16 21:10:46,icdg10v8q_flt.fits,F160W,10,129.0,0,9,14.970785000000001,16.007270812988278,8.361892700195312,129.12022399902344,222.3249664306641,10.0,1.0027600526809692,0.036523990333080285,2.0643296241760254,8353.8173828125,29.94089508056641,1.4039721488952637,1.6042138338088991,128.99635546,222.002946946
2013-10-16 21:11:25,icdg10v9q_flt.fits,F125W,10,129.0,0,10,29.663755,15.926719665527346,8.3162841796875,129.187744140625,222.1399688720703,2.0,1.0009999275207522,0.04335439577698708,1.4633783102035522,8183.1513671875,21.11733627319336,1.4625802040100098,1.4601962566375732,128.998058523,222.006064255
2013-10-16 21:12:13,icdg10vaq_flt.fits,F125W,10,129.0,0,10,29.663755,15.960037231445312,8.348159790039062,129.18536376953122,222.1460266113281,2.0,0.9995700120925904,0.08535551279783249,1.4642454385757446,8190.79931640625,21.128210067749023,1.4608211517333984,1.4631688594818115,128.998049666,222.006146905
2013-10-16 21:13:01,icdg10vbq_flt.fits,F125W,10,129.0,0,10,29.663755,15.94287109375,8.331741333007812,129.20210266113278,222.1684417724609,2.0,1.0030900239944458,0.062433574348688126,1.4754619598388672,8163.58984375,21.168439865112305,1.5036715269088743,1.5039101839065552,128.998041106,222.006226787
2013-10-16 21:13:49,icdg10vcq_flt.fits,F125W,10,129.0,0,10,29.663755,15.934738159179688,8.330665588378906,129.18692016601562,222.14215087890625,2.0,0.9995700120925904,0.0747508853673935,1.44782292842865,8444.3544921875,21.24030876159668,1.4356082677841189,1.430572271347046,128.998032866,222.00630368
2013-10-16 21:14:43,icdg10vdq_flt.fits,F160W,10,129.0,0,11,14.970785000000001,15.968299865722654,8.328987121582031,129.12120056152344,222.34420776367188,10.0,1.0005600452423096,0.00469835102558136,2.070204496383667,8436.04296875,30.06457710266113,1.4260498285293581,1.6298617124557495,128.996313307,222.003340235
2013-10-16 21:15:16,icdg10veq_flt.fits,F160W,10,129.0,0,11,14.970785000000001,16.01898193359375,8.370079040527344,129.11614990234378,222.3422393798828,10.0,1.0030900239944458,0.07882393151521683,2.105039358139038,8373.267578125,30.18670082092285,1.4001308679580688,1.6248627901077268,128.996308081,222.003388991
2013-10-16 21:15:49,icdg10vfq_flt.fits,F160W,10,129.0,0,11,14.970785000000001,16.014663696289062,8.372581481933594,129.11827087402344,222.3380584716797,10.0,1.0035851001739502,0.039812743663787835,2.0452182292938232,8293.619140625,29.76908874511719,1.417139768600464,1.6223384141921997,128.996303031,222.003436102
2013-10-16 21:16:22,icdg10vgq_flt.fits,F160W,10,129.0,0,11,14.970785000000001,16.010879516601562,8.382049560546875,129.12335205078122,222.3419647216797,10.0,1.0041900873184204,0.052886344492435455,2.0708398818969727,8480.6845703125,30.11759948730469,1.4098051786422732,1.609766721725464,128.996298168,222.00348148
2013-10-16 21:16:55,icdg10vhq_flt.fits,F160W,10,129.0,0,11,14.970785000000001,15.995651245117188,8.385513305664062,129.12265014648438,222.365966796875,10.0,1.0037500858306885,0.018363673239946362,2.1041853427886963,8487.2314453125,30.307819366455078,1.4060044288635254,1.6659785509109497,128.996293498,222.003525048
2013-10-16 21:17:34,icdg10viq_flt.fits,F125W,10,129.0,0,12,29.663755,15.920379638671875,8.308494567871094,129.189697265625,222.1498107910156,2.0,1.0016599893569946,0.05691009014844895,1.4692258834838867,8214.2080078125,21.17429542541504,1.4708338975906372,1.4681357145309448,128.997999159,222.006618234
2013-10-16 21:18:22,icdg10vjq_flt.fits,F125W,10,129.0,0,12,29.663755,15.918716430664062,8.331764221191406,129.18182373046878,222.15591430664062,2.0,1.0030900239944458,0.06338268518447876,1.4946600198745728,8252.892578125,21.34577178955078,1.458728313446045,1.4791865348815918,128.997993143,222.006674382
2013-10-16 21:19:10,icdg10vkq_flt.fits,F125W,10,129.0,0,12,29.663755,15.96435546875,8.347610473632812,129.18916320800778,222.15060424804688,2.0,1.00177001953125,0.05895787104964256,1.4579598903656006,8380.5771484375,21.244768142700195,1.4521362781524658,1.4503827095031738,128.997987578,222.006726307
2013-10-16 21:19:58,icdg10vlq_flt.fits,F125W,10,129.0,0,12,29.663755,15.946212768554688,8.353225708007812,129.19207763671878,222.16552734375,2.0,1.00457501411438,0.07945157587528229,1.455071210861206,8144.08935546875,21.04042625427246,1.487928032875061,1.4954566955566406,128.997982482,222.006773867
2013-10-16 22:16:17,icdg11vnq_flt.fits,F125W,11,101.0,0,0,29.663755,0.0406036376953125,-0.0729827880859375,94.8155517578125,208.061279296875,5.0,1.0029799938201904,-0.045991864055395126,1.7133111953735352,8236.2685546875,22.60065460205078,1.3345253467559814,1.3501430749893188,174.172435543,215.799673074
2013-10-16 22:17:05,icdg11voq_flt.fits,F125W,11,101.0,0,0,29.663755,0.03948211669921875,-0.061798095703125,94.81600952148438,208.0630340576172,5.0,1.0032000541687012,0.00930339191108942,1.6926017999649048,8242.76171875,22.481250762939453,1.3262395858764648,1.3483150005340576,174.17243968,215.799681972
2013-10-16 22:17:53,icdg11vpq_flt.fits,F125W,11,101.0,0,0,29.663755,0.01715087890625,-0.070098876953125,94.81721496582031,208.05825805664062,5.0,1.0032000541687012,0.02115721255540848,1.7007983922958374,8263.302734375,22.54568862915039,1.3259401321411133,1.347087860107422,174.172445995,215.799695555
2013-10-16 22:18:41,icdg11vqq_flt.fits,F125W,11,101.0,0,0,29.663755,0.03353118896484375,-0.0646514892578125,94.8198471069336,208.0581817626953,5.0,1.0046300888061523,0.008447847329080105,1.70538592338562,8207.9970703125,22.53185844421387,1.3187333345413208,1.344721436500549,174.172454472,215.799713788
2013-10-16 22:19:35,icdg11vrq_flt.fits,F160W,11,101.0,0,1,14.970785000000001,0.0687103271484375,-0.010894775390625,94.7107925415039,208.2096710205078,13.0,1.0009999275207522,0.018971102312207225,2.208003044128418,8360.9052734375,30.75192832946777,1.5317542552947998,1.4994224309921265,174.170653293,215.797117387
2013-10-16 22:20:08,icdg11vsq_flt.fits,F160W,11,101.0,0,1,14.970785000000001,0.07024383544921875,-0.0159454345703125,94.71495056152344,208.2170867919922,13.0,0.9950600266456604,-0.0014384315581992269,2.1650335788726807,8361.7783203125,30.50926971435547,1.53096342086792,1.4914973974227903,174.170661772,215.797135624
2013-10-16 22:20:41,icdg11vtq_flt.fits,F160W,11,101.0,0,1,14.970785000000001,0.06864166259765625,-0.0028533935546875,94.71412658691406,208.2108917236328,13.0,0.9986900091171264,-0.02061686664819717,2.238856315612793,8405.603515625,30.9768180847168,1.5240556001663208,1.4909590482711792,174.170671241,215.79715599
2013-10-16 22:21:14,icdg11vuq_flt.fits,F160W,11,101.0,0,1,14.970785000000001,0.07802581787109375,-0.0196380615234375,94.70735168457031,208.2057647705078,13.0,0.9931899905204772,-0.013637032359838486,2.134070634841919,8407.421875,30.385725021362305,1.5350347757339478,1.4909602403640747,174.170681683,215.797178451
2013-10-16 22:21:47,icdg11vvq_flt.fits,F160W,11,101.0,0,1,14.970785000000001,0.07366943359375,-0.0160980224609375,94.7218017578125,208.2049560546875,13.0,0.9953899979591371,0.01795320212841034,2.169269323348999,8331.908203125,30.50046539306641,1.5284559726715088,1.4892654418945312,174.17069308,215.797202964
2013-10-16 22:22:26,icdg11vwq_flt.fits,F125W,11,101.0,0,2,29.663755,0.04164886474609375,-0.0703277587890625,94.81590270996094,208.0616455078125,5.0,1.0033100843429563,-0.035024240612983704,1.700043797492981,8265.0478515625,22.54247283935547,1.3188682794570925,1.350582480430603,174.172522151,215.799859351
2013-10-16 22:23:14,icdg11vxq_flt.fits,F125W,11,101.0,0,2,29.663755,0.0478363037109375,-0.0404815673828125,94.82171630859376,208.0619354248047,5.0,1.0024299621582031,-0.025691311806440357,1.737954020500183,8296.4130859375,22.794116973876953,1.3139890432357788,1.341666579246521,174.172542297,215.799902681
2013-10-16 22:24:02,icdg11vyq_flt.fits,F125W,11,101.0,0,2,29.663755,0.04278564453125,-0.060699462890625,94.82405090332031,208.0599365234375,5.0,1.0027600526809692,-0.01585632562637329,1.7295796871185305,8301.361328125,22.74714088439941,1.3172085285186768,1.3469096422195437,174.172564336,215.799950083
2013-10-16 22:24:50,icdg11vzq_flt.fits,F125W,11,101.0,0,2,29.663755,0.03800201416015625,-0.0650482177734375,94.82424926757812,208.0601348876953,5.0,1.002869963645935,0.014433564618229866,1.7131136655807495,8300.4697265625,22.647296905517575,1.3109618425369265,1.337857007980347,174.172588208,215.800001426
2013-10-16 22:25:44,icdg11w0q_flt.fits,F160W,11,101.0,0,3,14.970785000000001,0.077301025390625,-0.0148773193359375,94.72421264648438,208.21153259277344,13.0,0.9923099875450134,-0.01206743810325861,2.21397066116333,8390.046875,30.817583084106445,1.5102396011352541,1.4996538162231443,174.170801624,215.797436424
2013-10-16 22:26:17,icdg11w1q_flt.fits,F160W,11,101.0,0,3,14.970785000000001,0.0597076416015625,-0.010711669921875,94.72225952148438,208.2115020751953,13.0,0.9931899905204772,-0.010914613492786884,2.1447076797485347,8392.4970703125,30.428773880004886,1.5120511054992676,1.4883650541305542,174.170820209,215.797476397
2013-10-16 22:26:50,icdg11w2q_flt.fits,F160W,11,101.0,0,3,14.970785000000001,0.07501983642578125,-0.0093536376953125,94.73011016845705,208.21160888671875,13.0,0.9914299845695496,0.0006827952456660569,2.135148286819458,8397.3408203125,30.380657196044922,1.498583197593689,1.487273097038269,174.170839573,215.797518045
2013-10-16 22:27:23,icdg11w3q_flt.fits,F160W,11,101.0,0,3,14.970785000000001,0.075592041015625,-0.0162811279296875,94.71652221679688,208.20982360839844,13.0,0.99726003408432,-0.030234195291996,2.1754462718963623,8442.3115234375,30.655902862548828,1.5116071701049805,1.494393825531006,174.170859679,215.797561291
2013-10-16 22:27:56,icdg11w4q_flt.fits,F160W,11,101.0,0,3,14.970785000000001,0.067626953125,0.0060272216796875,94.71927642822266,208.20591735839844,13.0,0.9914299845695496,-0.0433608777821064,2.217758178710937,8361.208984375,30.80795669555664,1.5210626125335691,1.488444447517395,174.170880512,215.797606097
2013-10-16 22:28:35,icdg11w5q_flt.fits,F125W,11,101.0,0,4,29.663755,0.04000091552734375,-0.0578155517578125,94.82742309570312,208.06239318847656,5.0,1.0027600526809692,-0.0058086845092475406,1.7252459526062012,8185.70947265625,22.635028839111328,1.316299557685852,1.349755883216858,174.172722431,215.800290114
2013-10-16 22:29:23,icdg11w6q_flt.fits,F125W,11,101.0,0,4,29.663755,0.06097412109375,-0.0702056884765625,94.82626342773438,208.060791015625,5.0,1.0033100843429563,0.0017715571448206902,1.7318919897079468,8267.6630859375,22.73613929748535,1.3111813068389893,1.3483407497406006,174.172755327,215.800360867
2013-10-16 22:30:11,icdg11w7q_flt.fits,F125W,11,101.0,0,4,29.663755,0.02791595458984375,-0.0722503662109375,94.82594299316406,208.05718994140625,5.0,1.001109957695007,-0.01692190021276474,1.7448893785476685,8247.4111328125,22.79996109008789,1.3084436655044556,1.3434123992919922,174.172789527,215.800434424
2013-10-16 22:30:59,icdg11w8q_flt.fits,F125W,11,101.0,0,4,29.663755,0.0441436767578125,-0.0904083251953125,94.82649230957031,208.05714416503903,7.0,1.00177001953125,-0.018653323873877525,1.617320895195007,8159.94384765625,21.97327995300293,1.3125591278076172,1.34650719165802,174.172824936,215.800510582
2013-10-16 22:31:53,icdg11w9q_flt.fits,F160W,11,101.0,0,5,14.970785000000001,0.078094482421875,-0.018951416015625,94.7375259399414,208.2128448486328,13.0,0.9926400184631348,-0.02420657686889172,2.1826729774475098,8361.955078125,30.609119415283203,1.4840127229690552,1.4857950210571291,174.171048936,215.79796835
2013-10-16 22:32:26,icdg11waq_flt.fits,F160W,11,101.0,0,5,14.970785000000001,0.07569122314453125,-0.0047149658203125,94.73138427734376,208.2157440185547,13.0,0.9931899905204772,-0.011207299306988716,2.186200857162476,8388.3232421875,30.657848358154297,1.5026602745056152,1.488128662109375,174.171074622,215.798023597
2013-10-16 22:32:59,icdg11wbq_flt.fits,F160W,11,101.0,0,5,14.970785000000001,0.09247589111328124,-0.0234375,94.72813415527344,208.21463012695312,13.0,0.9933000206947328,-0.03431794047355652,2.184408664703369,8384.638671875,30.64368438720703,1.4967364072799685,1.4972581863403318,174.171100741,215.798079774
2013-10-16 22:33:32,icdg11wcq_flt.fits,F160W,11,101.0,0,5,14.970785000000001,0.07662200927734375,-0.0155029296875,94.7321319580078,208.211181640625,13.0,0.9947299957275392,-0.030506795272231105,2.205272674560547,8398.30078125,30.77696990966797,1.505343317985535,1.4891064167022705,174.171127271,215.798136836
2013-10-16 22:34:05,icdg11wdq_flt.fits,F160W,11,101.0,0,5,14.970785000000001,0.08266448974609375,-0.0330963134765625,94.73673248291016,208.2124786376953,15.0,0.994949996471405,-0.025669585913419724,2.1353094577789307,8346.3173828125,30.32541465759277,1.4927257299423218,1.4935274124145508,174.17115419,215.798194735
2013-10-16 22:34:44,icdg11weq_flt.fits,F125W,11,101.0,0,6,29.663755,0.05547332763671875,-0.0715179443359375,94.82769775390624,208.05908203125,5.0,1.0033100843429563,-0.044626396149396896,1.7350963354110718,8256.576171875,22.7473201751709,1.3083314895629885,1.352776288986206,174.173004039,215.800895796
2013-10-16 22:35:32,icdg11wfq_flt.fits,F125W,11,101.0,0,6,29.663755,0.0497589111328125,-0.053375244140625,94.84790802001952,208.0395812988281,5.0,1.0033100843429563,0.0029157858807593584,1.7318762540817259,8246.447265625,22.72031021118164,1.2980159521102903,1.3404232263565063,174.173044381,215.800982563
2013-10-16 22:36:20,icdg11wgq_flt.fits,F125W,11,101.0,0,6,29.663755,0.0384674072265625,0.01787567138671875,94.8223648071289,208.0831756591797,5.0,1.00177001953125,-0.007284102961421013,1.736829400062561,8240.1943359375,22.74568748474121,1.3178250789642334,1.3621503114700315,174.173085228,215.801070417
2013-10-16 22:37:08,icdg11whq_flt.fits,F125W,11,101.0,0,6,29.663755,0.0631103515625,-0.05242919921875,94.8524932861328,208.04676818847656,5.0,1.002650022506714,-0.0778481513261795,1.7520605325698853,8250.1630859375,22.84562873840332,1.2913891077041626,1.3323708772659302,174.173126467,215.801159114
2013-10-16 22:38:02,icdg11wiq_flt.fits,F160W,11,101.0,0,7,14.970785000000001,0.0835418701171875,0.01976776123046875,94.7359390258789,208.22320556640625,13.0,0.9936299920082092,-0.049153316766023636,2.2420666217803955,8350.56640625,30.935894012451172,1.4940468072891235,1.5004239082336426,174.171355335,215.798627364
2013-10-16 22:38:35,icdg11wjq_flt.fits,F160W,11,101.0,0,7,14.970785000000001,0.1092987060546875,0.00238800048828125,94.74394989013672,208.22689819335938,13.0,0.991100013256073,-0.07439664006233215,2.2040905952453613,8431.84765625,30.80663681030273,1.488594889640808,1.4873615503311155,174.17138397,215.798688954
2013-10-16 22:39:08,icdg11wkq_flt.fits,F160W,11,101.0,0,7,14.970785000000001,0.09233856201171876,0.00482940673828125,94.74236297607422,208.23123168945312,13.0,0.9900000095367432,-0.05978794768452644,2.176036834716797,8369.328125,30.57962226867676,1.5002228021621704,1.5044965744018557,174.171412647,215.798750633
2013-10-16 22:39:41,icdg11wlq_flt.fits,F160W,11,101.0,0,7,14.970785000000001,0.10987091064453124,0.01251983642578125,94.7464828491211,208.2314758300781,13.0,0.9900000095367432,-0.048421986401081085,2.199751377105713,8395.8583984375,30.742919921875,1.4871121644973757,1.49822735786438,174.171441342,215.798812352
2013-10-16 22:40:14,icdg11wmq_flt.fits,F160W,11,101.0,0,7,14.970785000000001,0.0984954833984375,0.01619720458984375,94.74507904052734,208.2327423095703,13.0,0.9900000095367432,-0.03828929364681244,2.201620578765869,8376.78125,30.732818603515625,1.4939955472946167,1.5132770538330078,174.171470005,215.798874
2013-10-16 22:40:53,icdg11wnq_flt.fits,F125W,11,101.0,0,8,29.663755,0.08802032470703125,-0.0367431640625,94.85179901123048,208.075439453125,5.0,1.001439929008484,-0.06589376926422119,1.7931180000305176,8252.3076171875,23.09881401062012,1.3030905723571775,1.3453212976455688,174.173321634,215.801578879
2013-10-16 22:41:41,icdg11woq_flt.fits,F125W,11,101.0,0,8,29.663755,0.0860595703125,0.006866455078125,94.8454818725586,208.07862854003903,5.0,1.001439929008484,-0.008657979778945446,1.7602925300598145,8280.2724609375,22.91798591613769,1.3038702011108398,1.346421480178833,174.173362928,215.801667695
2013-10-16 22:42:29,icdg11wpq_flt.fits,F125W,11,101.0,0,8,29.663755,0.08185577392578125,-0.0342254638671875,94.85037994384766,208.0842437744141,5.0,1.0029799938201904,-0.058357637375593185,1.7200982570648191,8263.029296875,22.661474227905273,1.3003674745559692,1.3344755172729492,174.173403849,215.801755708
2013-10-16 22:43:17,icdg11wqq_flt.fits,F125W,11,101.0,0,8,29.663755,0.0869598388671875,-0.0326385498046875,94.85395050048828,208.07748413085938,5.0,1.0016599893569946,0.013800501823425293,1.7283227443695068,8247.208984375,22.69937515258789,1.3030694723129272,1.3426371812820437,174.173444285,215.801842676
2013-10-16 22:44:11,icdg11wrq_flt.fits,F160W,11,101.0,0,9,14.970785000000001,0.1023712158203125,0.026153564453125,94.75302124023438,208.2354431152344,13.0,0.9944000244140624,-0.044063106179237366,2.16529393196106,8375.2841796875,30.5255184173584,1.477141499519348,1.501532793045044,174.171671488,215.799307357
2013-10-16 22:44:44,icdg11wsq_flt.fits,F160W,11,101.0,0,9,14.970785000000001,0.11922454833984375,0.0303497314453125,94.7551498413086,208.23963928222656,13.0,0.9923099875450134,0.003064034739509225,2.189857721328736,8452.443359375,30.748292922973636,1.4793182611465454,1.5145297050476074,174.171698479,215.799365411
2013-10-16 22:45:17,icdg11wtq_flt.fits,F160W,11,101.0,0,9,14.970785000000001,0.13098907470703125,0.0238037109375,94.75225830078124,208.23239135742188,13.0,0.9931899905204772,0.01971873268485069,2.16928505897522,8329.880859375,30.498334884643555,1.492063283920288,1.506456732749939,174.171725116,215.799422702
2013-10-16 22:45:50,icdg11wuq_flt.fits,F160W,11,101.0,0,9,14.970785000000001,0.10245513916015624,0.025054931640625,94.7503890991211,208.23704528808597,13.0,0.9957199692726136,-0.03425595536828041,2.192920684814453,8310.7216796875,30.611391067504886,1.4951871633529663,1.5223968029022217,174.171751349,215.799479125
2013-10-16 22:46:23,icdg11wvq_flt.fits,F160W,11,101.0,0,9,14.970785000000001,0.1262664794921875,0.06948089599609375,94.75334930419922,208.2251434326172,13.0,0.9956099987030028,-0.025342384353280067,2.194445371627808,8419.611328125,30.73860740661621,1.4881247282028198,1.5008162260055542,174.171777133,215.799534583
2013-10-16 22:47:02,icdg11wwq_flt.fits,F125W,11,101.0,0,10,29.663755,0.08798980712890625,-0.027587890625,94.8642578125,208.0772247314453,5.0,1.0062800645828247,-0.026960760354995728,1.747516632080078,8254.9814453125,22.82152938842773,1.299497127532959,1.3357796669006348,174.173624078,215.802229377
2013-10-16 22:47:50,icdg11wxq_flt.fits,F125W,11,101.0,0,10,29.663755,0.09061431884765624,0.02135467529296875,94.8617935180664,208.0845947265625,5.0,1.0024299621582031,0.032424118369817734,1.766573429107666,8305.681640625,22.974985122680664,1.300408124923706,1.3451122045516968,174.173659688,215.802305965
2013-10-16 22:48:38,icdg11wyq_flt.fits,F125W,11,101.0,0,10,29.663755,0.086669921875,0.01686859130859375,94.86251831054688,208.0832977294922,5.0,1.0043001174926758,0.008974771946668625,1.7565960884094238,8267.701171875,22.886194229125977,1.29787278175354,1.3391923904418943,174.173694106,215.802379992
2013-10-16 22:49:26,icdg11wzq_flt.fits,F125W,11,101.0,0,10,29.663755,0.025054931640625,-0.1457672119140625,94.86711120605469,208.08676147460938,7.0,1.0013300180435178,0.03217533603310585,1.6522029638290403,8226.0537109375,22.22861862182617,1.2964850664138794,1.3430298566818235,174.173727238,215.802451252
2013-10-16 22:50:20,icdg11x0q_flt.fits,F160W,11,101.0,0,11,14.970785000000001,0.1342010498046875,0.0220794677734375,94.76969909667969,208.2650909423828,13.0,0.9946200251579284,0.0043178005144000045,2.207407236099243,8463.3544921875,30.859607696533203,1.4592325687408447,1.5412882566452026,174.171946584,215.799899044
2013-10-16 22:50:53,icdg11x1q_flt.fits,F160W,11,101.0,0,11,14.970785000000001,0.13177490234375,0.03729248046875,94.7679214477539,208.2412109375,13.0,0.9933000206947328,-0.005969074089080095,2.187750577926636,8422.826171875,30.704179763793945,1.4594681262969968,1.5067253112792969,174.171967604,215.799944255
2013-10-16 22:51:26,icdg11x2q_flt.fits,F160W,11,101.0,0,11,14.970785000000001,0.15468597412109375,0.0739593505859375,94.77803802490234,208.25308227539062,13.0,0.991979956626892,0.0003222808882128448,2.1911423206329346,8360.681640625,30.65575218200684,1.4562658071517944,1.5070751905441284,174.171987905,215.799987919
2013-10-16 22:51:59,icdg11x3q_flt.fits,F160W,11,101.0,0,11,14.970785000000001,0.1487884521484375,0.0381317138671875,94.7664031982422,208.2501373291016,13.0,0.9929699897766112,0.0002466122386977076,2.181160688400269,8370.9345703125,30.6103572845459,1.451225757598877,1.511400818824768,174.172007452,215.80002996
2013-10-16 22:52:32,icdg11x4q_flt.fits,F160W,11,101.0,0,11,14.970785000000001,0.12056732177734375,0.06911468505859375,94.76722717285156,208.23936462402344,13.0,0.995115041732788,-0.017488941550254822,2.2390117645263667,8402.3740234375,30.97422790527344,1.4648925065994265,1.5037723779678345,174.172026228,215.800070345
2013-10-16 22:53:11,icdg11x5q_flt.fits,F125W,11,101.0,0,12,29.663755,0.104736328125,0.014251708984375,94.87029266357422,208.0869903564453,5.0,1.0030900239944458,0.022717347368597984,1.7658247947692869,8250.7705078125,22.930086135864254,1.2968237400054932,1.3373795747756958,174.173862794,215.802742807
2013-10-16 22:53:59,icdg11x6q_flt.fits,F125W,11,101.0,0,12,29.663755,0.1180267333984375,0.00383758544921875,94.87338256835938,208.0853576660156,5.0,1.0062251091003418,0.06210947036743164,1.7637920379638672,8263.1982421875,22.926795959472656,1.294616937637329,1.3376346826553345,174.173886996,215.802794859
2013-10-16 22:54:47,icdg11x7q_flt.fits,F125W,11,101.0,0,12,29.663755,0.09421539306640624,0.01955413818359375,94.86913299560548,208.0948944091797,5.0,1.0049600601196291,0.026746304705739018,1.7481988668441772,8254.046875,22.824989318847656,1.2957655191421509,1.343809962272644,174.17390938,215.802843003
2013-10-16 22:55:35,icdg11x8q_flt.fits,F125W,11,101.0,0,12,29.663755,0.09474945068359376,0.0360107421875,94.87274169921876,208.0894012451172,5.0,1.0062800645828247,0.06341852247714996,1.7603105306625366,8240.6845703125,22.88896179199219,1.2943360805511477,1.3395918607711792,174.173929884,215.802887104
2013-10-16 23:51:55,icdg12xaq_flt.fits,F125W,12,129.0,0,0,29.663755,15.92108917236328,8.2747802734375,129.20611572265622,222.1000518798828,2.0,0.9988000392913818,0.07228419929742813,1.5140122175216677,8144.91552734375,21.36881256103516,1.4869852066040041,1.425487995147705,128.998354362,222.003303481
2013-10-16 23:52:43,icdg12xbq_flt.fits,F125W,12,129.0,0,0,29.663755,15.94586944580078,8.297576904296875,129.1971435546875,222.10134887695312,2.0,1.0023199319839478,0.0927181988954544,1.5035767555236816,8121.47412109375,21.29166412353516,1.4725557565689087,1.4160017967224119,128.998353327,222.003313141
2013-10-16 23:53:31,icdg12xcq_flt.fits,F125W,12,129.0,0,0,29.663755,15.9461669921875,8.299995422363281,129.20802307128906,222.113037109375,2.0,1.0034199953079224,0.08082742989063263,1.4826247692108154,8090.43310546875,21.149927139282227,1.5036935806274414,1.4403952360153198,128.99835175,222.003327862
2013-10-16 23:54:19,icdg12xdq_flt.fits,F125W,12,129.0,0,0,29.663755,15.911544799804688,8.279815673828125,129.19587707519528,222.1014404296875,2.0,1.001109957695007,0.10623157024383544,1.4740332365036009,8149.48828125,21.149295806884766,1.4688663482666016,1.4173781871795654,128.998349634,222.003347602
2013-10-16 23:55:13,icdg12xeq_flt.fits,F160W,12,129.0,0,1,14.970785000000001,15.996299743652346,8.306396484375,129.11862182617188,222.2724609375,10.0,1.0048500299453735,0.1177247017621994,2.11704421043396,8297.4580078125,30.169496536254886,1.3960672616958618,1.5172071456909182,128.996635248,222.000336559
2013-10-16 23:55:46,icdg12xfq_flt.fits,F160W,12,129.0,0,1,14.970785000000001,15.980194091796875,8.305030822753906,129.12210083007812,222.2772216796875,10.0,1.007930040359497,0.0875423327088356,2.118997812271118,8316.56640625,30.201526641845703,1.4069881439208984,1.5326507091522217,128.996633132,222.000356299
2013-10-16 23:56:19,icdg12xgq_flt.fits,F160W,12,129.0,0,1,14.970785000000001,15.997047424316404,8.313079833984375,129.11418151855472,222.27769470214844,10.0,1.0049600601196291,0.0928030014038086,2.108154535293579,8342.1015625,30.16947937011719,1.4009572267532349,1.5331491231918335,128.996630772,222.000378318
2013-10-16 23:56:52,icdg12xhq_flt.fits,F160W,12,129.0,0,1,14.970785000000001,15.996307373046875,8.307601928710938,129.11341857910156,222.2836456298828,10.0,1.0100001096725464,0.09605854749679564,2.117351531982422,8331.75,30.20914649963379,1.4054673910140991,1.5413326025009155,128.99662817,222.000402596
2013-10-16 23:57:25,icdg12xiq_flt.fits,F160W,12,129.0,0,1,14.970785000000001,15.99553680419922,8.306472778320312,129.11074829101562,222.2776031494141,10.0,1.0051800012588499,0.05013720318675041,2.0920143127441406,8375.3623046875,30.117023468017575,1.4037373065948486,1.5264852046966553,128.996625328,222.000429114
2013-10-16 23:58:04,icdg12xjq_flt.fits,F125W,12,129.0,0,2,29.663755,15.941635131835938,8.297248840332031,129.19061279296878,222.10752868652344,2.0,1.0032000541687012,0.05726521462202073,1.5007613897323608,8173.12353515625,21.316762924194336,1.4669476747512815,1.4266875982284546,128.998332765,222.00350503
2013-10-16 23:58:52,icdg12xkq_flt.fits,F125W,12,129.0,0,2,29.663755,15.902923583984375,8.284629821777344,129.19422912597656,222.108154296875,2.0,1.0032000541687012,0.07826612144708632,1.49772047996521,8119.77001953125,21.25750541687012,1.4671884775161743,1.4235985279083252,128.998327746,222.003551869
2013-10-16 23:59:40,icdg12xlq_flt.fits,F125W,12,129.0,0,2,29.663755,15.949996948242188,8.30511474609375,129.19046020507812,222.10433959960938,2.0,1.0025949478149414,0.07233916968107224,1.4614845514297483,8183.04541015625,21.10683250427246,1.464642882347107,1.429349660873413,128.998322255,222.003603105
2013-10-17 00:00:28,icdg12xmq_flt.fits,F125W,12,129.0,0,2,29.663755,15.94342041015625,8.302360534667969,129.19192504882812,222.1118621826172,2.0,1.0016599893569946,0.07361110299825667,1.4418269395828247,8094.80322265625,20.928232192993164,1.4711514711380005,1.4360275268554688,128.998316309,222.003658595
2013-10-17 00:01:22,icdg12xnq_flt.fits,F160W,12,129.0,0,3,14.970785000000001,15.991172790527346,8.297859191894531,129.12191772460938,222.28965759277344,10.0,1.0052900314331057,0.075367271900177,2.0642895698547363,8264.9599609375,29.841392517089844,1.4045454263687134,1.5483083724975586,128.996598279,222.000681482
2013-10-17 00:01:55,icdg12xoq_flt.fits,F160W,12,129.0,0,3,14.970785000000001,15.986457824707033,8.313552856445312,129.10438537597656,222.28414916992188,10.0,1.0029799938201904,0.050248786807060235,2.0549972057342534,8309.8115234375,29.84065246582031,1.3881242275238037,1.5380765199661257,128.996593651,222.000724658
2013-10-17 00:02:28,icdg12xpq_flt.fits,F160W,12,129.0,0,3,14.970785000000001,15.97808074951172,8.316246032714844,129.13137817382812,222.30923461914062,10.0,1.0005600452423096,0.07426249235868454,2.0769317150115967,8327.8232421875,29.981090545654297,1.4468581676483154,1.6013535261154177,128.996588829,222.00076964
2013-10-17 00:03:01,icdg12xqq_flt.fits,F160W,12,129.0,0,3,14.970785000000001,15.983596801757812,8.313018798828125,129.10893249511722,222.2801055908203,10.0,1.0036400556564329,0.07466821372509003,2.0568597316741943,8345.9033203125,29.891197204589844,1.39838969707489,1.5380735397338867,128.996583819,222.000816391
2013-10-17 00:03:34,icdg12xrq_flt.fits,F160W,12,129.0,0,3,14.970785000000001,15.988655090332033,8.317855834960938,129.10649108886722,222.2867584228516,10.0,1.002650022506714,0.08686508238315582,2.0647926330566406,8306.021484375,29.890071868896484,1.3939878940582275,1.5457010269165041,128.996578627,222.00086483
2013-10-17 00:04:13,icdg12xsq_flt.fits,F125W,12,129.0,0,4,29.663755,15.943473815917967,8.300407409667969,129.18911743164062,222.1120147705078,2.0,1.0027600526809692,0.056426916271448135,1.483387112617493,8111.59423828125,21.1710262298584,1.4707783460617063,1.440729737281799,128.998282876,222.003970587
2013-10-17 00:05:01,icdg12xtq_flt.fits,F125W,12,129.0,0,4,29.663755,15.931442260742188,8.29913330078125,129.18440246582028,222.1139678955078,2.0,1.0032000541687012,0.047540005296468735,1.4448710680007937,8162.0849609375,20.99897575378418,1.4639036655426023,1.4300211668014526,128.998274685,222.004047031
2013-10-17 00:05:49,icdg12xuq_flt.fits,F125W,12,129.0,0,4,29.663755,15.924293518066404,8.298828125,129.18252563476562,222.1138916015625,2.0,1.0041900873184204,0.04349620640277863,1.4515860080718994,8143.84912109375,21.021106719970703,1.4509873390197754,1.4329456090927124,128.998266169,222.0041265
2013-10-17 00:06:37,icdg12xvq_flt.fits,F125W,12,129.0,0,4,29.663755,15.92327117919922,8.302947998046875,129.184814453125,222.1186981201172,2.0,1.0015499591827393,0.0842658132314682,1.4802415370941162,8172.65380859375,21.202131271362305,1.4562727212905884,1.4392764568328855,128.998257353,222.004208775
2013-10-17 00:07:31,icdg12xwq_flt.fits,F160W,12,129.0,0,5,14.970785000000001,15.980682373046875,8.322799682617188,129.11006164550778,222.2870330810547,10.0,1.0044100284576416,0.07674630731344223,2.0732457637786865,8259.044921875,29.88405418395996,1.3999513387680054,1.5462981462478638,128.996536682,222.001256169
2013-10-17 00:08:04,icdg12xxq_flt.fits,F160W,12,129.0,0,5,14.970785000000001,15.999649047851562,8.31549072265625,129.11039733886722,222.28829956054688,10.0,1.0034199953079224,0.05324235931038857,2.0636682510375977,8320.65234375,29.90025520324707,1.4057910442352295,1.551500678062439,128.996530289,222.001315819
2013-10-17 00:08:37,icdg12xyq_flt.fits,F160W,12,129.0,0,5,14.970785000000001,15.991249084472654,8.322769165039062,129.10723876953122,222.2929229736328,10.0,1.000890016555786,0.06329325586557387,2.0674796104431152,8363.5859375,29.96904182434082,1.4017359018325806,1.5495600700378418,128.996523781,222.001376531
2013-10-17 00:09:10,icdg12xzq_flt.fits,F160W,12,129.0,0,5,14.970785000000001,15.995590209960938,8.31768798828125,129.11073303222656,222.2972869873047,10.0,1.0057300329208374,-0.0028106526006013155,2.0776374340057373,8353.0517578125,30.0130615234375,1.3979874849319458,1.5487573146820068,128.996517172,222.001438199
2013-10-17 00:09:43,icdg12y0q_flt.fits,F160W,12,129.0,0,5,14.970785000000001,15.983482360839846,8.312324523925781,129.10699462890622,222.29635620117188,10.0,1.0030900239944458,0.03838922455906868,2.0497722625732417,8325.2783203125,29.82942199707031,1.397966742515564,1.5615997314453125,128.996510472,222.00150071
2013-10-17 00:10:22,icdg12y1q_flt.fits,F125W,12,129.0,0,6,29.663755,15.928924560546875,8.305503845214844,129.1893310546875,222.1152648925781,2.0,0.9992399811744691,0.07896056026220323,1.4631136655807495,8127.48681640625,21.071399688720703,1.462107539176941,1.4390990734100342,128.998212763,222.004624888
2013-10-17 00:11:10,icdg12y2q_flt.fits,F125W,12,129.0,0,6,29.663755,15.927078247070312,8.309112548828125,129.20344543457028,222.0952606201172,2.0,1.0029799938201904,0.059205353260040276,1.5066927671432495,8173.2763671875,21.35008811950684,1.4739398956298828,1.4286984205245972,128.99820272,222.004718606
2013-10-17 00:11:58,icdg12y3q_flt.fits,F125W,12,129.0,0,6,29.663755,15.937255859375,8.291946411132812,129.16311645507812,222.14610290527344,2.0,1.0003399848937988,0.045956481248140335,1.4835941791534424,8151.96240234375,21.20429039001465,1.4499058723449707,1.4590723514556885,128.998192552,222.004813495
2013-10-17 00:12:46,icdg12y4q_flt.fits,F125W,12,129.0,0,6,29.663755,15.921356201171875,8.309173583984375,129.20175170898438,222.1145782470703,2.0,1.0016599893569946,0.06402837485074997,1.4539999961853027,8102.87255859375,21.00149154663086,1.481528401374817,1.450865387916565,128.998182287,222.004909292
2013-10-17 00:13:40,icdg12y5q_flt.fits,F160W,12,129.0,0,7,14.970785000000001,15.9947509765625,8.33514404296875,129.10514831542972,222.3118438720703,10.0,1.0022100210189822,-0.018403632566332817,2.037280321121216,8368.326171875,29.80964660644531,1.3953965902328491,1.58030104637146,128.996460392,222.001967947
2013-10-17 00:14:13,icdg12y6q_flt.fits,F160W,12,129.0,0,7,14.970785000000001,16.006210327148438,8.342109680175781,129.115966796875,222.3059844970703,10.0,1.0025399923324585,0.04195288196206093,2.0351495742797847,8299.9404296875,29.72133445739746,1.4015551805496216,1.5864745378494265,128.996453259,222.002034495
2013-10-17 00:14:46,icdg12y7q_flt.fits,F160W,12,129.0,0,7,14.970785000000001,15.992546081542967,8.34661865234375,129.1112060546875,222.31320190429688,10.0,1.0030900239944458,0.0590704008936882,2.049177885055542,8316.2197265625,29.81603240966797,1.3952292203903198,1.577200174331665,128.996446116,222.002101138
2013-10-17 00:15:19,icdg12y8q_flt.fits,F160W,12,129.0,0,7,14.970785000000001,15.99724578857422,8.336509704589844,129.11195373535156,222.3062744140625,10.0,1.0024299621582031,0.07566718757152557,2.06424880027771,8381.7607421875,29.971607208251953,1.3983560800552368,1.574696063995361,128.996438976,222.002167759
2013-10-17 00:15:52,icdg12y9q_flt.fits,F160W,12,129.0,0,7,14.970785000000001,15.998329162597654,8.345664978027344,129.11309814453122,222.30372619628903,10.0,1.0029799938201904,0.03581225126981735,2.0797257423400883,8318.2294921875,29.98578643798828,1.4031221866607666,1.5708420276641846,128.996431843,222.002234301
2013-10-17 00:16:31,icdg12yaq_flt.fits,F125W,12,129.0,0,8,29.663755,15.93914794921875,8.324493408203125,129.19435119628906,222.1311187744141,2.0,1.001439929008484,0.05506835132837296,1.4831128120422363,8121.38818359375,21.177297592163086,1.466900110244751,1.459667086601257,128.998133716,222.005362554
2013-10-17 00:17:19,icdg12ybq_flt.fits,F125W,12,129.0,0,8,29.663755,15.94817352294922,8.319564819335938,129.19522094726562,222.13763427734372,2.0,1.0013300180435178,0.05377918854355812,1.4717252254486084,8155.74609375,21.14151763916016,1.471549391746521,1.4572185277938845,128.998123438,222.005458463
2013-10-17 00:18:07,icdg12ycq_flt.fits,F125W,12,129.0,0,8,29.663755,15.931556701660154,8.33197021484375,129.189208984375,222.1400451660156,2.0,1.001824975013733,0.05355960875749588,1.4838991165161133,8175.978515625,21.225069046020508,1.4716763496398926,1.4613800048828125,128.998113254,222.005553504
2013-10-17 00:18:55,icdg12ydq_flt.fits,F125W,12,129.0,0,8,29.663755,15.948753356933596,8.329505920410156,129.19805908203122,222.13491821289062,2.0,1.0024299621582031,0.07324828952550888,1.469677209854126,8143.13671875,21.12013816833496,1.472593069076538,1.4539722204208374,128.998103191,222.005647413
2013-10-17 00:19:49,icdg12yeq_flt.fits,F160W,12,129.0,0,9,14.970785000000001,16.002395629882812,8.356475830078125,129.11550903320312,222.3301696777344,10.0,1.0029799938201904,0.10134628415107727,2.0630760192871094,8365.9375,29.947553634643555,1.4019529819488523,1.603832125663757,128.996381684,222.002702287
2013-10-17 00:20:22,icdg12yfq_flt.fits,F160W,12,129.0,0,9,14.970785000000001,16.012321472167972,8.360443115234375,129.1151123046875,222.3350982666016,10.0,1.0049600601196291,0.053745992481708534,2.0759017467498784,8315.283203125,29.961448669433594,1.4139431715011597,1.6214920282363892,128.996374962,222.002765
2013-10-17 00:20:55,icdg12ygq_flt.fits,F160W,12,129.0,0,9,14.970785000000001,16.003952026367188,8.344596862792969,129.13612365722656,222.3470001220703,10.0,1.0067200660705566,0.044192925095558167,2.0925610065460205,8361.17578125,30.104305267333984,1.4145190715789795,1.6261841058731081,128.996368335,222.002826827
2013-10-17 00:21:28,icdg12yhq_flt.fits,F160W,12,129.0,0,9,14.970785000000001,16.019828796386722,8.371711730957031,129.11601257324222,222.3389129638672,10.0,1.0074900388717651,0.016437197104096413,2.072150468826294,8276.833984375,29.897897720336914,1.4141591787338257,1.623704195022583,128.996361809,222.002887718
2013-10-17 00:22:01,icdg12yiq_flt.fits,F160W,12,129.0,0,9,14.970785000000001,16.014114379882812,8.362495422363281,129.10676574707028,222.33978271484372,10.0,1.0029799938201904,0.026280507445335388,2.0504012107849117,8336.875,29.845834732055664,1.403598427772522,1.6179310083389282,128.996355388,222.002947622
2013-10-17 00:22:40,icdg12yjq_flt.fits,F125W,12,129.0,0,10,29.663755,15.885818481445312,8.272933959960938,129.21563720703122,222.1611328125,2.0,1.0015499591827393,0.08732670545578003,1.5288878679275513,8096.67138671875,21.414825439453125,1.5161391496658323,1.500284194946289,128.998058449,222.006064938
2013-10-17 00:23:28,icdg12ykq_flt.fits,F125W,12,129.0,0,10,29.663755,15.79058837890625,8.220108032226562,129.20729064941406,222.1612548828125,2.0,1.0036400556564329,0.07548001408576965,1.557862401008606,8136.064453125,21.61078453063965,1.5010926723480225,1.4966185092926023,128.998049589,222.006147623
2013-10-17 00:24:16,icdg12ylq_flt.fits,F125W,12,129.0,0,10,29.663755,15.94586944580078,8.328620910644531,129.18977355957028,222.1402587890625,2.0,1.0024299621582031,0.08148988336324693,1.4589040279388428,8035.19091796875,20.974163055419922,1.4844601154327393,1.4831219911575315,128.998041025,222.00622754
2013-10-17 00:25:04,icdg12ymq_flt.fits,F125W,12,129.0,0,10,29.663755,15.96038818359375,8.344703674316406,129.19140625,222.15032958984372,2.0,1.005620002746582,0.09242343157529832,1.49177885055542,8107.0654296875,21.21420669555664,1.476850509643555,1.4671578407287598,128.998032782,222.006304467
2013-10-17 00:25:58,icdg12ynq_flt.fits,F160W,12,129.0,0,11,14.970785000000001,15.899398803710938,8.250595092773438,129.13404846191406,222.3868865966797,10.0,1.0035300254821775,0.05061082169413567,2.0768992900848393,8623.09375,30.30805587768555,1.4466493129730225,1.6888253688812256,128.996313214,222.003341101
2013-10-17 00:26:31,icdg12yoq_flt.fits,F160W,12,129.0,0,11,14.970785000000001,16.023139953613278,8.390510559082031,129.09767150878906,222.31130981445312,10.0,1.0067750215530396,0.015765581279993057,2.079408884048462,8385.32421875,30.058683395385746,1.3985066413879397,1.577003836631775,128.996307986,222.003389877
2013-10-17 00:27:04,icdg12ypq_flt.fits,F160W,12,129.0,0,11,14.970785000000001,16.020050048828125,8.375778198242188,129.11997985839844,222.32940673828125,10.0,1.0022100210189822,0.04388609528541565,2.0779979228973393,8233.580078125,29.88181114196777,1.4131795167922974,1.6170638799667358,128.996302937,222.003436985
2013-10-17 00:27:37,icdg12yqq_flt.fits,F160W,12,129.0,0,11,14.970785000000001,16.01043701171875,8.366920471191406,129.11895751953122,222.3474578857422,10.0,1.0067200660705566,0.004295304883271457,2.0746109485626216,8321.0751953125,29.960805892944336,1.4093858003616333,1.6336228847503662,128.996298071,222.003482383
2013-10-17 00:28:10,icdg12yrq_flt.fits,F160W,12,129.0,0,11,14.970785000000001,16.035346984863278,8.389068603515625,129.12899780273438,222.3645477294922,10.0,1.004520058631897,0.058249831199646,2.0989158153533936,8316.1962890625,30.08953666687012,1.4286621809005735,1.6498183012008667,128.996293397,222.003525991
2013-10-17 00:28:49,icdg12ysq_flt.fits,F125W,12,129.0,0,12,29.663755,15.93120574951172,8.339912414550781,129.21125793457028,222.16812133789062,2.0,1.0037500858306885,0.07499785721302032,1.472958207130432,8127.3525390625,21.125694274902344,1.5146267414093018,1.512415647506714,128.997999056,222.006619201
2013-10-17 00:29:37,icdg12ytq_flt.fits,F125W,12,129.0,0,12,29.663755,15.965530395507812,8.35479736328125,129.19473266601562,222.1554107666016,2.0,1.0063900947570799,0.09055227041244507,1.4424514770507812,8087.74755859375,20.925968170166016,1.4775619506835938,1.4840852022171018,128.997993037,222.006675371
2013-10-17 00:30:25,icdg12yuq_flt.fits,F125W,12,129.0,0,12,29.663755,15.942497253417967,8.339813232421875,129.19772338867188,222.1641082763672,2.0,1.0033100843429563,0.09343020617961884,1.464041233062744,8140.0029296875,21.086523056030273,1.4866776466369631,1.4857007265090942,128.99798747,222.006727318
2013-10-17 00:31:13,icdg12yvq_flt.fits,F125W,12,129.0,0,12,29.663755,15.961540222167967,8.351318359375,129.19529724121094,222.16390991210938,2.0,1.0037500858306885,0.13159534335136416,1.4539899826049805,8150.37353515625,21.039525985717773,1.479077935218811,1.4839789867401123,128.997982371,222.006774898
