FILENAME,FILTER,ORBIT,POSANG,DITHER,EXPOSURE_SET,OBS_DATE,OBS_TIME,EXPOSURE_TIME,XOFF,YOFF,XCENTER,YCENTER,PSF_ID,PSF_AMPLITUTE,SKY_LEVEL,SKY_SIGMA,FLUX,FLUXERR,XFWHM,YFWHM
icdg07p3q_myfits.fits,F125W,7,101.0,0,0,2013-10-16,15:53:47,29.663755,0.0,0.0,94.78504943847656,208.07347106933597,5.0,0.9900000095367432,-0.0935760959982872,1.6836330890655518,2860.8856949144647,13.292482301997792,1.353078842163086,1.3648580312728882
icdg07p4q_myfits.fits,F125W,7,101.0,0,0,2013-10-16,15:54:35,29.663755,0.003936767578125,-0.037872314453125,94.77888488769531,208.07737731933597,5.0,0.9900000095367432,-0.0273071750998497,1.68906831741333,2867.7767873132957,13.312907787034856,1.356000900268555,1.361675262451172
icdg07p5q_myfits.fits,F125W,7,101.0,0,0,2013-10-16,15:55:23,29.663755,-0.0057373046875,-0.006011962890625,94.7804183959961,208.0786590576172,5.0,0.990880012512207,-0.0571252629160881,1.698240041732788,2881.7511518729975,13.354030878118717,1.3545726537704468,1.3636742830276491
icdg07p6q_myfits.fits,F125W,7,101.0,0,0,2013-10-16,15:56:11,29.663755,-0.004364013671875,-0.032196044921875,94.76821899414062,208.0603179931641,5.0,0.9917600154876708,-0.06163540482521058,1.696108341217041,2859.597300728956,13.289536831369832,1.37069833278656,1.3637813329696655
icdg07p7q_myfits.fits,F160W,7,101.0,0,1,2013-10-16,15:57:05,14.970785000000001,0.0,0.0,94.66171264648438,208.2227020263672,13.0,0.9900000095367432,-0.1665874719619751,2.1178719997406006,2054.952806171503,12.504905517855276,1.6124094724655151,1.5152891874313354
icdg07p8q_myfits.fits,F160W,7,101.0,0,1,2013-10-16,15:57:38,14.970785000000001,-0.0024261474609375,0.001983642578125,94.66056823730469,208.2182159423828,13.0,0.9900000095367432,-0.17868027091026306,2.186342477798462,2059.841783143077,12.52126734128807,1.6186380386352541,1.5118299722671509
icdg07p9q_myfits.fits,F160W,7,101.0,0,1,2013-10-16,15:58:11,14.970785000000001,0.0070648193359375,0.00472259521484375,94.65120697021484,208.2259979248047,13.0,0.9900000095367432,-0.14852313697338104,2.181540012359619,2029.3410448363265,12.418363060628899,1.6267147064208984,1.5209989547729492
icdg07paq_myfits.fits,F160W,7,101.0,0,1,2013-10-16,15:58:44,14.970785000000001,0.008636474609375,-0.00726318359375,94.65128326416016,208.2273406982422,13.0,0.9900000095367432,-0.15196020901203156,2.170600891113281,2013.5214963608921,12.364553423407761,1.6413611173629759,1.5261079072952268
icdg07pbq_myfits.fits,F160W,7,101.0,0,1,2013-10-16,15:59:17,14.970785000000001,-0.006866455078125,0.006439208984375,94.65731811523438,208.22525024414062,13.0,0.9900000095367432,-0.15541328489780426,2.1733767986297607,2009.9637004468393,12.352790400655762,1.6196852922439575,1.5248103141784668
icdg07pcq_myfits.fits,F125W,7,101.0,1,2,2013-10-16,16:00:32,29.663755,10.117218017578123,-0.0610198974609375,104.88391876220705,208.04759216308597,5.0,0.9900000095367432,-0.09303739666938783,1.6067032814025881,3161.64838254659,15.705168709188696,1.283049464225769,1.3238979578018188
icdg07pdq_myfits.fits,F125W,7,101.0,1,2,2013-10-16,16:01:20,29.663755,10.105209350585938,-0.0511016845703125,104.8846664428711,208.0491943359375,5.0,0.9900000095367432,-0.04726116731762886,1.5969854593276978,3212.180422815963,15.883815468357016,1.2733619213104248,1.321843504905701
icdg07peq_myfits.fits,F125W,7,101.0,1,2,2013-10-16,16:02:08,29.663755,10.117233276367188,-0.0491485595703125,104.88362884521484,208.05245971679688,5.0,0.9915400147438048,-0.0738319456577301,1.5618232488632202,3195.0899989603668,15.823797060124988,1.2760717868804932,1.3297854661941528
icdg07pfq_myfits.fits,F125W,7,101.0,1,2,2013-10-16,16:02:56,29.663755,10.111549377441406,-0.0633087158203125,104.86457061767578,208.0260162353516,5.0,0.990494966506958,-0.018965493887662888,1.6160805225372314,3122.6091775763584,15.566609887313446,1.2948259115219116,1.3405585289001465
icdg07pgq_myfits.fits,F160W,7,101.0,1,3,2013-10-16,16:03:50,14.970785000000001,10.13689422607422,-0.0076446533203125,104.79444122314452,208.1967010498047,13.0,0.9900000095367432,-0.11705908924341203,2.1707236766815186,2412.149816800561,14.463395296082087,1.4108785390853882,1.4498820304870603
icdg07phq_myfits.fits,F160W,7,101.0,1,3,2013-10-16,16:04:23,14.970785000000001,10.131935119628906,-0.000732421875,104.79428100585938,208.1982727050781,13.0,0.9900000095367432,-0.10327363014221193,2.121989727020264,2396.632508048874,14.40623950136205,1.4298397302627563,1.4607670307159424
icdg07piq_myfits.fits,F160W,7,101.0,1,3,2013-10-16,16:04:56,14.970785000000001,10.130821228027344,-0.0010986328125,104.79598999023438,208.1981506347656,13.0,0.9900000095367432,-0.06515467166900635,2.1677794456481934,2391.5783288132466,14.387702624593084,1.4215168952941897,1.4577895402908323
icdg07pjq_myfits.fits,F160W,7,101.0,1,3,2013-10-16,16:05:29,14.970785000000001,10.146339416503906,0.0052947998046875,104.8002700805664,208.1949920654297,13.0,0.9900000095367432,-0.14251913130283356,2.1802535057067867,2431.0902998518104,14.533122369081578,1.4183474779129028,1.4599554538726809
icdg07pkq_myfits.fits,F160W,7,101.0,1,3,2013-10-16,16:06:02,14.970785000000001,10.144149780273438,0.00494384765625,104.79815673828124,208.2027740478516,13.0,0.9900000095367432,-0.07688118517398834,2.166968584060669,2411.7251903951656,14.461771650363003,1.4112306833267212,1.4586172103881836
icdg07plq_myfits.fits,F125W,7,101.0,2,4,2013-10-16,16:07:18,29.663755,0.0197906494140625,11.275398254394533,94.7887725830078,219.3274383544922,5.0,0.9945099949836732,-0.0721985474228859,1.7241605520248413,2159.028734643894,8.72165513151066,1.4260475635528564,1.6822068691253662
icdg07pmq_myfits.fits,F125W,7,101.0,2,4,2013-10-16,16:08:06,29.663755,0.00899505615234375,11.26348114013672,94.78661346435548,219.32212829589844,5.0,0.9935200214385986,-0.05624276027083397,1.7300115823745728,2204.2164231021534,8.81582996209305,1.4245784282684326,1.6732227802276611
icdg07pnq_myfits.fits,F125W,7,101.0,2,4,2013-10-16,16:08:54,29.663755,-0.00762939453125,11.268318176269533,94.78914642333984,219.3240966796875,5.0,0.9965999722480774,-0.09272916615009308,1.7162554264068604,2215.0976916485033,8.838183367368275,1.4200387001037598,1.67335307598114
icdg07poq_myfits.fits,F125W,7,101.0,2,4,2013-10-16,16:09:42,29.663755,0.04384613037109375,11.249282836914062,94.78620910644531,219.3167724609375,5.0,0.9944000244140624,-0.038642298430204385,1.7292091846466064,2206.8718480600464,8.821452263263389,1.4254601001739502,1.6665905714035034
icdg07ppq_myfits.fits,F160W,7,101.0,2,5,2013-10-16,16:10:36,14.970785000000001,0.0617523193359375,11.259963989257812,94.67037200927734,219.54808044433597,13.0,0.9900000095367432,-0.10232231765985488,2.17754864692688,1608.637240892281,10.594057969287663,1.6702407598495483,1.8158485889434812
icdg07pqq_myfits.fits,F160W,7,101.0,2,5,2013-10-16,16:11:09,14.970785000000001,0.048614501953125,11.256866455078123,94.67745208740234,219.56944274902344,13.0,0.9900000095367432,-0.12206734716892242,2.1916868686676025,1649.5600786063135,10.732604993698457,1.6447123289108276,1.808551549911499
icdg07prq_myfits.fits,F160W,7,101.0,2,5,2013-10-16,16:11:42,14.970785000000001,0.0437469482421875,11.25737762451172,94.6837921142578,219.5687255859375,13.0,0.9900000095367432,-0.12744450569152832,2.1611385345458984,1677.5964494435532,10.82669184867289,1.6328778266906738,1.797567367553711
icdg07psq_myfits.fits,F160W,7,101.0,2,5,2013-10-16,16:12:15,14.970785000000001,0.05413818359375,11.25737762451172,94.68946075439452,219.55307006835938,13.0,0.9900000095367432,-0.15055754780769348,2.1668829917907715,1641.3605044167157,10.705127363478269,1.627522110939026,1.8108369112014768
icdg07ptq_myfits.fits,F160W,7,101.0,2,5,2013-10-16,16:12:48,14.970785000000001,0.04193115234375,11.277488708496096,94.66629028320312,219.5977325439453,13.0,0.9900000095367432,-0.1331360638141632,2.1878511905670166,1690.2056992936698,10.868140170588918,1.6580667495727541,1.792345643043518
icdg07puq_myfits.fits,F125W,7,101.0,3,6,2013-10-16,16:14:03,29.663755,10.123390197753906,11.239540100097656,104.88037109375,219.3111724853516,5.0,0.9928600192070008,-0.09834721684455873,1.5975701808929443,2458.491591406303,9.934400411311612,1.3576253652572632,1.6037555932998655
icdg07pvq_myfits.fits,F125W,7,101.0,3,6,2013-10-16,16:14:51,29.663755,10.126869201660156,11.226325988769533,104.88679504394531,219.28956604003903,5.0,0.9937400221824646,-0.08952885121107101,1.5329781770706177,2535.086566190693,10.113147408409796,1.3534115552902222,1.5739136934280396
icdg07pwq_myfits.fits,F125W,7,101.0,3,6,2013-10-16,16:15:39,29.663755,10.114837646484377,11.242721557617188,104.89134979248048,219.28965759277344,5.0,0.994949996471405,-0.09351937472820282,1.563971757888794,2561.352080656659,10.174763302589833,1.3468364477157593,1.564750075340271
icdg07pxq_myfits.fits,F125W,7,101.0,3,6,2013-10-16,16:16:27,29.663755,10.132438659667967,11.237754821777344,104.89098358154295,219.28839111328125,5.0,0.9952800273895264,-0.07626014202833176,1.5549185276031494,2559.4558082069884,10.16974181091327,1.3410900831222534,1.5539836883544922
icdg07pyq_myfits.fits,F160W,7,101.0,3,7,2013-10-16,16:17:21,14.970785000000001,10.190765380859377,11.246192932128906,104.81956481933594,219.53880310058597,13.0,0.9900000095367432,-0.10143078863620758,2.1803078651428223,1867.5631257207951,11.460568029744056,1.4375908374786377,1.7407498359680176
icdg07pzq_myfits.fits,F160W,7,101.0,3,7,2013-10-16,16:17:54,14.970785000000001,10.180076599121094,11.243186950683594,104.81640625,219.5395050048828,13.0,0.9900000095367432,-0.078086256980896,2.1423790454864498,1863.6261856212716,11.448533889753339,1.4437304735183716,1.7397748231887815
icdg07q0q_myfits.fits,F160W,7,101.0,3,7,2013-10-16,16:18:27,14.970785000000001,10.180458068847656,11.244155883789062,104.81765747070312,219.53488159179688,13.0,0.9927499890327454,-0.07579714804887773,2.1363382339477544,1852.5463149197587,11.412761702808796,1.4379099607467651,1.743455171585083
icdg07q1q_myfits.fits,F160W,7,101.0,3,7,2013-10-16,16:19:00,14.970785000000001,10.197792053222656,11.249183654785156,104.82240295410156,219.52902221679688,13.0,0.9908249974250792,-0.07149799913167952,2.149935245513916,1869.6619541230955,11.467569173776939,1.435364007949829,1.7404789924621582
icdg07q2q_myfits.fits,F160W,7,101.0,3,7,2013-10-16,16:19:33,14.970785000000001,10.169029235839844,11.28240203857422,104.8265380859375,219.5391387939453,13.0,0.9910449981689452,-0.07770436257123947,2.1671113967895512,1878.861024204304,11.496306581843195,1.4411759376525881,1.7427731752395632
icdg07q3q_myfits.fits,F125W,7,101.0,2,8,2013-10-16,16:20:48,29.663755,0.06255340576171875,11.255828857421877,94.81658935546876,219.3395538330078,5.0,0.9973700046539308,-0.0959516316652298,1.7294917106628418,2244.7113893834307,8.898793111402915,1.412804126739502,1.6825698614120483
icdg07q4q_myfits.fits,F125W,7,101.0,2,8,2013-10-16,16:21:36,29.663755,0.088714599609375,11.277435302734375,94.821044921875,219.34690856933597,5.0,0.9973700046539308,-0.015973679721355438,1.7791215181350708,2239.452083153369,8.888892100156193,1.4040964841842651,1.682349681854248
icdg07q5q_myfits.fits,F125W,7,101.0,2,8,2013-10-16,16:22:24,29.663755,0.01976776123046875,11.291305541992188,94.8345184326172,219.3651123046875,5.0,0.9990200400352478,-0.04027056694030762,1.7179313898086548,2196.93369679916,8.800699644927054,1.395493745803833,1.7037277221679688
icdg07q6q_myfits.fits,F125W,7,101.0,2,8,2013-10-16,16:23:12,29.663755,0.08087158203125,11.255104064941406,94.8180160522461,219.34115600585938,5.0,0.997040033340454,-0.023860124871134758,1.7820303440093994,2253.839115308771,8.918149670692927,1.4105998277664185,1.6796894073486328
icdg07q7q_myfits.fits,F160W,7,101.0,2,9,2013-10-16,16:24:06,14.970785000000001,0.1190643310546875,11.256515502929688,94.7246551513672,219.58639526367188,13.0,0.9900000095367432,-0.07534108310937881,2.1461529731750493,1769.4207592994878,11.129778498328161,1.5843151807785034,1.77985680103302
icdg07q8q_myfits.fits,F160W,7,101.0,2,9,2013-10-16,16:24:39,14.970785000000001,0.0984344482421875,11.28857421875,94.71739959716795,219.5865173339844,13.0,0.9913200139999391,-0.0979110151529312,2.1972498893737797,1766.7740372668104,11.12105891946642,1.5952179431915283,1.7756391763687134
icdg07q9q_myfits.fits,F160W,7,101.0,2,9,2013-10-16,16:25:12,14.970785000000001,0.10147857666015624,11.288215637207033,94.70452117919922,219.556884765625,13.0,0.9900000095367432,-0.1596112996339798,2.192323923110962,1721.1358911382385,10.970895642538117,1.624724507331848,1.8045889139175413
icdg07qaq_myfits.fits,F160W,7,101.0,2,9,2013-10-16,16:25:45,14.970785000000001,0.1003265380859375,11.32275390625,94.72819519042969,219.5909118652344,13.0,0.9924200177192688,-0.13095897436141968,2.1870110034942627,1794.3776247912658,11.210646859058535,1.5688233375549316,1.7651770114898682
icdg07qbq_myfits.fits,F160W,7,101.0,2,9,2013-10-16,16:26:18,14.970785000000001,0.100738525390625,11.289192199707033,94.7147216796875,219.5795440673828,13.0,0.9900000095367432,-0.0995526686310768,2.176055431365967,1758.9677000782087,11.095292589410914,1.6003427505493164,1.7758383750915527
icdg07qcq_myfits.fits,F125W,7,101.0,3,10,2013-10-16,16:27:33,29.663755,10.157936096191406,11.256881713867188,104.91922760009766,219.3018035888672,5.0,0.9962700009346008,-0.017318060621619225,1.5678982734680176,2525.623442414467,10.091033709662053,1.3454626798629759,1.570556879043579
icdg07qdq_myfits.fits,F125W,7,101.0,3,10,2013-10-16,16:28:21,29.663755,10.143478393554688,11.25701141357422,104.91082763671876,219.31060791015625,5.0,0.994949996471405,-0.008566321805119514,1.5579650402069092,2523.183452034915,10.086157276442034,1.3455787897109983,1.593535542488098
icdg07qeq_myfits.fits,F125W,7,101.0,3,10,2013-10-16,16:29:09,29.663755,10.195030212402344,11.278488159179688,104.9233856201172,219.3130340576172,5.0,0.998580038547516,-0.02290534228086472,1.6028850078582764,2539.381329887688,10.123540178112039,1.3414143323898315,1.5746519565582275
icdg07qfq_myfits.fits,F125W,7,101.0,3,10,2013-10-16,16:29:57,29.663755,10.170989990234377,11.254318237304688,104.92163848876952,219.30784606933597,5.0,0.997040033340454,-0.007729697972536088,1.5454179048538208,2549.1275464703817,10.14611682938067,1.3418722152709959,1.5771644115447998
icdg07qgq_myfits.fits,F160W,7,101.0,3,11,2013-10-16,16:30:51,14.970785000000001,10.228477478027344,11.290924072265625,104.84209442138672,219.5466766357422,13.0,0.9903299808502196,-0.03736413642764092,2.172140598297119,1922.6823822759936,11.634333795006825,1.4220281839370728,1.734673023223877
icdg07qhq_myfits.fits,F160W,7,101.0,3,11,2013-10-16,16:31:24,14.970785000000001,10.216682434082033,11.29193878173828,104.84953308105469,219.5607147216797,13.0,0.9922000169754028,-0.07145894318819046,2.180089473724365,1960.6859996278552,11.753262531407005,1.4181336164474487,1.7267743349075315
icdg07qiq_myfits.fits,F160W,7,101.0,3,11,2013-10-16,16:31:57,14.970785000000001,10.221939086914062,11.300453186035154,104.84642791748048,219.5577087402344,13.0,0.9918699860572816,-0.049952410161495216,2.132490873336792,1954.132071406297,11.732797256834834,1.4186110496520996,1.721038579940796
icdg07qjq_myfits.fits,F160W,7,101.0,3,11,2013-10-16,16:32:30,14.970785000000001,10.218101501464844,11.292396545410154,104.84851837158205,219.5586242675781,13.0,0.9907699823379515,-0.005754421930760145,2.1904642581939697,1959.1933277437884,11.748497594974667,1.41474711894989,1.7184449434280396
icdg07qkq_myfits.fits,F160W,7,101.0,3,11,2013-10-16,16:33:03,14.970785000000001,10.225448608398438,11.255706787109377,104.84973907470705,219.5494537353516,13.0,0.9900000095367432,-0.09465362876653673,2.1730329990386963,1941.144162980182,11.692125594076334,1.4143049716949463,1.7280406951904297
icdg07qlq_myfits.fits,F125W,7,101.0,3,12,2013-10-16,16:33:42,29.663755,10.16033935546875,11.255027770996094,104.92961120605469,219.3098907470703,5.0,0.997040033340454,0.002938122721388936,1.542304754257202,2527.759986909962,10.096830904006948,1.3401178121566772,1.5741703510284424
icdg07qmq_myfits.fits,F125W,7,101.0,3,12,2013-10-16,16:34:30,29.663755,10.159690856933594,11.25909423828125,104.92890167236328,219.31607055664062,5.0,0.997700035572052,0.01281924732029438,1.556719183921814,2531.4021304956896,10.105188740184044,1.3472760915756226,1.5900402069091797
icdg07qnq_myfits.fits,F125W,7,101.0,3,12,2013-10-16,16:35:18,29.663755,10.21088409423828,11.27935791015625,104.93048095703124,219.31971740722656,5.0,1.0003399848937988,0.017270511016249657,1.5979959964752195,2532.0653236342764,10.106630065699076,1.3459941148757937,1.5964645147323608
icdg07qoq_myfits.fits,F125W,7,101.0,3,12,2013-10-16,16:36:06,29.663755,10.193618774414062,11.27448272705078,104.93009185791016,219.30838012695312,5.0,1.0012199878692627,0.045436695218086236,1.590382099151611,2553.1056479991717,10.155391311549124,1.3386939764022827,1.576579451560974
icdg08qqq_myfits.fits,F125W,8,129.0,0,0,2013-10-16,17:29:24,29.663755,15.90582275390625,8.289169311523438,129.18040466308594,222.1150360107422,2.0,0.9963799715042114,-0.026942776516079903,1.496606945991516,2646.435967036665,13.213918641836148,1.4551956653594968,1.417732000350952
icdg08qrq_myfits.fits,F125W,8,129.0,0,0,2013-10-16,17:30:12,29.663755,15.898811340332033,8.290809631347656,129.1781005859375,222.1154937744141,2.0,0.9971500039100648,0.024233883246779442,1.4818733930587769,2675.7697806960473,13.311024819042887,1.4532454013824463,1.4118491411209106
icdg08qsq_myfits.fits,F125W,8,129.0,0,0,2013-10-16,17:31:00,29.663755,15.90229034423828,8.285125732421875,129.17665100097656,222.1175537109375,2.0,0.998580038547516,0.039676181972026825,1.4712337255477903,2686.2411349380177,13.34585630828866,1.4477362632751465,1.4227252006530762
icdg08qtq_myfits.fits,F125W,8,129.0,0,0,2013-10-16,17:31:48,29.663755,15.895736694335938,8.289779663085938,129.16683959960938,222.11566162109372,2.0,0.9971500039100648,0.003184896893799305,1.4945776462554932,2717.918237857576,13.451060478558897,1.4420689344406128,1.4114612340927124
icdg08quq_myfits.fits,F160W,8,129.0,0,1,2013-10-16,17:32:42,14.970785000000001,15.9752197265625,8.325538635253906,129.10299682617188,222.28732299804688,10.0,1.0024299621582031,0.03367624059319496,2.0980796813964844,2363.794186231923,12.927091116613228,1.3923969268798828,1.534832000732422
icdg08qvq_myfits.fits,F160W,8,129.0,0,1,2013-10-16,17:33:15,14.970785000000001,15.9715576171875,8.316986083984375,129.09803771972656,222.2913360595703,10.0,1.0037500858306885,0.03491093963384628,2.0989978313446045,2347.2203860066597,12.878863844491539,1.3890644311904907,1.5425788164138794
icdg08qwq_myfits.fits,F160W,8,129.0,0,1,2013-10-16,17:33:48,14.970785000000001,15.98102569580078,8.311820983886719,129.099853515625,222.2925109863281,10.0,0.9995700120925904,-0.029846355319023125,2.0848355293273926,2348.3768377561073,12.882380214692942,1.3882272243499756,1.5511412620544434
icdg08qxq_myfits.fits,F160W,8,129.0,0,1,2013-10-16,17:34:21,14.970785000000001,15.959976196289062,8.312332153320312,129.09420776367188,222.29754638671875,10.0,1.00177001953125,0.02933469600975513,2.0506525039672847,2354.8589921034627,12.90126669000657,1.3911492824554443,1.5528032779693604
icdg08qyq_myfits.fits,F160W,8,129.0,0,1,2013-10-16,17:34:54,14.970785000000001,15.998001098632812,8.350326538085938,129.09278869628906,222.28797912597656,10.0,1.0033100843429563,0.01896287500858307,2.0993354320526123,2342.0424158632673,12.864181724853502,1.3924068212509155,1.540558695793152
icdg08qzq_myfits.fits,F125W,8,129.0,1,2,2013-10-16,17:36:09,29.663755,26.01763153076172,8.283653259277344,139.32427978515622,222.09686279296875,2.0,0.998580038547516,-0.0645531490445137,1.6073856353759766,2264.264498113985,10.779905003176436,1.6240706443786619,1.4552690982818604
icdg08r0q_myfits.fits,F125W,8,129.0,1,2,2013-10-16,17:36:57,29.663755,26.03187561035156,8.2896728515625,139.31883239746094,222.09597778320312,2.0,0.9982500076293944,-0.012219664640724659,1.6476916074752808,2288.30539923613,10.85659257386982,1.6135119199752808,1.4496251344680786
icdg08r1q_myfits.fits,F125W,8,129.0,1,2,2013-10-16,17:37:45,29.663755,26.071617126464844,8.261856079101562,139.32521057128906,222.0951995849609,2.0,0.9997900128364564,-0.05914567038416864,1.560665488243103,2293.591859347615,10.87397386907071,1.62461256980896,1.456550359725952
icdg08r2q_myfits.fits,F125W,8,129.0,1,2,2013-10-16,17:38:33,29.663755,26.02796936035156,8.288414001464844,139.32089233398438,222.09747314453125,2.0,0.9973700046539308,-0.015890518203377724,1.6133065223693848,2314.9801446008664,10.941754233262213,1.6103713512420654,1.4441771507263184
icdg08r3q_myfits.fits,F160W,8,129.0,1,3,2013-10-16,17:39:27,14.970785000000001,26.077423095703125,8.277122497558594,139.21784973144528,222.2653350830078,10.0,0.9992399811744691,-0.018759533762931824,2.0884807109832764,2200.333747411589,12.233013658456287,1.4938418865203855,1.5512754917144775
icdg08r4q_myfits.fits,F160W,8,129.0,1,3,2013-10-16,17:40:00,14.970785000000001,26.08953094482422,8.2906494140625,139.207275390625,222.2660217285156,10.0,0.9990200400352478,-0.012641269713640213,2.079773187637329,2196.2704659928254,12.220706362751374,1.4853166341781616,1.5566061735153198
icdg08r5q_myfits.fits,F160W,8,129.0,1,3,2013-10-16,17:40:33,14.970785000000001,26.06842803955078,8.277412414550781,139.21649169921878,222.2655029296875,10.0,1.0046300888061523,-0.027800209820270542,2.060314655303955,2198.0551665856856,12.225909571411712,1.5000039339065552,1.5410735607147217
icdg08r6q_myfits.fits,F160W,8,129.0,1,3,2013-10-16,17:41:06,14.970785000000001,26.07678985595703,8.281822204589844,139.20994567871094,222.2628173828125,10.0,1.0027600526809692,0.01196918822824955,2.066600561141968,2194.223698482352,12.215301345018608,1.5004888772964478,1.5517635345458984
icdg08r7q_myfits.fits,F160W,8,129.0,1,3,2013-10-16,17:41:39,14.970785000000001,26.05645751953125,8.282196044921875,139.21232604980472,222.2714691162109,10.0,1.0006699562072754,-0.019090753048658368,2.0423266887664795,2178.006065128474,12.169487627864141,1.5015991926193235,1.5665552616119385
icdg08r8q_myfits.fits,F125W,8,129.0,2,4,2013-10-16,17:42:55,29.663755,15.921859741210938,19.534225463867188,129.12510681152344,233.46592712402344,2.0,0.9927499890327454,-0.007111295126378536,1.5613811016082764,1851.230121044589,9.513934586440696,1.5120553970336914,1.827509522438049
icdg08r9q_myfits.fits,F125W,8,129.0,2,4,2013-10-16,17:43:43,29.663755,15.95001983642578,19.574188232421875,129.13133239746094,233.47445678710938,2.0,0.9936299920082092,0.021935449913144108,1.5415056943893433,1818.8882804239558,9.405020376376617,1.5194330215454102,1.8380496501922607
icdg08raq_myfits.fits,F125W,8,129.0,2,4,2013-10-16,17:44:31,29.663755,15.930442810058596,19.5516357421875,129.13014221191406,233.48150634765625,2.0,0.9957199692726136,0.0032379066105932,1.5648336410522459,1835.7780817865823,9.46202732101537,1.5131160020828247,1.8429102897644043
icdg08rbq_myfits.fits,F125W,8,129.0,2,4,2013-10-16,17:45:19,29.663755,15.923377990722654,19.555572509765625,129.1331787109375,233.4710693359375,2.0,0.9935200214385986,-0.011299258098006248,1.5295249223709106,1830.2662634329984,9.443131656679487,1.523047924041748,1.8393200635910036
icdg08rcq_myfits.fits,F160W,8,129.0,2,5,2013-10-16,17:46:13,14.970785000000001,15.973861694335938,19.68072509765625,129.08018493652344,233.70030212402344,8.0,1.0005600452423096,0.0028296522796154022,1.9881534576416016,2274.7822932544586,13.514458460391564,1.3849451541900637,1.5896060466766355
icdg08rdq_myfits.fits,F160W,8,129.0,2,5,2013-10-16,17:46:46,14.970785000000001,15.982986450195312,19.67529296875,129.08354187011722,233.69630432128903,8.0,0.9961599707603456,-0.03139202296733856,2.0100679397583012,2253.2133236769787,13.439778911215662,1.3922064304351809,1.6061904430389404
icdg08req_myfits.fits,F160W,8,129.0,2,5,2013-10-16,17:47:19,14.970785000000001,15.982406616210938,19.688629150390625,129.07948303222656,233.70068359375,8.0,0.996820032596588,0.03443080931901932,2.006947755813598,2259.7379494287447,13.462139967983372,1.3899803161621094,1.5977203845977783
icdg08rfq_myfits.fits,F160W,8,129.0,2,5,2013-10-16,17:47:52,14.970785000000001,15.96953582763672,19.683250427246094,129.08436584472656,233.69851684570312,8.0,0.9995700120925904,0.0006678724894300102,1.9659419059753416,2273.1401243473974,13.508954576598063,1.3831275701522827,1.5895984172821045
icdg08rgq_myfits.fits,F160W,8,129.0,2,5,2013-10-16,17:48:25,14.970785000000001,15.9854736328125,19.697250366210934,129.08493041992188,233.7092437744141,8.0,0.9991300106048584,-0.045447714626789086,1.984280347824097,2278.395956335589,13.527058277327725,1.3858046531677246,1.5872253179550169
icdg08rhq_myfits.fits,F125W,8,129.0,3,6,2013-10-16,17:49:40,29.663755,26.04663848876953,19.568679809570312,139.28990173339844,233.4573516845703,2.0,0.9900000095367432,-0.08360480517148973,1.6011340618133545,1599.3963157101994,7.553097126653386,1.7109073400497437,1.8989595174789429
icdg08riq_myfits.fits,F125W,8,129.0,3,6,2013-10-16,17:50:28,29.663755,26.06885528564453,19.530929565429688,139.32023620605472,233.42984008789062,2.0,0.9900000095367432,-0.054969340562820435,1.6085976362228394,1600.3630235663563,7.555828032134935,1.7220481634140017,1.8760849237442017
icdg08rjq_myfits.fits,F125W,8,129.0,3,6,2013-10-16,17:51:16,29.663755,26.060089111328125,19.565650939941406,139.31304931640622,233.4470672607422,2.0,0.9929699897766112,-0.051513221114873886,1.6056042909622192,1588.5304453094848,7.526319952845232,1.731147289276123,1.89730966091156
icdg08rkq_myfits.fits,F125W,8,129.0,3,6,2013-10-16,17:52:04,29.663755,26.04962158203125,19.562042236328125,139.31649780273438,233.4381866455078,2.0,0.991979956626892,-0.04989195615053177,1.6123820543289185,1596.038904658717,7.54523722163209,1.7320175170898438,1.8844544887542725
icdg08rlq_myfits.fits,F160W,8,129.0,3,7,2013-10-16,17:52:58,14.970785000000001,26.08604431152344,19.6744384765625,139.21333312988278,233.6805877685547,9.0,0.9948400259017944,-0.08425657451152803,1.9512643814086916,2026.2490438247191,12.499418961103347,1.5166927576065063,1.6664366722106934
icdg08rmq_myfits.fits,F160W,8,129.0,3,7,2013-10-16,17:53:31,14.970785000000001,26.08678436279297,19.675216674804688,139.21156311035156,233.6791229248047,9.0,0.9984700083732604,-0.06496622413396835,2.011562824249268,2001.8588829146015,12.418484349919902,1.5221625566482544,1.6675460338592532
icdg08rnq_myfits.fits,F160W,8,129.0,3,7,2013-10-16,17:54:04,14.970785000000001,26.0904541015625,19.667633056640625,139.20297241210938,233.6793975830078,9.0,1.0003399848937988,-0.08795904368162155,1.991071343421936,2020.4226845554817,12.480341888332426,1.5122164487838743,1.6738111972808838
icdg08roq_myfits.fits,F160W,8,129.0,3,7,2013-10-16,17:54:37,14.970785000000001,26.097427368164066,19.677291870117188,139.20841979980472,233.6853179931641,9.0,0.9990200400352478,-0.06474118679761888,2.007840871810913,2020.5591599616127,12.480981969632856,1.5194637775421145,1.665636658668518
icdg08rpq_myfits.fits,F160W,8,129.0,3,7,2013-10-16,17:55:10,14.970785000000001,26.09239196777344,19.67423248291016,139.21240234375,233.6885681152344,9.0,0.995169997215271,-0.08324909955263138,2.0205419063568115,2025.4813205026217,12.497026810128652,1.5165808200836182,1.6643714904785156
icdg08rqq_myfits.fits,F125W,8,129.0,2,8,2013-10-16,17:56:25,29.663755,15.969009399414062,19.64125061035156,129.14825439453122,233.5302581787109,1.0,0.9935200214385986,-0.052297942340373986,1.6310449838638306,1786.0999127884115,8.065943069500715,1.5407586097717283,1.8535747528076167
icdg08rrq_myfits.fits,F125W,8,129.0,2,8,2013-10-16,17:57:13,29.663755,15.961097717285154,19.65300750732422,129.14482116699222,233.5318603515625,1.0,0.9933000206947328,-0.06064339727163315,1.639423966407776,1801.2168723809511,8.102157787643014,1.5240515470504759,1.8483474254608157
icdg08rsq_myfits.fits,F125W,8,129.0,2,8,2013-10-16,17:58:01,29.663755,15.979103088378904,19.6685791015625,129.14874267578122,233.52935791015625,1.0,0.9956649541854858,-0.05911218002438545,1.6491835117340088,1795.200947583633,8.087459559496514,1.5362775325775146,1.8622699975967407
icdg08rtq_myfits.fits,F125W,8,129.0,2,8,2013-10-16,17:58:49,29.663755,15.958534240722654,19.659194946289066,129.13771057128906,233.5263519287109,1.0,0.9962700009346008,-0.0736374780535698,1.6343002319335938,1787.0701464036051,8.06819661949406,1.5273067951202393,1.856127142906189
icdg08ruq_myfits.fits,F160W,8,129.0,2,9,2013-10-16,17:59:43,14.970785000000001,15.99395751953125,19.763221740722656,129.10173034667972,233.7418975830078,8.0,0.9991849660873412,0.008881787769496441,2.0121197700500493,2352.856766288319,13.782651506033773,1.3857371807098389,1.5464943647384644
icdg08rvq_myfits.fits,F160W,8,129.0,2,9,2013-10-16,18:00:16,14.970785000000001,15.989753723144533,19.7313232421875,129.09246826171878,233.73080444335938,8.0,0.9954999685287476,-0.012108638882637024,1.9903442859649656,2318.4228729642386,13.66465639140301,1.389875888824463,1.571118950843811
icdg08rwq_myfits.fits,F160W,8,129.0,2,9,2013-10-16,18:00:49,14.970785000000001,15.99677276611328,19.74010467529297,129.06904602050778,233.7050628662109,8.0,0.9986900091171264,-0.09893661737442017,2.005930185317993,2236.34930043006,13.380864931394923,1.3956890106201172,1.6078486442565918
icdg08rxq_myfits.fits,F160W,8,129.0,2,9,2013-10-16,18:01:22,14.970785000000001,16.018966674804688,19.735153198242188,129.09481811523438,233.74468994140625,8.0,0.9971500039100648,-0.0018007621401920915,1.9803290367126465,2344.8360179461506,13.75556016691687,1.3913559913635254,1.5548156499862669
icdg08ryq_myfits.fits,F160W,8,129.0,2,9,2013-10-16,18:01:55,14.970785000000001,16.002906799316403,19.71699523925781,129.07670593261722,233.71987915039062,8.0,0.9984700083732604,0.006423756945878267,1.9752284288406368,2275.3313435005684,13.516183010646863,1.389604091644287,1.5811619758605957
icdg08rzq_myfits.fits,F125W,8,129.0,3,10,2013-10-16,18:03:10,29.663755,26.08640289306641,19.626251220703125,139.36410522460938,233.5052947998047,1.0,0.9938499927520752,-0.07653959840536118,1.6245567798614502,1505.8826132381953,7.3182433703737315,1.7735923528671265,1.935366988182068
icdg08s0q_myfits.fits,F125W,8,129.0,3,10,2013-10-16,18:03:58,29.663755,26.07143402099609,19.616241455078125,139.3468017578125,233.5067596435547,1.0,0.9931899905204772,-0.06867849826812744,1.6404213905334473,1497.1938864270248,7.295654888096233,1.7722148895263672,1.9187116622924805
icdg08s1q_myfits.fits,F125W,8,129.0,3,10,2013-10-16,18:04:46,29.663755,25.960952758789066,19.391746520996094,139.35488891601562,233.51519775390625,2.0,0.9944000244140624,0.006064106710255146,1.7381095886230469,1432.135744414057,7.126140707439623,1.76208233833313,1.9263486862182615
icdg08s2q_myfits.fits,F125W,8,129.0,3,10,2013-10-16,18:05:34,29.663755,26.091278076171875,19.6387939453125,139.34080505371094,233.49246215820312,1.0,0.9929150342941284,-0.04624955356121063,1.6202716827392578,1482.0652921974083,7.2571562708508885,1.7479579448699951,1.9291956424713133
icdg08s3q_myfits.fits,F160W,8,129.0,3,11,2013-10-16,18:06:28,14.970785000000001,26.136016845703125,19.73345184326172,139.2342529296875,233.7113342285156,9.0,0.9972050189971924,-0.02864154800772667,1.997215151786804,2005.0173511994326,12.429026325859938,1.543000340461731,1.659668207168579
icdg08s4q_myfits.fits,F160W,8,129.0,3,11,2013-10-16,18:07:01,14.970785000000001,26.13240051269531,19.735145568847656,139.22909545898438,233.6949157714844,9.0,0.9988000392913818,-0.0594051368534565,2.028480529785156,1977.7364288049832,12.338133761961213,1.547669768333435,1.6829017400741575
icdg08s5q_myfits.fits,F160W,8,129.0,3,11,2013-10-16,18:07:34,14.970785000000001,26.12818145751953,19.731483459472656,139.22171020507812,233.70216369628903,9.0,0.9982500076293944,-0.10735709220170976,2.018051147460937,2042.0299795232902,12.552129860041262,1.5222043991088867,1.6598100662231443
icdg08s6q_myfits.fits,F160W,8,129.0,3,11,2013-10-16,18:08:07,14.970785000000001,26.131500244140625,19.73541259765625,139.22712707519528,233.70513916015625,9.0,0.9992399811744691,-0.06781063973903656,2.022922277450561,2016.7180524455384,12.468133458688248,1.5392441749572754,1.6596544981002808
icdg08s7q_myfits.fits,F160W,8,129.0,3,11,2013-10-16,18:08:40,14.970785000000001,26.138954162597656,19.749832153320312,139.24354553222656,233.72589111328125,9.0,0.9978100061416626,-0.05271633341908455,2.0038297176361084,2018.2376359541502,12.473122627423283,1.568188190460205,1.6398842334747314
icdg08s8q_myfits.fits,F125W,8,129.0,3,12,2013-10-16,18:09:19,29.663755,26.08246612548828,19.636741638183594,139.34590148925778,233.49578857421875,1.0,0.9952800273895264,-0.07079367339611052,1.6449126005172732,1462.4765572046736,7.206962958536226,1.7529720067977903,1.9149032831192017
icdg08s9q_myfits.fits,F125W,8,129.0,3,12,2013-10-16,18:10:07,29.663755,26.096046447753906,19.63068389892578,139.33694458007812,233.4997711181641,1.0,0.9942899942398072,-0.02906541526317596,1.6015909910202026,1480.0657179950751,7.252124491340527,1.7503472566604614,1.9233826398849487
icdg08saq_myfits.fits,F125W,8,129.0,3,12,2013-10-16,18:10:55,29.663755,26.07868957519531,19.632347106933594,139.33418273925778,233.5045166015625,1.0,0.9953899979591371,-0.021252745762467384,1.6194661855697632,1467.9527600575032,7.2209091460321275,1.7425941228866575,1.9217920303344729
icdg08sbq_myfits.fits,F125W,8,129.0,3,12,2013-10-16,18:11:43,29.663755,26.07219696044922,19.6322021484375,139.33988952636722,233.4966735839844,1.0,0.9965999722480774,-0.05501540750265122,1.658881902694702,1472.8895065827182,7.233485508457892,1.75068998336792,1.9196150302886963
icdg09sdq_myfits.fits,F125W,9,101.0,0,0,2013-10-16,19:05:02,29.663755,-0.000335693359375,0.057952880859375,94.81649017333984,208.11697387695312,5.0,0.9990200400352478,-0.03535270690917969,1.7179760932922363,2889.2521298180272,13.376459666066626,1.3439748287200928,1.3776679039001465
icdg09seq_myfits.fits,F125W,9,101.0,0,0,2013-10-16,19:05:50,29.663755,0.014617919921875,0.0657196044921875,94.81497192382812,208.11459350585938,5.0,1.002869963645935,0.0041997358202934265,1.6741225719451904,2922.1008285962266,13.472221647531821,1.3399720191955566,1.3745542764663696
icdg09sfq_myfits.fits,F125W,9,101.0,0,0,2013-10-16,19:06:38,29.663755,0.03191375732421875,0.05898284912109375,94.81777954101562,208.11561584472656,5.0,1.001439929008484,-0.015444355085492134,1.6927359104156494,2909.736737385121,13.43628936726678,1.3359633684158323,1.3740177154541016
icdg09sgq_myfits.fits,F125W,9,101.0,0,0,2013-10-16,19:07:26,29.663755,0.0057830810546875,0.07346343994140625,94.81446838378906,208.116943359375,5.0,1.0013300180435178,0.024138042703270912,1.713920831680298,2935.3147229194747,13.511128114712283,1.3333665132522583,1.3690314292907717
icdg09shq_myfits.fits,F160W,9,101.0,0,1,2013-10-16,19:08:20,14.970785000000001,0.06391143798828125,0.0831756591796875,94.71981811523438,208.2816467285156,13.0,0.9938499927520752,-0.011306379921734331,2.1512279510498047,2061.482343445983,12.526992399671052,1.536987543106079,1.5808374881744385
icdg09siq_myfits.fits,F160W,9,101.0,0,1,2013-10-16,19:08:53,14.970785000000001,0.0702972412109375,0.08514404296875,94.7143783569336,208.2749938964844,13.0,0.9925299882888794,0.002492771251127124,2.209868192672729,2043.0855939078301,12.464686396653132,1.5541170835494995,1.5855590105056765
icdg09sjq_myfits.fits,F160W,9,101.0,0,1,2013-10-16,19:09:26,14.970785000000001,0.0706634521484375,0.07985687255859375,94.7186050415039,208.28309631347656,13.0,0.9923099875450134,0.044152840971946716,2.159842014312744,2041.5602822794206,12.459814440258143,1.544009566307068,1.5860954523086548
icdg09skq_myfits.fits,F160W,9,101.0,0,1,2013-10-16,19:09:59,14.970785000000001,0.05780029296875,0.087554931640625,94.70929718017578,208.2830810546875,13.0,0.997700035572052,0.02069733291864395,2.15185546875,2023.0710460070238,12.397164954122,1.5672203302383425,1.5953848361968994
icdg09slq_myfits.fits,F160W,9,101.0,0,1,2013-10-16,19:10:32,14.970785000000001,0.0599212646484375,0.09799957275390624,94.7197723388672,208.27767944335938,13.0,0.9915400147438048,-0.03674694523215294,2.2083396911621094,2054.689604885366,12.504256263415192,1.5493707656860352,1.580803394317627
icdg09smq_myfits.fits,F125W,9,101.0,1,2,2013-10-16,19:11:47,29.663755,10.16876983642578,0.02071380615234375,104.92201232910156,208.0914459228516,5.0,0.9963799715042114,-0.03768979012966156,1.6109648942947388,3164.7351821807188,15.716369428740052,1.2843767404556274,1.338571071624756
icdg09snq_myfits.fits,F125W,9,101.0,1,2,2013-10-16,19:12:35,29.663755,10.15625,0.0201263427734375,104.92059326171876,208.09048461914062,5.0,0.9971500039100648,0.010762042365968227,1.636025309562683,3198.629955102076,15.83587977993402,1.276341676712036,1.331323266029358
icdg09soq_myfits.fits,F125W,9,101.0,1,2,2013-10-16,19:13:23,29.663755,10.16619110107422,0.0330963134765625,104.9257583618164,208.0884094238281,5.0,0.9992399811744691,-0.0254989005625248,1.654003024101257,3204.3883071600576,15.85648166502262,1.281691312789917,1.3329920768737793
icdg09spq_myfits.fits,F125W,9,101.0,1,2,2013-10-16,19:14:11,29.663755,10.150405883789062,0.026031494140625,104.9207534790039,208.0885009765625,5.0,0.9993500113487244,-0.037817440927028656,1.6684099435806274,3216.5333227776227,15.8991239844573,1.2720589637756348,1.3301641941070557
icdg09sqq_myfits.fits,F160W,9,101.0,1,3,2013-10-16,19:15:05,14.970785000000001,10.186546325683594,0.04788970947265625,104.84229278564452,208.2502899169922,13.0,0.9968750476837158,-0.018763629719614986,2.137575387954712,2402.78475076167,14.428539403865388,1.3836437463760376,1.4936519861221311
icdg09srq_myfits.fits,F160W,9,101.0,1,3,2013-10-16,19:15:38,14.970785000000001,10.173057556152344,0.06915283203125,104.83993530273438,208.2539978027344,13.0,0.991979956626892,0.015432332642376425,2.1434545516967773,2369.8826142923626,14.307436633366775,1.387383222579956,1.5045995712280271
icdg09ssq_myfits.fits,F160W,9,101.0,1,3,2013-10-16,19:16:11,14.970785000000001,10.17975616455078,0.0693817138671875,104.83738708496094,208.25120544433597,13.0,0.9947299957275392,0.0045520905405282966,2.150820016860962,2370.3012231947855,14.308779988707485,1.3934999704360962,1.513303279876709
icdg09stq_myfits.fits,F160W,9,101.0,1,3,2013-10-16,19:16:44,14.970785000000001,10.171028137207033,0.01570892333984375,104.84095764160156,208.24647521972656,13.0,0.9924200177192688,-0.01400105282664299,2.1527571678161617,2402.384979259856,14.427559916397692,1.387967824935913,1.5000790357589722
icdg09suq_myfits.fits,F160W,9,101.0,1,3,2013-10-16,19:17:17,14.970785000000001,10.18633270263672,0.046356201171875,104.84190368652344,208.25314331054688,13.0,0.9935200214385986,-0.022829338908195496,2.1752467155456543,2376.2975340914286,14.331598683220248,1.3984816074371338,1.5026394128799438
icdg09svq_myfits.fits,F125W,9,101.0,2,4,2013-10-16,19:18:33,29.663755,0.04145050048828125,11.303062438964846,94.82563018798828,219.4073028564453,5.0,1.0004500150680542,-0.0502384677529335,1.7052432298660278,2113.0415904037172,8.62446905197574,1.4047540426254272,1.7377771139144895
icdg09swq_myfits.fits,F125W,9,101.0,2,4,2013-10-16,19:19:21,29.663755,0.0663604736328125,11.267532348632812,94.83244323730469,219.3998870849609,5.0,0.9992399811744691,-0.07238314300775528,1.7101244926452637,2108.7877825351748,8.615238293100926,1.39780855178833,1.7266769409179688
icdg09sxq_myfits.fits,F125W,9,101.0,2,4,2013-10-16,19:20:09,29.663755,0.0735626220703125,11.270126342773438,94.82842254638672,219.40696716308597,5.0,1.0006699562072754,-0.025872431695461277,1.7115179300308228,2114.783238328021,8.627538941580918,1.4015123844146729,1.7312661409378052
icdg09syq_myfits.fits,F125W,9,101.0,2,4,2013-10-16,19:20:57,29.663755,0.066131591796875,11.279327392578125,94.83155822753906,219.4032440185547,5.0,1.0032000541687012,-0.046777613461017616,1.6886351108551023,2135.6995338317606,8.67240624233861,1.3982532024383545,1.7296512126922607
icdg09szq_myfits.fits,F160W,9,101.0,2,5,2013-10-16,19:21:51,14.970785000000001,0.0789947509765625,11.324562072753904,94.7464370727539,219.6482391357422,13.0,0.9935749769210817,-0.015119176357984545,2.141121625900269,1927.3797282190214,11.635293916957469,1.5215697288513184,1.6809351444244385
icdg09t0q_myfits.fits,F160W,9,101.0,2,5,2013-10-16,19:22:24,14.970785000000001,0.089630126953125,11.33551788330078,94.74793243408205,219.65005493164062,13.0,0.9954999685287476,-0.05475104972720146,2.1724464893341064,1957.794770425922,11.730953455764011,1.5135077238082886,1.6881065368652344
icdg09t1q_myfits.fits,F160W,9,101.0,2,5,2013-10-16,19:22:57,14.970785000000001,0.0850067138671875,11.323974609375,94.73654174804688,219.6503753662109,13.0,0.9962149858474731,-0.056886322796344764,2.188039779663086,1914.9065333952235,11.596527209534166,1.5372300148010254,1.696205973625183
icdg09t2q_myfits.fits,F160W,9,101.0,2,5,2013-10-16,19:23:30,14.970785000000001,0.086029052734375,11.330558776855467,94.74146270751952,219.6568145751953,13.0,0.9948400259017944,-0.041354089975357056,2.1773202419281006,1966.589503513131,11.758238450051426,1.5088125467300415,1.6838935613632202
icdg09t3q_myfits.fits,F160W,9,101.0,2,5,2013-10-16,19:24:03,14.970785000000001,0.10536956787109376,11.34918212890625,94.73682403564452,219.67291259765625,13.0,0.9956099987030028,-0.011901152320206164,2.129676342010498,1955.0567776008058,11.721929124818146,1.5367474555969238,1.66422438621521
icdg09t4q_myfits.fits,F125W,9,101.0,3,6,2013-10-16,19:25:18,29.663755,10.167709350585938,11.297210693359375,104.91517639160156,219.40187072753903,5.0,0.9969300031661988,-0.03593392297625542,1.5377304553985596,2265.302293535487,9.47655682868759,1.3694533109664917,1.7001324892044067
icdg09t5q_myfits.fits,F125W,9,101.0,3,6,2013-10-16,19:26:06,29.663755,10.203208923339844,11.271743774414062,104.9242706298828,219.3694610595703,5.0,0.9975900053977966,-0.016884397715330124,1.5660624504089355,2364.7704269705278,9.71337350365581,1.36449134349823,1.6704803705215454
icdg09t6q_myfits.fits,F125W,9,101.0,3,6,2013-10-16,19:26:54,29.663755,10.174842834472656,11.298088073730467,104.92398834228516,219.37815856933597,5.0,0.9974800348281859,0.005280467681586742,1.5483168363571167,2307.9454273186498,9.578643003460263,1.3578020334243774,1.6765506267547607
icdg09t7q_myfits.fits,F125W,9,101.0,3,6,2013-10-16,19:27:42,29.663755,10.161277770996094,11.29644012451172,104.92369079589844,219.3889312744141,5.0,0.9990200400352478,-0.05148161202669144,1.5416301488876345,2333.8059948382966,9.639941003575956,1.357272028923035,1.6807615756988523
icdg09t8q_myfits.fits,F160W,9,101.0,3,7,2013-10-16,19:28:36,14.970785000000001,10.197273254394533,11.310203552246096,104.85709381103516,219.63270568847656,13.0,0.9950600266456604,-0.007597496733069421,2.1333253383636475,2131.1830704105637,12.272893373491167,1.40127432346344,1.6550962924957275
icdg09t9q_myfits.fits,F160W,9,101.0,3,7,2013-10-16,19:29:09,14.970785000000001,10.219528198242188,11.312858581542967,104.85881805419922,219.63784790039062,13.0,0.9933550357818604,-0.027767116203904152,2.1186535358428955,2156.832042011225,12.350499154217282,1.3945821523666382,1.6501311063766482
icdg09taq_myfits.fits,F160W,9,101.0,3,7,2013-10-16,19:29:42,14.970785000000001,10.214706420898438,11.318557739257812,104.86144256591795,219.63563537597656,13.0,0.9931899905204772,-0.0322888158261776,2.122456789016724,2137.812817302258,12.293133396522899,1.4011924266815186,1.6581068038940432
icdg09tbq_myfits.fits,F160W,9,101.0,3,7,2013-10-16,19:30:15,14.970785000000001,10.207435607910156,11.322784423828125,104.85853576660156,219.63255310058597,13.0,0.9947299957275392,0.0073960493318736545,2.1583726406097408,2121.447115100417,12.244079522594445,1.4059841632843018,1.6586008071899414
icdg09tcq_myfits.fits,F160W,9,101.0,3,7,2013-10-16,19:30:48,14.970785000000001,10.22906494140625,11.311027526855467,104.86012268066406,219.63003540039062,13.0,0.9950600266456604,0.012501602992415428,2.1142067909240723,2124.359913888835,12.252934660075546,1.4013737440109253,1.6627265214920044
icdg09tdq_myfits.fits,F125W,9,101.0,0,8,2013-10-16,19:32:04,29.663755,0.0804290771484375,0.04491424560546875,94.85311889648438,208.1266326904297,5.0,0.9984700083732604,-0.01011507213115692,1.7499982118606567,2984.8279519126654,13.655371394062199,1.3078588247299194,1.368718147277832
icdg09teq_myfits.fits,F125W,9,101.0,0,8,2013-10-16,19:32:52,29.663755,0.08457183837890625,0.05792236328125,94.84735107421876,208.12754821777344,5.0,1.0003399848937988,-0.010393388569355013,1.7114243507385254,2994.9838186799525,13.685381281899343,1.3063744306564329,1.3734722137451172
icdg09tfq_myfits.fits,F125W,9,101.0,0,8,2013-10-16,19:33:40,29.663755,0.08617401123046875,0.0526885986328125,94.84979248046876,208.1288299560547,5.0,1.0003399848937988,-0.002647890243679285,1.7655839920043943,3026.8407294807225,13.778531448648009,1.3042343854904177,1.3691672086715698
icdg09tgq_myfits.fits,F125W,9,101.0,0,8,2013-10-16,19:34:28,29.663755,0.0832366943359375,0.0679473876953125,94.85077667236328,208.1295166015625,5.0,1.0005600452423096,-0.020682092756032944,1.735288381576538,3003.525375446108,13.70972312156894,1.3044852018356323,1.369103193283081
icdg09thq_myfits.fits,F160W,9,101.0,0,9,2013-10-16,19:35:22,14.970785000000001,0.11426544189453125,0.109649658203125,94.75659942626952,208.2965240478516,13.0,0.9900000095367432,-0.04220738634467125,2.161823272705078,2116.9089761181203,12.71302978731785,1.4900354146957395,1.5802417993545532
icdg09tiq_myfits.fits,F160W,9,101.0,0,9,2013-10-16,19:35:55,14.970785000000001,0.112640380859375,0.1080169677734375,94.75857543945312,208.30165100097656,13.0,0.9910449981689452,-0.02765033394098282,2.204005718231201,2114.1458858766737,12.703750646937102,1.4872208833694458,1.5844643115997314
icdg09tjq_myfits.fits,F160W,9,101.0,0,9,2013-10-16,19:36:28,14.970785000000001,0.15204620361328125,0.1421051025390625,94.7767562866211,208.330322265625,13.0,0.9924200177192688,0.002390265231952071,2.2112085819244385,2110.997412439919,12.693172997676182,1.4714617729187012,1.618388533592224
icdg09tkq_myfits.fits,F160W,9,101.0,0,9,2013-10-16,19:37:01,14.970785000000001,0.12870025634765625,0.1014251708984375,94.74979400634766,208.28970336914062,13.0,0.991100013256073,-0.019511573016643524,2.1706674098968506,2135.2078754763374,12.774003646610193,1.496110916137695,1.5728777647018433
icdg09tlq_myfits.fits,F160W,9,101.0,0,9,2013-10-16,19:37:34,14.970785000000001,0.10735321044921876,0.11418914794921875,94.761962890625,208.3020477294922,13.0,0.9900000095367432,-0.03910766914486885,2.1673712730407715,2109.119552369094,12.686882262347758,1.4877701997756958,1.587799072265625
icdg09tmq_myfits.fits,F125W,9,101.0,1,10,2013-10-16,19:38:49,29.663755,10.216644287109377,0.04767608642578125,104.95738220214844,208.11343383789062,5.0,0.9990200400352478,-0.009383928962051868,1.705536127090454,3176.22099723962,15.757477477959053,1.2784299850463867,1.345553636550903
icdg09tnq_myfits.fits,F125W,9,101.0,1,10,2013-10-16,19:39:37,29.663755,10.209793090820312,0.04149627685546875,104.9615249633789,208.0990295410156,5.0,0.9996799826622008,-0.004454421810805798,1.6886214017868042,3210.2772356865285,15.87741994090717,1.2715997695922852,1.3344885110855105
icdg09toq_myfits.fits,F125W,9,101.0,1,10,2013-10-16,19:40:25,29.663755,10.212440490722656,0.05817413330078125,104.96282196044922,208.1077117919922,5.0,1.0004500150680542,0.02062132954597473,1.6769161224365234,3201.6504134659244,15.846655224942527,1.275417685508728,1.340539574623108
icdg09tpq_myfits.fits,F125W,9,101.0,1,10,2013-10-16,19:41:13,29.663755,10.266349792480467,0.0784149169921875,104.9666748046875,208.1079406738281,5.0,0.9993500113487244,0.02913277223706245,1.7379047870635986,3230.003408740746,15.947170435703352,1.2741615772247314,1.3436713218688965
icdg09tqq_myfits.fits,F160W,9,101.0,1,11,2013-10-16,19:42:07,14.970785000000001,10.23432159423828,0.08478546142578125,104.89022064208984,208.29171752929688,13.0,0.9926400184631348,-0.013935143128037451,2.138141870498657,2395.1286555669203,14.400556231726389,1.3648929595947266,1.5320827960968018
icdg09trq_myfits.fits,F160W,9,101.0,1,11,2013-10-16,19:42:40,14.970785000000001,10.27118682861328,0.0876312255859375,104.88566589355469,208.2774200439453,13.0,0.9931899905204772,-0.003856261027976871,2.1778402328491206,2406.9043856226385,14.44422241496365,1.3680751323699951,1.5186272859573364
icdg09tsq_myfits.fits,F160W,9,101.0,1,11,2013-10-16,19:43:13,14.970785000000001,10.256698608398438,0.08373260498046875,104.88729858398438,208.2841644287109,13.0,0.9920899868011476,0.009146036580204964,2.1409873962402344,2405.1993392369577,14.437232482545902,1.3622987270355225,1.516936182975769
icdg09ttq_myfits.fits,F160W,9,101.0,1,11,2013-10-16,19:43:46,14.970785000000001,10.238395690917967,0.101226806640625,104.88902282714844,208.27703857421875,13.0,0.9935200214385986,-0.05694456025958061,2.1841394901275635,2406.5108932543612,14.44296467559306,1.3643884658813477,1.5146646499633791
icdg09tuq_myfits.fits,F160W,9,101.0,1,11,2013-10-16,19:44:19,14.970785000000001,10.2763671875,0.08446502685546875,104.88734436035156,208.2892608642578,13.0,0.9964900016784668,-0.04373491555452347,2.1780555248260502,2405.6532682655225,14.439559402305266,1.3641300201416016,1.526822566986084
icdg09tvq_myfits.fits,F125W,9,101.0,1,12,2013-10-16,19:44:58,29.663755,10.205543518066406,0.0515899658203125,104.96898651123048,208.1127166748047,5.0,1.000890016555786,0.02919501811265945,1.7103309631347656,3195.4750591376055,15.825096130271953,1.2738305330276491,1.341055393218994
icdg09twq_myfits.fits,F125W,9,101.0,1,12,2013-10-16,19:45:46,29.663755,10.258087158203123,0.07598114013671875,104.97346496582031,208.11181640625,5.0,0.9995700120925904,0.05562303960323334,1.7093498706817627,3219.768951504869,15.910822452991281,1.2714476585388184,1.3342385292053225
icdg09txq_myfits.fits,F125W,9,101.0,1,12,2013-10-16,19:46:34,29.663755,10.239181518554688,0.09539794921875,104.97004699707031,208.12298583984372,5.0,1.0027600526809692,0.059050261974334724,1.738473653793335,3156.119943356513,15.685774275615644,1.2798523902893066,1.3484889268875122
icdg09tyq_myfits.fits,F125W,9,101.0,1,12,2013-10-16,19:47:22,29.663755,10.261863708496094,0.08849334716796875,104.97498321533205,208.11355590820312,5.0,1.005620002746582,0.07139699906110764,1.6943061351776123,3192.58061408609,15.815147987830724,1.2755112648010254,1.3434114456176758
icdg10u0q_myfits.fits,F125W,10,129.0,0,0,2013-10-16,20:40:40,29.663755,15.897575378417967,8.2652587890625,129.196533203125,222.09161376953125,2.0,1.0016599893569946,0.01886720955371857,1.4725714921951294,2652.5085582807915,13.233793047642447,1.4684003591537476,1.4110733270645142
icdg10u1q_myfits.fits,F125W,10,129.0,0,0,2013-10-16,20:41:28,29.663755,15.903305053710938,8.270004272460938,129.185546875,222.1007080078125,2.0,1.00177001953125,0.054729074239730835,1.4736497402191162,2689.818270717761,13.357396153520485,1.4560281038284302,1.403865098953247
icdg10u2q_myfits.fits,F125W,10,129.0,0,0,2013-10-16,20:42:16,29.663755,15.894996643066404,8.270828247070312,129.18447875976562,222.095458984375,2.0,1.0009999275207522,0.04434235394001007,1.4753226041793823,2690.567680487906,13.360259577612847,1.4548534154891968,1.4130204916000366
icdg10u3q_myfits.fits,F125W,10,129.0,0,0,2013-10-16,20:43:04,29.663755,15.895721435546875,8.260421752929688,129.18063354492188,222.09706115722656,2.0,1.0009999275207522,0.051508426666259766,1.4727071523666382,2728.4342228338055,13.484963474510154,1.4437835216522217,1.3981287479400637
icdg10u4q_myfits.fits,F160W,10,129.0,0,1,2013-10-16,20:43:58,14.970785000000001,15.991004943847654,8.310150146484375,129.10844421386722,222.27511596679688,10.0,1.0041900873184204,0.11201611906290054,2.1114027500152592,2396.209148960319,13.020821238378824,1.3897844552993774,1.5229564905166626
icdg10u5q_myfits.fits,F160W,10,129.0,0,1,2013-10-16,20:44:31,14.970785000000001,15.977294921875,8.298316955566406,129.10829162597656,222.27435302734372,10.0,1.0046300888061523,0.09474753588438034,2.1222708225250244,2370.0555277084327,12.94535177995478,1.3959248065948486,1.527385115623474
icdg10u6q_myfits.fits,F160W,10,129.0,0,1,2013-10-16,20:45:04,14.970785000000001,15.97906494140625,8.3043212890625,129.10125732421878,222.2769470214844,10.0,1.0012199878692627,0.0890217274427414,2.0748836994171143,2378.3476665605863,12.969136711844625,1.3972562551498413,1.5281261205673218
icdg10u7q_myfits.fits,F160W,10,129.0,0,1,2013-10-16,20:45:37,14.970785000000001,15.993927001953125,8.299636840820312,129.10664367675778,222.27706909179688,10.0,1.004520058631897,0.0908765122294426,2.0697641372680664,2354.3759803195485,12.899713371691515,1.4007583856582642,1.5317293405532837
icdg10u8q_myfits.fits,F160W,10,129.0,0,1,2013-10-16,20:46:10,14.970785000000001,15.967140197753904,8.2938232421875,129.10336303710938,222.2741241455078,10.0,1.0014948844909668,0.09406715631484984,2.0826616287231445,2377.5704995525202,12.967241948886825,1.3982573747634888,1.5263322591781616
icdg10u9q_myfits.fits,F125W,10,129.0,0,2,2013-10-16,20:46:49,29.663755,15.88555145263672,8.264884948730469,129.1800537109375,222.1060333251953,2.0,1.0012199878692627,0.041295669972896576,1.4919267892837524,2677.174418844356,13.315482680810366,1.455711841583252,1.4173630475997925
icdg10uaq_myfits.fits,F125W,10,129.0,0,2,2013-10-16,20:47:37,29.663755,15.901611328125,8.276473999023438,129.16499328613278,222.1013946533203,2.0,1.001439929008484,0.04966690763831138,1.4806333780288696,2722.087872991347,13.464662426718746,1.432193398475647,1.4096845388412476
icdg10ubq_myfits.fits,F125W,10,129.0,0,2,2013-10-16,20:48:25,29.663755,15.89434051513672,8.279220581054688,129.17459106445312,222.1051788330078,2.0,1.0012199878692627,0.002558747073635459,1.4998379945755005,2702.554371156072,13.400127356702063,1.4447482824325562,1.4172886610031128
icdg10ucq_myfits.fits,F125W,10,129.0,0,2,2013-10-16,20:49:13,29.663755,15.882339477539062,8.249313354492188,129.17315673828122,222.1023101806641,2.0,0.999459981918335,0.05154229700565338,1.4664356708526611,2727.630342482478,13.482063129476774,1.436118245124817,1.4081908464431765
icdg10udq_myfits.fits,F160W,10,129.0,0,3,2013-10-16,20:50:07,14.970785000000001,15.990692138671875,8.313232421875,129.10137939453122,222.2759704589844,10.0,1.0016599893569946,0.058797705918550484,2.0492720603942867,2393.417162732151,13.012916030470972,1.392475962638855,1.5224381685256958
icdg10ueq_myfits.fits,F160W,10,129.0,0,3,2013-10-16,20:50:40,14.970785000000001,15.973236083984375,8.298835754394531,129.09800720214844,222.282958984375,10.0,1.0030900239944458,0.03475181758403778,2.007281541824341,2370.482484979463,12.946671692827481,1.3904485702514648,1.5402910709381104
icdg10ufq_myfits.fits,F160W,10,129.0,0,3,2013-10-16,20:51:13,14.970785000000001,15.970657348632812,8.300605773925781,129.09791564941406,222.2816925048828,10.0,1.0035300254821775,0.05901455134153366,2.064659118652344,2393.3969935849923,13.012909915044535,1.3869423866271973,1.5267268419265747
icdg10ugq_myfits.fits,F160W,10,129.0,0,3,2013-10-16,20:51:46,14.970785000000001,15.97809600830078,8.322868347167969,129.09880065917972,222.2766571044922,10.0,1.0027600526809692,0.028758853673934937,2.0810225009918213,2368.7120529580557,12.941619331352594,1.392371654510498,1.5374218225479126
icdg10uhq_myfits.fits,F160W,10,129.0,0,3,2013-10-16,20:52:19,14.970785000000001,15.958839416503904,8.328315734863281,129.10507202148438,222.2798309326172,10.0,1.0006699562072754,0.08772683888673782,2.0827686786651607,2382.732491540371,12.982360302277382,1.3896580934524536,1.5382156372070312
icdg10uiq_myfits.fits,F125W,10,129.0,0,4,2013-10-16,20:52:58,29.663755,15.926910400390625,8.301719665527344,129.16995239257812,222.1095733642578,2.0,0.9996799826622008,0.05087796971201897,1.434647798538208,2687.644543105461,13.350085807198724,1.4423190355300903,1.428397536277771
icdg10ujq_myfits.fits,F125W,10,129.0,0,4,2013-10-16,20:53:46,29.663755,15.914390563964846,8.299842834472656,129.17068481445312,222.1073303222656,2.0,1.000890016555786,0.02676775120198727,1.4644498825073242,2700.9833341678277,13.394515373667176,1.4390292167663574,1.4244508743286133
icdg10ukq_myfits.fits,F125W,10,129.0,0,4,2013-10-16,20:54:34,29.663755,15.891441345214846,8.276145935058594,129.17027282714844,222.10861206054688,2.0,1.00177001953125,0.02695938944816589,1.4674460887908936,2709.960261658314,13.42490130812581,1.4395501613616943,1.4227139949798584
icdg10ulq_myfits.fits,F125W,10,129.0,0,4,2013-10-16,20:55:22,29.663755,15.87737274169922,8.274543762207031,129.17033386230472,222.10850524902344,2.0,1.0012199878692627,0.03930635377764702,1.4639800786972046,2711.207989390505,13.428110695109941,1.437625527381897,1.4213925600051882
icdg10umq_myfits.fits,F160W,10,129.0,0,5,2013-10-16,20:56:16,14.970785000000001,15.983795166015625,8.330238342285156,129.09521484375,222.27972412109372,10.0,1.0016599893569946,0.03446992114186287,2.098762035369873,2387.8889828517235,12.997327808482488,1.385640025138855,1.5279414653778076
icdg10unq_myfits.fits,F160W,10,129.0,0,5,2013-10-16,20:56:49,14.970785000000001,15.981582641601562,8.316986083984375,129.10211181640622,222.27978515625,10.0,1.0015499591827393,0.07771414518356322,2.0627820491790767,2383.720517814191,12.984740222399202,1.394208312034607,1.5410069227218628
icdg10uoq_myfits.fits,F160W,10,129.0,0,5,2013-10-16,20:57:22,14.970785000000001,15.969131469726562,8.324737548828125,129.10438537597656,222.28375244140625,10.0,1.0002299547195437,0.037360064685344696,2.1324334144592285,2361.146527277582,12.91933267893987,1.3874582052230835,1.5425230264663696
icdg10upq_myfits.fits,F160W,10,129.0,0,5,2013-10-16,20:57:55,14.970785000000001,15.978713989257812,8.339302062988281,129.10357666015622,222.2924652099609,10.0,1.0025399923324585,0.014705424197018147,2.03005599975586,2343.102474805513,12.866868435534924,1.3916943073272705,1.5560826063156128
icdg10uqq_myfits.fits,F160W,10,129.0,0,5,2013-10-16,20:58:28,14.970785000000001,15.986068725585938,8.325767517089844,129.09989929199222,222.28599548339844,10.0,1.0037500858306885,0.05594304576516152,2.0808801651000977,2338.9937313985292,12.855307221855352,1.397042751312256,1.5577347278594968
icdg10urq_myfits.fits,F125W,10,129.0,0,6,2013-10-16,20:59:07,29.663755,15.921302795410154,8.293281555175781,129.17637634277344,222.1088409423828,2.0,1.0012199878692627,0.056349292397499084,1.4508097171783447,2653.00301058869,13.23559533654108,1.4484732151031494,1.4335389137268066
icdg10usq_myfits.fits,F125W,10,129.0,0,6,2013-10-16,20:59:55,29.663755,15.906082153320312,8.307205200195312,129.19627380371094,222.08673095703125,2.0,1.0015499591827393,0.048655211925506585,1.4738903045654297,2650.3685672865145,13.226798580482738,1.4688938856124878,1.4258524179458618
icdg10utq_myfits.fits,F125W,10,129.0,0,6,2013-10-16,21:00:43,29.663755,15.885467529296875,8.338623046875,129.15663146972656,222.14512634277344,2.0,0.999459981918335,-0.0010601857211440804,1.4786810874938965,2672.0606855405995,13.298883299216676,1.4280543327331543,1.4389114379882812
icdg10uuq_myfits.fits,F125W,10,129.0,0,6,2013-10-16,21:01:31,29.663755,15.917465209960938,8.311454772949219,129.20329284667972,222.1023712158203,2.0,1.0012199878692627,0.026368455961346626,1.4697548151016235,2636.73001231609,13.181417274201353,1.4643102884292605,1.4188982248306274
icdg10uvq_myfits.fits,F160W,10,129.0,0,7,2013-10-16,21:02:25,14.970785000000001,15.979957580566404,8.330101013183594,129.10075378417972,222.3121795654297,10.0,0.9996799826622008,0.001549630775116384,2.0385575294494633,2301.0932845168086,12.743485630212966,1.3951809406280518,1.5858523845672607
icdg10uwq_myfits.fits,F160W,10,129.0,0,7,2013-10-16,21:02:58,14.970785000000001,15.99005126953125,8.3306884765625,129.1109619140625,222.30126953125,10.0,1.0037500858306885,0.003543032566085458,2.094187498092652,2333.1300102517275,12.837568408236443,1.3957884311676023,1.5614888668060305
icdg10uxq_myfits.fits,F160W,10,129.0,0,7,2013-10-16,21:03:31,14.970785000000001,15.993659973144533,8.3551025390625,129.10350036621094,222.3075408935547,10.0,1.001109957695007,0.008945816196501255,2.061596632003784,2295.344029828559,12.727138076108526,1.3961482048034668,1.5812195539474487
icdg10uyq_myfits.fits,F160W,10,129.0,0,7,2013-10-16,21:04:04,14.970785000000001,15.980148315429688,8.352798461914062,129.10469055175778,222.3132476806641,10.0,1.0023199319839478,-0.0006885447073727846,2.0354952812194824,2290.9398215125434,12.714156045020038,1.3996450901031494,1.5745463371276855
icdg10uzq_myfits.fits,F160W,10,129.0,0,7,2013-10-16,21:04:37,14.970785000000001,15.98711395263672,8.35198974609375,129.11100769042972,222.30499267578125,10.0,1.0016599893569946,0.02054845355451107,2.086703062057495,2311.2030040460663,12.773387007777774,1.3994338512420654,1.569723129272461
icdg10v0q_myfits.fits,F125W,10,129.0,0,8,2013-10-16,21:05:16,29.663755,15.903083801269533,8.315185546875,129.18183898925778,222.13548278808597,2.0,1.0022100210189822,0.026056725531816486,1.4673740863800049,2591.0935051317847,13.029640755441301,1.4535466432571411,1.4490869045257568
icdg10v1q_myfits.fits,F125W,10,129.0,0,8,2013-10-16,21:06:04,29.663755,15.913337707519533,8.306808471679688,129.18063354492188,222.1323089599609,2.0,1.0005600452423096,0.028249572962522507,1.4438611268997192,2615.516005195548,13.110783411705233,1.4514293670654297,1.4445233345031738
icdg10v2q_myfits.fits,F125W,10,129.0,0,8,2013-10-16,21:06:52,29.663755,15.926376342773438,8.321022033691406,129.18171691894528,222.13731384277344,2.0,0.9988000392913818,0.04234576225280762,1.4656640291213991,2628.1234847776473,13.153120791515942,1.4453743696212769,1.4398586750030518
icdg10v3q_myfits.fits,F125W,10,129.0,0,8,2013-10-16,21:07:40,29.663755,15.94921875,8.332244873046875,129.18301391601562,222.1305389404297,2.0,1.0029799938201904,0.06327725946903229,1.4437336921691897,2614.6167134713746,13.108502518015616,1.4601445198059082,1.4455692768096924
icdg10v4q_myfits.fits,F160W,10,129.0,0,9,2013-10-16,21:08:34,14.970785000000001,15.995834350585938,8.361198425292969,129.10945129394528,222.31651306152344,10.0,1.000890016555786,-0.0011521960841491818,2.0414745807647705,2267.1886862053757,12.644024334637951,1.39270281791687,1.5864063501358032
icdg10v5q_myfits.fits,F160W,10,129.0,0,9,2013-10-16,21:09:07,14.970785000000001,15.98223114013672,8.337593078613281,129.10722351074222,222.31536865234372,10.0,1.0012199878692627,0.057690657675266266,2.0502634048461914,2280.120776652028,12.682601463841701,1.391063213348389,1.5804955959320068
icdg10v6q_myfits.fits,F160W,10,129.0,0,9,2013-10-16,21:09:40,14.970785000000001,16.016983032226562,8.374427795410156,129.11309814453122,222.3394470214844,10.0,1.0037500858306885,0.020907767117023468,2.0823183059692383,2217.298336180007,12.496158419574567,1.4111932516098022,1.6148421764373782
icdg10v7q_myfits.fits,F160W,10,129.0,0,9,2013-10-16,21:10:13,14.970785000000001,16.005844116210938,8.360176086425781,129.09950256347656,222.3199005126953,10.0,1.0013300180435178,-0.005103179253637791,2.11822509765625,2272.411971445632,12.659379151184082,1.3891472816467283,1.5937241315841677
icdg10v8q_myfits.fits,F160W,10,129.0,0,9,2013-10-16,21:10:46,14.970785000000001,16.007270812988278,8.361892700195312,129.11979675292972,222.32513427734372,10.0,1.0027600526809692,0.036523990333080285,2.0643296241760254,2246.0218211043343,12.581703043053938,1.4038031101226809,1.600380778312683
icdg10v9q_myfits.fits,F125W,10,129.0,0,10,2013-10-16,21:11:25,29.663755,15.926719665527346,8.316276550292969,129.1868896484375,222.13966369628903,2.0,1.0009999275207522,0.04335402697324753,1.4633784294128418,2578.4348934879945,12.987466101259528,1.4582282304763794,1.457649827003479
icdg10vaq_myfits.fits,F125W,10,129.0,0,10,2013-10-16,21:12:13,29.663755,15.960037231445312,8.34814453125,129.18473815917972,222.14720153808597,2.0,0.9995700120925904,0.0853545218706131,1.4642415046691897,2574.8340366487037,12.97598505604488,1.459532380104065,1.4625711441040041
icdg10vbq_myfits.fits,F125W,10,129.0,0,10,2013-10-16,21:13:01,29.663755,15.942863464355467,8.331733703613281,129.20326232910156,222.16860961914062,2.0,1.0030900239944458,0.06243336573243141,1.4754669666290283,2569.132196779725,12.956345850307295,1.5043460130691528,1.5052947998046875
icdg10vcq_myfits.fits,F125W,10,129.0,0,10,2013-10-16,21:13:49,29.663755,15.934738159179688,8.330665588378906,129.18276977539062,222.1366729736328,2.0,0.9995700120925904,0.0747508853673935,1.44782292842865,2598.6329364137,13.054886474444734,1.4494767189025881,1.4431606531143188
icdg10vdq_myfits.fits,F160W,10,129.0,0,11,2013-10-16,21:14:43,14.970785000000001,15.968299865722654,8.328994750976562,129.10626220703122,222.33721923828125,10.0,1.0005600452423096,0.005044679157435894,2.0702900886535645,2226.9868610517083,12.523901051607035,1.400013089179993,1.609529972076416
icdg10veq_myfits.fits,F160W,10,129.0,0,11,2013-10-16,21:15:16,14.970785000000001,16.01898193359375,8.370094299316406,129.11654663085938,222.3442230224609,10.0,1.0030900239944458,0.07882384955883026,2.1050550937652592,2204.2234900813846,12.456761823228229,1.3984545469284058,1.62507426738739
icdg10vfq_myfits.fits,F160W,10,129.0,0,11,2013-10-16,21:15:49,14.970785000000001,16.014663696289062,8.372581481933594,129.11909484863278,222.3471221923828,10.0,1.0035851001739502,0.039812743663787835,2.0452182292938232,2186.1773421135067,12.402316181657621,1.4139630794525146,1.6284736394882202
icdg10vgq_myfits.fits,F160W,10,129.0,0,11,2013-10-16,21:16:22,14.970785000000001,16.010879516601562,8.382049560546875,129.08683776855472,222.29656982421875,10.0,1.0043001174926758,0.05226713418960571,2.070188283920288,2243.3225605657035,12.573408486329583,1.402745485305786,1.5892210006713867
icdg10vhq_myfits.fits,F160W,10,129.0,0,11,2013-10-16,21:16:55,14.970785000000001,15.995651245117188,8.385513305664062,129.09989929199222,222.33013916015625,10.0,1.0037500858306885,0.01909618079662323,2.1044762134551998,2194.6806021683906,12.428156916068113,1.4026089906692505,1.6256524324417114
icdg10viq_myfits.fits,F125W,10,129.0,0,12,2013-10-16,21:17:34,29.663755,15.920379638671875,8.308486938476562,129.18350219726562,222.15264892578125,2.0,1.0016599893569946,0.056964468210935586,1.4691318273544312,2561.4785529888777,12.931035861517644,1.4643210172653198,1.464855670928955
icdg10vjq_myfits.fits,F125W,10,129.0,0,12,2013-10-16,21:18:22,29.663755,15.918716430664062,8.331764221191406,129.18190002441406,222.1535797119141,2.0,1.0030900239944458,0.06338268518447876,1.4946600198745728,2587.339427818973,13.017882119447881,1.453756332397461,1.4686076641082764
icdg10vkq_myfits.fits,F125W,10,129.0,0,12,2013-10-16,21:19:10,29.663755,15.964347839355467,8.347572326660156,129.18634033203122,222.15463256835938,2.0,1.00177001953125,0.058954369276762016,1.4579637050628662,2526.3272812591667,12.81357940859814,1.4691966772079468,1.4746792316436768
icdg10vlq_myfits.fits,F125W,10,129.0,0,12,2013-10-16,21:19:58,29.663755,15.946212768554688,8.353225708007812,129.18911743164062,222.1649627685547,2.0,1.00457501411438,0.07945157587528229,1.455071210861206,2506.8948135664086,12.748794096647881,1.4703043699264526,1.4778133630752563
icdg11vnq_myfits.fits,F125W,11,101.0,0,0,2013-10-16,22:16:17,29.663755,0.04059600830078125,-0.0729827880859375,94.81674194335938,208.0603790283203,5.0,1.0029799938201904,-0.04646914452314377,1.7133995294570925,2990.5189299618833,13.672188198975222,1.3272439241409302,1.34132719039917
icdg11voq_myfits.fits,F125W,11,101.0,0,0,2013-10-16,22:17:05,29.663755,0.03948211669921875,-0.0618133544921875,94.8174285888672,208.0637664794922,5.0,1.0032000541687012,0.009300670586526394,1.6926016807556152,3022.0279866180304,13.764238942146877,1.3180948495864868,1.3398367166519165
icdg11vpq_myfits.fits,F125W,11,101.0,0,0,2013-10-16,22:17:53,29.663755,0.01715850830078125,-0.070098876953125,94.81942749023438,208.0572509765625,5.0,1.0032000541687012,0.02115873619914055,1.7007975578308103,3034.907014287423,13.801713697281158,1.3178631067276,1.3378422260284424
icdg11vqq_myfits.fits,F125W,11,101.0,0,0,2013-10-16,22:18:41,29.663755,0.03353118896484375,-0.0646514892578125,94.82066345214844,208.0596008300781,5.0,1.0046300888061523,0.008447847329080105,1.70538592338562,3043.2211144585067,13.82553180656519,1.310273289680481,1.3347069025039673
icdg11vrq_myfits.fits,F160W,11,101.0,0,1,2013-10-16,22:19:35,14.970785000000001,0.0687103271484375,-0.010894775390625,94.7098388671875,208.20870971679688,13.0,1.0009999275207522,0.018971102312207225,2.208003044128418,2175.047942521256,12.906122338597726,1.5309337377548218,1.4955503940582275
icdg11vsq_myfits.fits,F160W,11,101.0,0,1,2013-10-16,22:20:08,14.970785000000001,0.07024383544921875,-0.0159454345703125,94.71704864501952,208.21714782714844,13.0,0.9950600266456604,-0.0014384315581992269,2.1650335788726807,2179.402013896898,12.920201069493956,1.5287561416625977,1.489997148513794
icdg11vtq_myfits.fits,F160W,11,101.0,0,1,2013-10-16,22:20:41,14.970785000000001,0.068634033203125,-0.0028533935546875,94.714599609375,208.21214294433597,13.0,0.9986900091171264,-0.020618479698896408,2.2388575077056885,2200.2625472437526,12.989383869540534,1.5216834545135498,1.4898788928985596
icdg11vuq_myfits.fits,F160W,11,101.0,0,1,2013-10-16,22:21:14,14.970785000000001,0.07802581787109375,-0.0196533203125,94.70763397216795,208.20643615722656,13.0,0.9931899905204772,-0.013639338314533234,2.134063005447388,2187.5396691686365,12.947237369772925,1.5355371236801147,1.4902729988098145
icdg11vvq_myfits.fits,F160W,11,101.0,0,1,2013-10-16,22:21:47,14.970785000000001,0.07366943359375,-0.0160980224609375,94.7205047607422,208.20497131347656,13.0,0.9953899979591371,0.01795320212841034,2.169269323348999,2203.2168901096193,12.999056435688743,1.5298066139221191,1.4882608652114868
icdg11vwq_myfits.fits,F125W,11,101.0,0,2,2013-10-16,22:22:26,29.663755,0.04164886474609375,-0.0703125,94.81774139404295,208.06251525878903,5.0,1.0033100843429563,-0.03509499877691269,1.700156569480896,3037.9232712649673,13.810595234759615,1.3078919649124146,1.337501049041748
icdg11vxq_myfits.fits,F125W,11,101.0,0,2,2013-10-16,22:23:14,29.663755,0.04784393310546875,-0.0404815673828125,94.82061767578124,208.06234741210938,5.0,1.0024299621582031,-0.02569166012108326,1.7379565238952637,3055.8196825299638,13.862008328849697,1.3098746538162231,1.3384430408477783
icdg11vyq_myfits.fits,F125W,11,101.0,0,2,2013-10-16,22:24:02,29.663755,0.04278564453125,-0.060699462890625,94.82237243652344,208.05746459960938,5.0,1.0027600526809692,-0.01585632562637329,1.7295796871185305,3046.9446631630094,13.83621700038454,1.3097525835037231,1.341438889503479
icdg11vzq_myfits.fits,F125W,11,101.0,0,2,2013-10-16,22:24:50,29.663755,0.03798675537109375,-0.0650482177734375,94.82373046875,208.06072998046875,5.0,1.002869963645935,0.014436840079724787,1.7131110429763794,3065.402695650404,13.889789285803102,1.3086789846420288,1.335698127746582
icdg11w0q_myfits.fits,F160W,11,101.0,0,3,2013-10-16,22:25:44,14.970785000000001,0.07729339599609375,-0.0148773193359375,94.72268676757812,208.2102813720703,13.0,0.9923099875450134,-0.01206943765282631,2.213972806930542,2206.048789434817,13.008105228340357,1.5107482671737669,1.4972075223922732
icdg11w1q_myfits.fits,F160W,11,101.0,0,3,2013-10-16,22:26:17,14.970785000000001,0.0597076416015625,-0.010711669921875,94.72135925292969,208.2111358642578,13.0,0.9931899905204772,-0.010914613492786884,2.1447076797485347,2213.6899989407057,13.033831808124019,1.5121575593948364,1.4891438484191897
icdg11w2q_myfits.fits,F160W,11,101.0,0,3,2013-10-16,22:26:50,14.970785000000001,0.07501983642578125,-0.0093536376953125,94.73036193847656,208.2133026123047,13.0,0.9914299845695496,0.0006827952456660569,2.135148286819458,2235.173346066536,13.10415309672566,1.496305227279663,1.4837740659713743
icdg11w3q_myfits.fits,F160W,11,101.0,0,3,2013-10-16,22:27:23,14.970785000000001,0.075592041015625,-0.0162811279296875,94.71638488769531,208.20941162109372,13.0,0.99726003408432,-0.030234195291996,2.1754462718963623,2209.7979687890384,13.020885450356415,1.5113278627395632,1.4950075149536133
icdg11w4q_myfits.fits,F160W,11,101.0,0,3,2013-10-16,22:27:56,14.970785000000001,0.067626953125,0.00603485107421875,94.7225341796875,208.2140350341797,13.0,0.9914299845695496,-0.04336024448275566,2.2177648544311523,2195.068638762246,12.97253586970598,1.5142017602920532,1.4936155080795288
icdg11w5q_myfits.fits,F125W,11,101.0,0,4,2013-10-16,22:28:35,29.663755,0.04000091552734375,-0.0578155517578125,94.8279800415039,208.0613250732422,5.0,1.0027600526809692,-0.0058086845092475406,1.7252459526062012,3031.602224406871,13.791940587449204,1.308271050453186,1.3416215181350708
icdg11w6q_myfits.fits,F125W,11,101.0,0,4,2013-10-16,22:29:23,29.663755,0.06097412109375,-0.0702056884765625,94.82643127441406,208.0607452392578,5.0,1.0033100843429563,0.0017715571448206902,1.7318919897079468,3064.9404111817175,13.888445090061559,1.3058772087097168,1.3355036973953247
icdg11w7q_myfits.fits,F125W,11,101.0,0,4,2013-10-16,22:30:11,29.663755,0.02794647216796875,-0.0722503662109375,94.82758331298828,208.0569305419922,5.0,1.001109957695007,-0.016920749098062515,1.7448937892913818,3085.379562531123,13.948358205239568,1.2969260215759275,1.3325458765029907
icdg11w8q_myfits.fits,F125W,11,101.0,0,4,2013-10-16,22:30:59,29.663755,0.0441436767578125,-0.0904083251953125,94.8292465209961,208.05545043945312,7.0,1.00177001953125,-0.018653323873877525,1.617320895195007,3074.6687437934534,13.916905665818165,1.2980890274047852,1.3308557271957395
icdg11w9q_myfits.fits,F160W,11,101.0,0,5,2013-10-16,22:31:53,14.970785000000001,0.078094482421875,-0.018951416015625,94.72792053222656,208.21018981933597,13.0,0.9926400184631348,-0.02420657686889172,2.1826729774475098,2237.900331161375,13.113015368870938,1.4917415380477903,1.4790879487991333
icdg11waq_myfits.fits,F160W,11,101.0,0,5,2013-10-16,22:32:26,14.970785000000001,0.0756988525390625,-0.0046844482421875,94.73048400878906,208.2153625488281,13.0,0.9931349754333496,-0.010523280128836632,2.1862094402313232,2237.9026858448497,13.112917522047942,1.504955530166626,1.4863545894622805
icdg11wbq_myfits.fits,F160W,11,101.0,0,5,2013-10-16,22:32:59,14.970785000000001,0.09247589111328124,-0.0234375,94.7277603149414,208.2135772705078,13.0,0.9933000206947328,-0.03431794047355652,2.184408664703369,2226.9753847347033,13.076914987374264,1.4969639778137207,1.4963678121566772
icdg11wcq_myfits.fits,F160W,11,101.0,0,5,2013-10-16,22:33:32,14.970785000000001,0.07662200927734375,-0.0155029296875,94.73078155517578,208.21066284179688,13.0,0.9947299957275392,-0.030506795272231105,2.205272674560547,2237.713787903904,13.112386499185643,1.5048781633377075,1.4864881038665771
icdg11wdq_myfits.fits,F160W,11,101.0,0,5,2013-10-16,22:34:05,14.970785000000001,0.08266448974609375,-0.0330963134765625,94.72726440429688,208.209716796875,15.0,0.994949996471405,-0.025980597361922264,2.135324478149414,2223.5786230071494,13.065549467340682,1.5047848224639893,1.4873508214950562
icdg11weq_myfits.fits,F125W,11,101.0,0,6,2013-10-16,22:34:44,29.663755,0.05547332763671875,-0.0715179443359375,94.82862091064452,208.0609130859375,5.0,1.0033100843429563,-0.044626396149396896,1.7350963354110718,3062.0778980138043,13.880111896929344,1.3000305891036987,1.340537667274475
icdg11wfq_myfits.fits,F125W,11,101.0,0,6,2013-10-16,22:35:32,29.663755,0.0497589111328125,-0.0533599853515625,94.84666442871094,208.0423583984375,5.0,1.0033100843429563,0.0029193726368248463,1.7318806648254397,3098.9546495030263,13.987333044533028,1.297736883163452,1.3414031267166138
icdg11wgq_myfits.fits,F125W,11,101.0,0,6,2013-10-16,22:36:20,29.663755,0.03845977783203125,0.01787567138671875,94.82125854492188,208.08514404296875,5.0,1.00177001953125,-0.007284184452146293,1.7368278503417969,2976.5822993280617,13.632026419800114,1.318816065788269,1.3638639450073242
icdg11whq_myfits.fits,F125W,11,101.0,0,6,2013-10-16,22:37:08,29.663755,0.0631103515625,-0.05242919921875,94.85092163085938,208.04623413085938,5.0,1.002650022506714,-0.07786326855421066,1.75193452835083,3134.0770366987804,14.089044767271321,1.287128448486328,1.3336879014968872
icdg11wiq_myfits.fits,F160W,11,101.0,0,7,2013-10-16,22:38:02,14.970785000000001,0.0835418701171875,0.01976776123046875,94.73551177978516,208.2236175537109,13.0,0.9936299920082092,-0.049153316766023636,2.2420666217803955,2217.426096720069,13.04581702470324,1.4914778470993042,1.497429609298706
icdg11wjq_myfits.fits,F160W,11,101.0,0,7,2013-10-16,22:38:35,14.970785000000001,0.1092987060546875,0.00238800048828125,94.74412536621094,208.22674560546875,13.0,0.991100013256073,-0.07439664006233215,2.2040905952453613,2260.4341287482803,13.18712618338818,1.486453413963318,1.4850788116455078
icdg11wkq_myfits.fits,F160W,11,101.0,0,7,2013-10-16,22:39:08,14.970785000000001,0.09233856201171876,0.00482940673828125,94.74179077148438,208.2325134277344,13.0,0.9900000095367432,-0.05978794768452644,2.176036834716797,2203.1274121375923,12.998633452026835,1.4991075992584229,1.5036571025848389
icdg11wlq_myfits.fits,F160W,11,101.0,0,7,2013-10-16,22:39:41,14.970785000000001,0.10986328125,0.01251220703125,94.74459075927734,208.22991943359372,13.0,0.9900000095367432,-0.048420760780572884,2.199747085571289,2240.205827914299,13.120733037034714,1.4847381114959717,1.493975043296814
icdg11wmq_myfits.fits,F160W,11,101.0,0,7,2013-10-16,22:40:14,14.970785000000001,0.0984954833984375,0.01619720458984375,94.74361419677734,208.2329864501953,13.0,0.9900000095367432,-0.03828929364681244,2.201620578765869,2222.924021001269,13.063916648481944,1.4930918216705322,1.5159518718719482
icdg11wnq_myfits.fits,F125W,11,101.0,0,8,2013-10-16,22:40:53,29.663755,0.08802032470703125,-0.0367431640625,94.85350799560548,208.0764312744141,5.0,1.001439929008484,-0.06589376926422119,1.7931180000305176,3109.0729578510654,14.01628863438774,1.2941138744354248,1.3333736658096311
icdg11woq_myfits.fits,F125W,11,101.0,0,8,2013-10-16,22:41:41,29.663755,0.0860595703125,0.006866455078125,94.8468017578125,208.0786437988281,5.0,1.001439929008484,-0.008657979778945446,1.7602925300598145,3106.754164229087,14.009872595303996,1.2942277193069458,1.3360135555267334
icdg11wpq_myfits.fits,F125W,11,101.0,0,8,2013-10-16,22:42:29,29.663755,0.08185577392578125,-0.0342254638671875,94.8500747680664,208.0855712890625,5.0,1.0029799938201904,-0.058357637375593185,1.7200982570648191,3116.917402274918,14.040017859924875,1.2918202877044678,1.3323571681976318
icdg11wqq_myfits.fits,F125W,11,101.0,0,8,2013-10-16,22:43:17,29.663755,0.0869598388671875,-0.0326385498046875,94.85276794433594,208.0766906738281,5.0,1.0016599893569946,0.013800501823425293,1.7283227443695068,3111.8512278356184,14.024608153097354,1.2948473691940308,1.3314690589904783
icdg11wrq_myfits.fits,F160W,11,101.0,0,9,2013-10-16,22:44:11,14.970785000000001,0.1023712158203125,0.026153564453125,94.75189971923828,208.2340545654297,13.0,0.9944000244140624,-0.044063106179237366,2.16529393196106,2238.803221458055,13.115693925650442,1.477564573287964,1.5000381469726562
icdg11wsq_myfits.fits,F160W,11,101.0,0,9,2013-10-16,22:44:44,14.970785000000001,0.11922454833984375,0.0303497314453125,94.75578308105469,208.2397766113281,13.0,0.9923099875450134,0.003064034739509225,2.189857721328736,2252.9266129374378,13.161976492165095,1.4779973030090332,1.5129653215408323
icdg11wtq_myfits.fits,F160W,11,101.0,0,9,2013-10-16,22:45:17,14.970785000000001,0.13098907470703125,0.0238037109375,94.75481414794922,208.22976684570312,13.0,0.9931899905204772,0.01971873268485069,2.16928505897522,2253.474207660982,13.163648042057936,1.477030873298645,1.491817831993103
icdg11wuq_myfits.fits,F160W,11,101.0,0,9,2013-10-16,22:45:50,14.970785000000001,0.10245513916015624,0.025054931640625,94.7542953491211,208.2350006103516,13.0,0.9957199692726136,-0.03425595536828041,2.192920684814453,2219.5487130564816,13.052955765830959,1.4783576726913452,1.5072720050811768
icdg11wvq_myfits.fits,F160W,11,101.0,0,9,2013-10-16,22:46:23,14.970785000000001,0.1262664794921875,0.0694732666015625,94.75320434570312,208.22618103027344,13.0,0.9956099987030028,-0.025344314053654667,2.1944379806518555,2261.4989689416984,13.190371436350867,1.4881118535995483,1.4993523359298706
icdg11wwq_myfits.fits,F125W,11,101.0,0,10,2013-10-16,22:47:02,29.663755,0.08798980712890625,-0.027587890625,94.86404418945312,208.07667541503903,5.0,1.0062800645828247,-0.026960760354995728,1.747516632080078,3154.204137256491,14.146940905115887,1.285723090171814,1.32578706741333
icdg11wxq_myfits.fits,F125W,11,101.0,0,10,2013-10-16,22:47:50,29.663755,0.09061431884765624,0.02135467529296875,94.86099243164062,208.0841217041016,5.0,1.0024299621582031,0.032424118369817734,1.766573429107666,3129.241828987192,14.074847981728388,1.2909631729125977,1.3387906551361084
icdg11wyq_myfits.fits,F125W,11,101.0,0,10,2013-10-16,22:48:38,29.663755,0.086669921875,0.01686859130859375,94.86305236816406,208.08497619628903,5.0,1.0043001174926758,0.008974771946668625,1.7565960884094238,3135.758039220072,14.094357280451277,1.2907600402832031,1.3298771381378174
icdg11wzq_myfits.fits,F125W,11,101.0,0,10,2013-10-16,22:49:26,29.663755,0.0250396728515625,-0.1457672119140625,94.86837005615234,208.08409118652344,7.0,1.0013300180435178,0.03217646852135658,1.6522153615951538,3149.233438424999,14.132785142840751,1.2860159873962402,1.3318182229995728
icdg11x0q_myfits.fits,F160W,11,101.0,0,11,2013-10-16,22:50:20,14.970785000000001,0.1341705322265625,0.02204132080078125,94.75991821289062,208.24365234375,13.0,0.9945650100708008,0.0048777302727103225,2.2072231769561768,2235.4009654690603,13.104481291277791,1.472816824913025,1.5180090665817259
icdg11x1q_myfits.fits,F160W,11,101.0,0,11,2013-10-16,22:50:53,14.970785000000001,0.1318206787109375,0.03734588623046875,94.76708984375,208.24122619628903,13.0,0.993245005607605,-0.00551277119666338,2.1876981258392334,2271.558176744287,13.22305839065783,1.4588701725006104,1.5031356811523438
icdg11x2q_myfits.fits,F160W,11,101.0,0,11,2013-10-16,22:51:26,14.970785000000001,0.15468597412109375,0.0739593505859375,94.77758026123048,208.25299072265625,13.0,0.991979956626892,0.0003222808882128448,2.1911423206329346,2265.0720702983344,13.201757341139238,1.4551835060119631,1.5080279111862185
icdg11x3q_myfits.fits,F160W,11,101.0,0,11,2013-10-16,22:51:59,14.970785000000001,0.1487884521484375,0.0381317138671875,94.75360107421876,208.23182678222656,13.0,0.9929699897766112,0.0002466122386977076,2.181160688400269,2263.9682470118405,13.198088085276904,1.467808961868286,1.4885125160217283
icdg11x4q_myfits.fits,F160W,11,101.0,0,11,2013-10-16,22:52:32,14.970785000000001,0.12056732177734375,0.06911468505859375,94.76628112792969,208.2398834228516,13.0,0.995115041732788,-0.017488941550254822,2.2390117645263667,2259.958744317951,13.185167208452789,1.4626359939575195,1.5024431943893433
icdg11x5q_myfits.fits,F125W,11,101.0,0,12,2013-10-16,22:53:11,29.663755,0.104736328125,0.014251708984375,94.86936950683594,208.0863037109375,5.0,1.0030900239944458,0.022717347368597984,1.7658247947692869,3137.6917712914433,14.099563133134955,1.2910200357437134,1.331717848777771
icdg11x6q_myfits.fits,F125W,11,101.0,0,12,2013-10-16,22:53:59,29.663755,0.1180267333984375,0.0038299560546875,94.87467193603516,208.0870819091797,5.0,1.0061700344085691,0.05841820314526557,1.7673273086547852,3161.2240515232097,14.167069655182539,1.2879462242126465,1.3282607793807983
icdg11x7q_myfits.fits,F125W,11,101.0,0,12,2013-10-16,22:54:47,29.663755,0.09421539306640624,0.01955413818359375,94.8701400756836,208.09251403808597,5.0,1.0049600601196291,0.026746304705739018,1.7481988668441772,3141.987471616265,14.112350085707867,1.2854372262954712,1.3289767503738403
icdg11x8q_myfits.fits,F125W,11,101.0,0,12,2013-10-16,22:55:35,29.663755,0.09474945068359376,0.0360107421875,94.87216186523438,208.0887908935547,5.0,1.0062800645828247,0.06341852247714996,1.7603105306625366,3161.17666473257,14.167499032052167,1.279363036155701,1.3275136947631836
icdg12xaq_myfits.fits,F125W,12,129.0,0,0,2013-10-16,23:51:55,29.663755,15.92108917236328,8.274787902832031,129.20420837402344,222.099853515625,2.0,0.9988000392913818,0.07228773087263107,1.5140132904052734,2613.4763454975787,13.104242935375831,1.4771898984909058,1.4166414737701416
icdg12xbq_myfits.fits,F125W,12,129.0,0,0,2013-10-16,23:52:43,29.663755,15.94586944580078,8.297592163085938,129.194580078125,222.10333251953125,2.0,1.0022100210189822,0.09425003081560136,1.5035384893417358,2650.0046686619025,13.225156282328523,1.4614530801773071,1.41182279586792
icdg12xcq_myfits.fits,F125W,12,129.0,0,0,2013-10-16,23:53:31,29.663755,15.946174621582033,8.300018310546875,129.20477294921878,222.1098480224609,2.0,1.0034199953079224,0.08077162504196167,1.4827290773391724,2583.350248449314,13.003528078045052,1.4803824424743652,1.4208170175552368
icdg12xdq_myfits.fits,F125W,12,129.0,0,0,2013-10-16,23:54:19,29.663755,15.911544799804688,8.279815673828125,129.19050598144528,222.1002349853516,2.0,1.001109957695007,0.10623157024383544,1.4740332365036009,2680.7635030096494,13.327402674990461,1.454686403274536,1.4062563180923462
icdg12xeq_myfits.fits,F160W,12,129.0,0,1,2013-10-16,23:55:13,14.970785000000001,15.996299743652346,8.306404113769531,129.11822509765622,222.2732391357422,10.0,1.0048500299453735,0.11772476136684418,2.117051362991333,2366.144808655375,12.93385375901506,1.392228364944458,1.5145583152770996
icdg12xfq_myfits.fits,F160W,12,129.0,0,1,2013-10-16,23:55:46,14.970785000000001,15.980194091796875,8.305038452148438,129.12266540527344,222.2774810791016,10.0,1.0078749656677246,0.08818770945072174,2.1191585063934326,2340.468436573929,12.859147709657927,1.4048923254013062,1.531513214111328
icdg12xgq_myfits.fits,F160W,12,129.0,0,1,2013-10-16,23:56:19,14.970785000000001,15.997047424316404,8.313064575195312,129.11375427246094,222.2775115966797,10.0,1.0050700902938845,0.09173222631216048,2.1080496311187744,2356.179940273896,12.905021561839026,1.400843620300293,1.5328279733657837
icdg12xhq_myfits.fits,F160W,12,129.0,0,1,2013-10-16,23:56:52,14.970785000000001,15.996307373046875,8.307624816894531,129.11387634277344,222.2830810546875,10.0,1.0100001096725464,0.09605877101421356,2.1173713207244877,2338.404111265346,12.852802954729308,1.4054213762283323,1.5396474599838257
icdg12xiq_myfits.fits,F160W,12,129.0,0,1,2013-10-16,23:57:25,14.970785000000001,15.99553680419922,8.30645751953125,129.11041259765622,222.2774810791016,10.0,1.0051800012588499,0.050132088363170624,2.09199857711792,2355.685403263034,12.903257261311886,1.4024200439453125,1.5258221626281738
icdg12xjq_myfits.fits,F125W,12,129.0,0,2,2013-10-16,23:58:04,29.663755,15.941635131835938,8.297248840332031,129.18942260742188,222.1076812744141,2.0,1.0032000541687012,0.05726521462202073,1.5007613897323608,2641.817037463911,13.198515772219928,1.4653857946395874,1.4248892068862915
icdg12xkq_myfits.fits,F125W,12,129.0,0,2,2013-10-16,23:58:52,29.663755,15.902923583984375,8.284629821777344,129.18637084960938,222.1061553955078,2.0,1.0032000541687012,0.07826612144708632,1.49772047996521,2663.614934072423,13.27089585848202,1.4504992961883545,1.411165714263916
icdg12xlq_myfits.fits,F125W,12,129.0,0,2,2013-10-16,23:59:40,29.663755,15.95000457763672,8.30511474609375,129.18988037109378,222.1044158935547,2.0,1.0025949478149414,0.0723409578204155,1.4614839553833008,2665.891452942761,13.278799674744603,1.4560071229934692,1.4215621948242188
icdg12xmq_myfits.fits,F125W,12,129.0,0,2,2013-10-17,00:00:28,29.663755,15.94342041015625,8.302360534667969,129.18386840820312,222.11070251464844,2.0,1.0016599893569946,0.07361110299825667,1.4418269395828247,2640.9398853953153,13.195738496989943,1.4532518386840818,1.4242089986801147
icdg12xnq_myfits.fits,F160W,12,129.0,0,3,2013-10-17,00:01:22,14.970785000000001,15.991172790527346,8.297859191894531,129.1204833984375,222.2828826904297,10.0,1.0052900314331057,0.07465346902608871,2.0635061264038086,2342.4678015124414,12.864767786553736,1.3909193277359009,1.5222151279449463
icdg12xoq_myfits.fits,F160W,12,129.0,0,3,2013-10-17,00:01:55,14.970785000000001,15.986457824707033,8.313545227050781,129.10508728027344,222.2849273681641,10.0,1.0029799938201904,0.0502498671412468,2.0549898147583012,2354.6533715772302,12.900820263876653,1.3878456354141235,1.53994619846344
icdg12xpq_myfits.fits,F160W,12,129.0,0,3,2013-10-17,00:02:28,14.970785000000001,15.97808074951172,8.316253662109375,129.11106872558594,222.2934417724609,10.0,1.0005600452423096,0.07555966079235077,2.0766973495483403,2293.8460122622873,12.72248117887658,1.4054731130599976,1.5602831840515137
icdg12xqq_myfits.fits,F160W,12,129.0,0,3,2013-10-17,00:03:01,14.970785000000001,15.983596801757812,8.313018798828125,129.10842895507812,222.2798309326172,10.0,1.0036400556564329,0.07485982030630113,2.0567879676818848,2354.498828761336,12.900013027586938,1.3960715532302856,1.5334715843200684
icdg12xrq_myfits.fits,F160W,12,129.0,0,3,2013-10-17,00:03:34,14.970785000000001,15.988655090332033,8.317855834960938,129.10684204101562,222.28610229492188,10.0,1.002650022506714,0.08686508238315582,2.0647926330566406,2338.606064673913,12.853622421871895,1.393888235092163,1.545176386833191
icdg12xsq_myfits.fits,F125W,12,129.0,0,4,2013-10-17,00:04:13,29.663755,15.943473815917967,8.300399780273438,129.18791198730472,222.11122131347656,2.0,1.0027600526809692,0.05642666667699814,1.483384370803833,2616.338510971409,13.113939468441227,1.4592931270599363,1.4307149648666382
icdg12xtq_myfits.fits,F125W,12,129.0,0,4,2013-10-17,00:05:01,29.663755,15.931442260742188,8.29913330078125,129.18032836914062,222.1139068603516,2.0,1.0032000541687012,0.047540005296468735,1.4448710680007937,2665.1652370975075,13.27598411113134,1.4528543949127195,1.4203346967697144
icdg12xuq_myfits.fits,F125W,12,129.0,0,4,2013-10-17,00:05:49,29.663755,15.924285888671875,8.298812866210938,129.18107604980472,222.11651611328125,2.0,1.0041900873184204,0.04323168843984604,1.4515854120254517,2651.982829316601,13.232253307657729,1.448199987411499,1.427096605300903
icdg12xvq_myfits.fits,F125W,12,129.0,0,4,2013-10-17,00:06:37,29.663755,15.92327880859375,8.302970886230469,129.18315124511722,222.1171112060547,2.0,1.0015499591827393,0.08426801860332489,1.4802486896514893,2659.8373114116157,13.258591613026873,1.447387933731079,1.430728316307068
icdg12xwq_myfits.fits,F160W,12,129.0,0,5,2013-10-17,00:07:31,14.970785000000001,15.980682373046875,8.322799682617188,129.1092529296875,222.28298950195312,10.0,1.0044100284576416,0.0771227478981018,2.073129653930664,2355.5523392791793,12.903532455501562,1.389248967170715,1.5286818742752075
icdg12xxq_myfits.fits,F160W,12,129.0,0,5,2013-10-17,00:08:04,14.970785000000001,15.999649047851562,8.315475463867188,129.11030578613278,222.28692626953125,10.0,1.0034199953079224,0.05324260145425797,2.0636537075042725,2323.2463423328372,12.808498728667097,1.405375599861145,1.5475301742553709
icdg12xyq_myfits.fits,F160W,12,129.0,0,5,2013-10-17,00:08:37,14.970785000000001,15.991249084472654,8.322761535644531,129.10734558105472,222.2931671142578,10.0,1.000890016555786,0.06329338997602463,2.0674734115600586,2327.9234889779414,12.82279048025089,1.3999873399734497,1.548253297805786
icdg12xzq_myfits.fits,F160W,12,129.0,0,5,2013-10-17,00:09:10,14.970785000000001,15.995590209960938,8.317680358886719,129.10984802246094,222.29917907714844,10.0,1.0057300329208374,-0.002809510566294193,2.0776302814483643,2324.8643270341595,12.813573513372253,1.3978817462921145,1.5499569177627563
icdg12y0q_myfits.fits,F160W,12,129.0,0,5,2013-10-17,00:09:43,14.970785000000001,15.983474731445312,8.312332153320312,129.10653686523438,222.29754638671875,10.0,1.0030900239944458,0.0383857898414135,2.049782514572144,2315.607212362082,12.786348654111471,1.3970787525177002,1.5600725412368774
icdg12y1q_myfits.fits,F125W,12,129.0,0,6,2013-10-17,00:10:22,29.663755,15.928924560546875,8.305503845214844,129.19229125976562,222.11309814453125,2.0,0.9992399811744691,0.07896056026220323,1.4631136655807495,2610.9369621451447,13.095887863167459,1.4621657133102417,1.4354910850524902
icdg12y2q_myfits.fits,F125W,12,129.0,0,6,2013-10-17,00:11:10,29.663755,15.927078247070312,8.309104919433594,129.19839477539062,222.0974578857422,2.0,1.0029799938201904,0.059203814715147025,1.5066900253295898,2641.3823270837615,13.196713483321297,1.464342474937439,1.4202463626861572
icdg12y3q_myfits.fits,F125W,12,129.0,0,6,2013-10-17,00:11:58,29.663755,15.937255859375,8.291946411132812,129.15449523925778,222.1476287841797,2.0,1.0003399848937988,0.045956481248140335,1.4835941791534424,2621.788907609186,13.132044403963135,1.4350254535675049,1.4530067443847656
icdg12y4q_myfits.fits,F125W,12,129.0,0,6,2013-10-17,00:12:46,29.663755,15.921363830566404,8.309181213378906,129.20767211914062,222.112060546875,2.0,1.0016599893569946,0.06387072056531906,1.4539579153060913,2584.9140812639184,13.008865205185687,1.4752757549285889,1.4320563077926636
icdg12y5q_myfits.fits,F160W,12,129.0,0,7,2013-10-17,00:13:40,14.970785000000001,15.9947509765625,8.335151672363281,129.10484313964844,222.3124542236328,10.0,1.0022100210189822,-0.018404694274067882,2.0372877120971684,2294.472041635148,12.724700059435554,1.392698884010315,1.5829623937606812
icdg12y6q_myfits.fits,F160W,12,129.0,0,7,2013-10-17,00:14:13,14.970785000000001,16.006210327148438,8.342086791992188,129.11520385742188,222.3003387451172,10.0,1.0024299621582031,0.042710460722446435,2.0345256328582764,2299.5347595090598,12.739286370726072,1.388956904411316,1.5660492181777954
icdg12y7q_myfits.fits,F160W,12,129.0,0,7,2013-10-17,00:14:46,14.970785000000001,15.992546081542967,8.346595764160156,129.11094665527344,222.31446838378903,10.0,1.0030900239944458,0.0590713769197464,2.049152374267578,2277.293428932088,12.67387984650448,1.394025802612305,1.5752445459365845
icdg12y8q_myfits.fits,F160W,12,129.0,0,7,2013-10-17,00:15:19,14.970785000000001,15.99724578857422,8.336502075195312,129.11215209960938,222.3042297363281,10.0,1.0023199319839478,0.07762131094932556,2.064246654510498,2295.830970667115,12.728137948331012,1.39758563041687,1.5712350606918335
icdg12y9q_myfits.fits,F160W,12,129.0,0,7,2013-10-17,00:15:52,14.970785000000001,15.998321533203125,8.345672607421875,129.11201477050778,222.3135070800781,10.0,1.0029799938201904,0.035810116678476334,2.079742908477783,2260.456120108876,12.624117602347047,1.3984931707382202,1.5825583934783936
icdg12yaq_myfits.fits,F125W,12,129.0,0,8,2013-10-17,00:16:31,29.663755,15.93915557861328,8.324501037597656,129.1917724609375,222.13189697265625,2.0,1.001439929008484,0.05544935166835785,1.4832656383514404,2582.661283453127,13.00211004042147,1.4557853937149048,1.4447083473205566
icdg12ybq_myfits.fits,F125W,12,129.0,0,8,2013-10-17,00:17:19,29.663755,15.94817352294922,8.319580078125,129.19143676757812,222.1368865966797,2.0,1.0013300180435178,0.05378162488341332,1.471730351448059,2578.406779639642,12.987574129198066,1.463002324104309,1.448089599609375
icdg12ycq_myfits.fits,F125W,12,129.0,0,8,2013-10-17,00:18:07,29.663755,15.931556701660154,8.33197021484375,129.18391418457028,222.13992309570312,2.0,1.0022100210189822,0.04502028971910477,1.4841670989990234,2587.232068060577,13.016678770259114,1.4539250135421753,1.4450472593307495
icdg12ydq_myfits.fits,F125W,12,129.0,0,8,2013-10-17,00:18:55,29.663755,15.948760986328125,8.329505920410156,129.19725036621094,222.13504028320312,2.0,1.0024299621582031,0.07324893772602081,1.4696722030639648,2552.953379899105,12.902785871869073,1.4694299697875977,1.4522593021392822
icdg12yeq_myfits.fits,F160W,12,129.0,0,9,2013-10-17,00:19:49,14.970785000000001,16.002395629882812,8.356475830078125,129.11424255371094,222.32925415039062,10.0,1.0029799938201904,0.10134628415107727,2.0630760192871094,2239.8112954011863,12.563062204035539,1.4004379510879517,1.6007299423217771
icdg12yfq_myfits.fits,F160W,12,129.0,0,9,2013-10-17,00:20:22,14.970785000000001,16.012321472167972,8.360466003417969,129.11532592773438,222.3284912109375,10.0,1.0049600601196291,0.053747229278087616,2.075924634933472,2223.154199217526,12.512685359521166,1.4034498929977417,1.6047848463058472
icdg12ygq_myfits.fits,F160W,12,129.0,0,9,2013-10-17,00:20:55,14.970785000000001,16.003952026367188,8.344596862792969,129.14385986328122,222.37017822265625,10.0,1.0067200660705566,0.044192925095558167,2.0925610065460205,2115.6815888953506,12.188673759073193,1.433637261390686,1.6637699604034424
icdg12yhq_myfits.fits,F160W,12,129.0,0,9,2013-10-17,00:21:28,14.970785000000001,16.01983642578125,8.371696472167969,129.11407470703122,222.3316192626953,10.0,1.0074900388717651,0.01653019897639751,2.072133302688598,2219.367114417184,12.502190268517149,1.4030086994171145,1.6041043996810913
icdg12yiq_myfits.fits,F160W,12,129.0,0,9,2013-10-17,00:22:01,14.970785000000001,16.014114379882812,8.362495422363281,129.10786437988278,222.3398742675781,10.0,1.002924919128418,0.02717637084424496,2.0504834651947017,2212.8485508301515,12.482914444387019,1.4036377668380735,1.6165111064910889
icdg12yjq_myfits.fits,F125W,12,129.0,0,10,2013-10-17,00:22:40,29.663755,15.885818481445312,8.272933959960938,129.21951293945312,222.16537475585938,2.0,1.0015499591827393,0.08727660030126573,1.5289894342422483,2371.1284965101786,11.185881442926942,1.5095552206039429,1.5044851303100586
icdg12ykq_myfits.fits,F125W,12,129.0,0,10,2013-10-17,00:23:28,29.663755,15.79058837890625,8.220108032226562,129.2103271484375,222.16505432128903,2.0,1.0036400556564329,0.0752900019288063,1.5581421852111816,2439.6861991181727,12.520510550885172,1.5034134387969968,1.5006775856018066
icdg12ylq_myfits.fits,F125W,12,129.0,0,10,2013-10-17,00:24:16,29.663755,15.945877075195312,8.328620910644531,129.19577026367188,222.14488220214844,2.0,1.0024299621582031,0.08149058371782303,1.4588998556137085,2553.1201301621454,12.90327131387136,1.487105131149292,1.4829732179641724
icdg12ymq_myfits.fits,F125W,12,129.0,0,10,2013-10-17,00:25:04,29.663755,15.96038818359375,8.344718933105469,129.19526672363278,222.1518859863281,2.0,1.005620002746582,0.09252894669771193,1.4917050600051882,2523.5122064813268,12.804183712829934,1.4772320985794067,1.4641414880752563
icdg12ynq_myfits.fits,F160W,12,129.0,0,11,2013-10-17,00:25:58,14.970785000000001,15.899398803710938,8.250595092773438,129.09701538085938,222.32110595703125,10.0,1.0035300254821775,0.050356876105070114,2.0767343044281006,2169.602232203363,12.351515334243599,1.4127391576766968,1.6102653741836548
icdg12yoq_myfits.fits,F160W,12,129.0,0,11,2013-10-17,00:26:31,14.970785000000001,16.023139953613278,8.390495300292969,129.11106872558594,222.33790588378903,10.0,1.0068299770355225,0.016333317384123802,2.083252429962158,2225.418382438868,12.519999409540086,1.4086562395095823,1.6274313926696775
icdg12ypq_myfits.fits,F160W,12,129.0,0,11,2013-10-17,00:27:04,14.970785000000001,16.020050048828125,8.375785827636719,129.1187744140625,222.3437042236328,10.0,1.0022100210189822,0.04402272403240204,2.077898979187012,2195.811253125693,12.431366495709916,1.4097917079925537,1.6318018436431885
icdg12yqq_myfits.fits,F160W,12,129.0,0,11,2013-10-17,00:27:37,14.970785000000001,16.01043701171875,8.366920471191406,129.11795043945312,222.3467559814453,10.0,1.0067200660705566,0.004295304883271457,2.0746109485626216,2174.665997825179,12.368330718470487,1.4085369110107422,1.6319943666458132
icdg12yrq_myfits.fits,F160W,12,129.0,0,11,2013-10-17,00:28:10,14.970785000000001,16.035346984863278,8.389091491699219,129.1300048828125,222.36639404296875,10.0,1.004520058631897,0.05825134366750717,2.0989429950714107,2111.2218499404034,12.176061711284158,1.429398775100708,1.6525275707244873
icdg12ysq_myfits.fits,F125W,12,129.0,0,12,2013-10-17,00:28:49,29.663755,15.93121337890625,8.339935302734375,129.20693969726562,222.16883850097656,2.0,1.0037500858306885,0.07499828189611435,1.4729584455490112,2445.056473983786,11.425404846967284,1.5140122175216677,1.5145124197006226
icdg12ytq_myfits.fits,F125W,12,129.0,0,12,2013-10-17,00:29:37,29.663755,15.965530395507812,8.35479736328125,129.19650268554688,222.1590576171875,2.0,1.0063900947570799,0.09055227041244507,1.4424514770507812,2475.025833631845,12.641495004835381,1.4743592739105225,1.485696792602539
icdg12yuq_myfits.fits,F125W,12,129.0,0,12,2013-10-17,00:30:25,29.663755,15.942489624023438,8.339790344238281,129.19371032714844,222.16275024414062,2.0,1.0033100843429563,0.093452550470829,1.4641480445861816,2500.693425754517,12.72792966264537,1.471112608909607,1.4730950593948364
icdg12yvq_myfits.fits,F125W,12,129.0,0,12,2013-10-17,00:31:13,29.663755,15.961540222167967,8.351325988769531,129.19802856445312,222.1645355224609,2.0,1.0037500858306885,0.1320171356201172,1.4539098739624023,2479.5614759288546,12.657126237309015,1.4824340343475342,1.4834779500961304
